AXP,American Express Company Common Stock,NASDAQ
40.81,40.92,41.10,40.39
40.83,40.83,41.23,40.37
41.23,41.49,41.67,41.17
41.26,41.98,42.24,41.11
41.76,41.95,42.48,41.40
41.74,41.47,41.96,41.25
41.27,42.02,42.35,41.25
41.85,42.15,42.24,41.57
42.04,42.68,42.74,42.02
42.52,42.39,42.84,42.02
42.24,42.96,43.05,42.11
42.93,42.98,43.25,42.26
42.99,42.16,43.10,41.53
41.36,38.59,41.49,38.19
39.10,37.79,39.29,37.50
37.54,38.10,39.23,37.52
37.96,38.67,38.84,37.83
38.67,37.43,38.67,36.83
37.60,37.66,38.77,37.36
37.84,38.21,38.31,37.82
38.68,39.02,39.17,38.45
38.91,38.33,38.91,38.19
38.03,37.53,38.58,37.47
37.66,37.85,37.97,36.60
37.76,36.79,37.87,36.78
37.27,37.54,37.84,37.02
37.58,37.75,38.04,37.00
37.81,38.29,38.48,37.48
37.79,38.42,38.54,37.47
38.81,39.62,39.63,38.66
39.53,39.05,39.58,38.82
39.07,39.15,39.27,38.74
38.89,39.06,39.18,38.59
39.10,38.93,39.24,38.78
38.74,37.93,38.74,37.82
38.10,38.41,38.70,38.02
37.67,38.04,38.13,37.05
38.15,38.19,38.32,37.76
38.20,38.13,38.28,37.86
38.12,38.39,38.94,38.10
38.46,38.28,38.95,38.18
38.25,38.89,39.00,38.20
39.10,40.20,40.25,39.10
40.22,39.71,40.34,39.61
39.54,39.70,39.94,39.35
39.94,39.72,39.94,39.32
39.57,40.11,40.15,39.43
40.48,40.76,41.00,40.43
40.62,40.70,40.97,40.07
40.87,40.92,41.03,40.45
41.18,41.01,41.31,40.70
40.90,41.00,41.06,40.48
41.23,40.33,41.28,40.28
39.90,41.08,41.24,39.83
41.10,41.24,41.37,40.82
41.04,41.01,41.46,40.85
41.37,41.42,42.28,41.20
41.57,41.12,41.77,40.91
41.27,41.48,41.68,41.00
41.31,41.29,41.50,41.07
41.01,41.26,41.60,40.83
41.68,41.70,41.90,41.36
41.83,42.67,42.68,41.74
42.39,43.12,43.14,42.30
42.88,42.37,43.37,42.03
42.22,43.69,43.84,42.06
43.69,43.88,44.09,43.54
44.01,44.54,44.58,43.94
44.39,44.99,45.06,44.33
45.46,46.46,46.63,45.22
46.22,46.67,46.68,46.02
46.49,45.10,46.61,44.18
44.81,45.76,45.79,44.63
46.11,46.20,46.29,45.52
46.16,45.99,46.38,45.50
45.66,46.77,47.11,45.18
47.92,48.05,49.19,47.66
47.12,47.14,47.97,46.81
46.71,45.79,47.49,45.61
46.23,46.08,46.37,45.52
46.63,47.60,47.81,46.41
47.52,46.12,48.03,45.80
46.21,47.20,47.37,46.12
46.70,45.86,46.80,45.45
45.41,44.43,46.19,43.93
44.35,42.50,45.14,40.16
42.24,40.60,42.84,40.50
42.99,43.09,43.30,42.57
42.79,43.33,44.27,42.55
43.56,44.10,44.21,43.18
43.85,42.81,44.06,42.72
42.03,40.64,42.11,40.06
41.25,41.22,41.74,39.80
41.56,39.84,41.74,39.26
39.35,40.17,40.78,39.14
39.67,38.62,40.57,38.56
37.57,39.82,40.06,37.36
39.91,39.04,40.00,38.93
37.96,39.00,39.00,37.60
39.46,38.17,39.66,37.96
39.03,40.33,40.42,39.03
40.17,39.87,40.71,39.55
39.18,39.19,40.30,39.05
39.46,40.97,41.00,39.00
41.31,40.54,41.37,40.18
39.47,38.41,39.83,38.20
38.69,37.71,39.05,37.61
37.94,38.43,38.52,37.13
38.83,38.11,39.24,37.97
38.70,40.03,40.12,38.67
39.49,40.13,40.20,39.33
40.47,39.89,40.68,39.87
40.46,41.59,41.64,40.18
41.44,42.34,42.51,41.19
42.70,42.06,42.73,41.45
42.14,42.03,42.26,41.67
42.76,42.60,43.14,42.03
42.64,41.94,42.92,41.84
41.99,42.17,42.48,41.12
41.82,41.06,42.34,40.94
41.51,42.67,42.67,40.94
42.52,42.11,42.74,41.81
41.49,40.09,41.54,39.75
39.82,39.70,40.60,39.58
39.55,39.48,40.08,38.42
39.81,39.42,39.89,38.91
40.16,39.21,40.33,38.74
39.07,41.15,41.22,39.02
41.70,42.12,42.18,41.41
42.11,42.58,42.61,41.93
42.40,42.83,42.96,42.25
43.27,44.17,44.43,43.26
43.95,43.70,44.17,43.27
43.97,43.43,44.00,42.34
43.10,41.38,43.17,41.25
41.50,41.58,41.84,40.46
40.87,42.06,42.21,40.76
42.31,41.15,42.65,41.00
41.87,43.19,43.49,41.76
43.14,44.79,44.87,42.57
44.81,45.43,45.55,44.73
45.59,44.55,45.68,44.30
44.60,44.58,44.98,44.20
44.76,44.56,45.00,44.00
43.74,44.64,44.89,43.74
45.01,44.99,45.20,44.78
44.84,44.60,45.00,44.41
44.75,44.11,45.04,43.59
43.77,43.22,44.00,42.89
42.56,43.50,43.50,42.49
43.81,43.75,44.05,43.37
43.19,44.09,44.22,43.09
43.31,42.96,43.39,42.85
42.51,42.15,42.96,42.05
42.10,41.73,42.32,41.72
41.53,41.54,41.96,41.28
41.88,41.74,42.01,41.47
41.73,41.69,41.89,41.12
41.45,40.96,41.53,40.90
41.00,40.76,41.07,40.06
40.95,40.20,40.95,40.17
39.72,39.57,39.98,39.24
39.39,39.80,39.94,39.14
40.02,39.73,40.38,39.46
40.00,40.91,40.93,39.56
40.69,39.89,40.92,39.87
39.73,39.87,40.39,39.47
40.55,41.07,41.35,40.34
41.27,40.88,41.28,40.06
41.30,41.80,41.83,41.22
41.48,40.09,41.53,40.04
40.33,40.07,40.66,39.76
40.75,40.69,41.06,40.07
40.72,40.19,40.72,39.99
40.75,41.22,41.41,40.65
40.96,40.38,41.14,40.16
40.10,40.85,40.94,39.80
40.79,40.96,41.12,40.58
41.04,41.37,41.48,40.65
41.56,43.12,43.29,41.56
43.16,42.78,43.38,42.66
42.51,42.79,43.13,42.16
42.36,42.36,43.00,42.21
42.91,43.13,43.23,42.68
43.25,43.44,43.80,42.74
43.50,43.69,43.87,42.96
43.50,43.01,43.93,42.78
43.35,42.03,43.50,41.98
42.37,41.78,42.56,41.55
41.59,39.05,41.79,38.68
39.30,38.28,39.33,37.33
38.46,38.02,38.68,37.92
38.18,37.82,38.18,37.77
37.88,37.99,38.17,37.59
38.17,37.94,38.45,37.90
37.94,38.54,38.76,37.90
38.92,39.26,39.86,38.74
39.12,39.44,39.61,39.01
39.75,39.09,39.80,39.03
39.01,39.55,39.58,38.75
39.39,39.31,40.37,39.15
39.50,39.73,39.94,39.36
39.76,40.27,40.35,39.62
40.40,39.03,40.49,38.96
39.09,39.30,39.68,38.88
39.14,40.10,40.25,39.14
39.69,40.68,40.79,39.62
40.91,41.22,41.58,40.86
41.09,41.46,41.48,40.91
41.49,41.56,41.97,41.35
41.95,42.39,42.59,41.84
42.39,42.07,42.55,41.46
42.63,43.73,43.92,42.25
43.61,44.07,44.27,43.61
43.68,43.90,44.00,43.36
43.98,43.36,44.05,43.19
43.53,43.56,43.66,43.04
43.33,43.35,43.54,43.01
42.93,42.70,43.32,42.39
42.95,42.70,43.37,42.64
42.30,41.93,42.65,41.49
41.90,41.41,42.09,41.41
41.89,42.25,42.52,41.89
42.16,42.75,42.80,41.97
42.47,42.22,42.75,41.86
41.67,41.95,42.19,41.60
42.51,43.00,43.06,42.34
42.50,42.27,42.63,42.27
42.08,43.33,43.44,41.87
42.75,43.22,43.40,42.62
43.84,44.30,44.48,43.69
44.41,44.98,45.07,44.25
44.66,44.88,45.00,44.42
44.66,45.00,45.06,44.55
45.46,44.78,45.64,44.74
44.90,45.63,45.65,44.80
45.79,45.81,45.90,45.29
45.76,46.26,46.35,45.75
46.47,46.37,46.78,46.14
46.29,46.20,46.77,46.08
46.09,46.12,46.78,45.80
46.08,44.57,46.41,44.54
44.49,44.01,44.84,43.86
43.58,42.50,44.86,41.25
42.97,43.23,43.40,42.80
43.27,42.81,43.39,42.62
43.03,42.77,43.35,42.57
42.72,43.05,43.25,42.61
43.00,42.79,43.11,42.55
42.80,42.86,42.98,42.62
42.76,42.51,42.83,42.44
42.51,42.92,42.97,42.40
43.30,43.40,43.62,43.11
44.41,43.95,44.41,43.20
44.09,45.04,45.16,43.91
45.38,44.73,45.60,44.45
44.93,44.36,44.96,44.00
44.20,44.46,44.64,44.01
44.98,45.04,45.44,44.80
45.44,45.00,45.79,44.83
44.81,45.06,45.36,44.75
44.93,46.25,46.56,44.90
46.03,46.37,46.71,45.80
45.20,45.24,45.70,44.80
44.74,45.27,45.65,44.71
45.76,46.00,46.20,45.51
46.05,45.79,46.28,45.45
44.87,44.80,45.25,44.19
44.91,44.46,44.94,44.45
44.49,44.54,44.78,44.02
44.55,43.86,44.60,43.42
44.13,43.38,44.23,43.28
43.54,43.60,43.88,43.23
43.39,43.72,44.05,43.33
43.65,43.53,43.74,43.15
43.53,43.82,43.90,43.18
43.96,44.82,45.10,43.88
44.66,45.88,45.97,44.62
45.60,45.72,46.05,45.20
45.66,46.57,46.58,45.35
46.27,46.75,46.79,46.24
46.42,46.52,46.93,46.26
46.50,46.19,46.85,45.90
46.42,46.86,46.92,46.27
46.55,45.78,46.68,45.68
45.60,45.53,45.67,45.15
44.94,44.29,45.12,44.07
44.20,43.44,44.52,43.01
43.28,43.56,43.94,43.03
43.59,43.53,43.77,43.08
43.73,43.57,43.95,43.30
43.70,43.15,43.94,43.11
43.06,43.02,43.42,42.75
43.43,44.30,44.44,43.43
44.36,43.72,44.68,43.21
43.86,43.71,44.58,43.53
43.96,45.24,45.54,43.91
45.20,45.05,45.37,44.63
44.60,44.02,44.68,43.77
43.78,44.28,44.31,43.68
43.86,43.91,44.21,43.22
42.95,43.64,43.96,42.58
43.37,42.36,43.71,42.19
43.02,43.42,43.46,42.86
44.07,44.17,44.47,43.69
44.75,44.32,44.86,44.10
44.36,44.75,45.00,44.14
44.62,45.02,45.11,44.46
45.25,45.59,45.60,44.72
45.56,45.59,45.61,45.13
45.54,45.72,46.10,45.51
45.69,45.65,45.99,45.34
46.06,45.91,46.29,45.72
45.83,45.20,46.01,45.11
45.70,45.36,45.77,45.20
45.61,45.42,45.62,45.15
45.24,45.42,45.61,45.10
45.59,46.28,46.41,45.52
46.20,46.16,46.37,45.71
46.24,46.28,46.49,45.94
46.36,46.38,46.95,46.24
46.22,46.02,46.43,45.82
46.32,46.10,46.59,45.82
45.92,45.88,46.11,45.60
46.10,46.25,46.49,45.86
45.85,46.06,46.19,45.27
46.10,46.64,46.83,45.81
46.89,47.00,47.48,46.76
46.47,47.11,47.31,45.62
47.19,47.05,47.50,47.02
47.10,47.10,47.24,46.77
47.15,47.62,47.72,46.93
47.55,48.52,48.57,47.25
48.33,49.08,49.15,48.31
49.37,49.65,49.81,49.08
49.66,49.90,50.09,49.60
49.95,49.70,50.00,49.40
49.53,49.52,49.96,49.24
49.90,50.20,50.47,49.82
50.06,50.19,50.42,49.93
50.42,50.17,50.46,49.94
50.14,49.83,50.20,49.74
49.79,49.54,49.80,49.22
49.77,49.49,49.99,49.30
49.42,50.07,50.61,49.17
49.94,50.76,50.80,49.75
50.79,51.06,51.10,50.55
51.19,51.82,51.93,51.10
51.75,51.19,51.97,51.05
50.74,51.12,51.26,50.44
51.15,50.56,51.38,50.48
50.44,50.41,50.69,49.79
50.15,50.68,50.91,50.14
50.83,51.13,51.23,50.70
51.39,51.60,51.70,51.07
51.31,49.91,51.33,49.87
49.99,50.09,50.46,49.48
49.45,49.28,49.84,49.04
49.13,48.78,49.33,48.43
49.05,48.89,49.38,48.68
48.83,48.10,49.30,47.93
48.02,48.33,49.01,47.91
48.20,47.74,48.29,47.33
47.96,48.24,48.31,47.62
48.54,48.15,49.14,48.04
47.94,47.28,47.94,46.96
47.25,48.41,48.53,46.92
48.68,48.50,48.76,48.08
48.35,48.88,49.35,48.15
49.02,49.55,49.69,48.71
49.55,49.85,50.15,49.11
49.35,49.21,49.47,48.50
49.30,48.34,49.36,48.30
48.49,49.54,49.78,48.37
49.67,49.82,49.99,49.41
49.84,50.92,51.04,49.30
50.97,51.70,51.82,50.17
51.69,52.34,52.50,51.57
52.27,52.33,52.63,52.23
52.21,52.76,52.86,51.82
52.78,53.59,53.80,52.74
52.95,53.07,53.10,52.56
52.50,52.27,52.86,52.11
52.92,52.40,53.36,52.38
52.57,51.95,53.10,51.88
52.24,51.38,52.42,51.30
51.60,51.81,52.08,51.02
51.50,51.33,51.67,50.54
51.74,51.81,52.62,51.19
52.17,52.09,52.70,51.61
52.23,52.58,53.28,51.92
52.99,52.24,53.03,52.04
51.66,51.81,52.30,51.43
51.71,51.57,51.89,51.15
51.24,50.48,51.26,50.41
50.60,50.55,51.28,50.44
50.13,50.04,50.37,49.54
50.49,50.02,50.61,49.28
49.39,48.52,49.97,48.50
48.49,48.86,48.94,47.53
48.05,46.84,48.41,46.75
47.42,47.21,48.28,46.46
45.85,43.04,46.77,42.67
43.58,46.10,46.13,42.03
44.70,42.80,45.04,42.73
43.22,45.07,45.78,43.00
45.92,44.89,46.74,44.62
45.16,45.82,45.98,45.02
45.19,44.89,45.86,44.53
45.27,45.86,45.90,45.11
44.30,44.28,44.44,43.65
43.86,44.47,45.15,43.78
45.20,44.60,45.46,44.40
44.70,46.42,46.43,44.16
46.42,48.08,48.24,46.23
48.74,48.09,49.28,47.20
47.93,48.48,48.79,47.04
49.21,48.55,49.35,48.32
48.37,48.66,49.06,47.63
49.00,49.71,49.98,48.82
49.64,49.50,49.99,49.31
48.67,48.51,49.23,48.11
47.25,48.06,48.17,47.13
48.73,49.98,49.98,48.69
49.22,49.53,50.53,49.10
49.08,47.28,49.24,47.14
46.34,47.46,47.63,46.13
47.56,47.90,48.09,46.99
48.16,48.99,49.61,47.24
49.62,49.36,49.75,48.61
49.63,50.12,50.18,49.45
49.26,48.68,49.44,48.22
48.98,49.27,49.98,48.76
49.39,48.23,50.35,48.18
47.25,46.63,48.12,45.84
46.19,46.45,46.62,45.58
46.85,47.56,47.62,45.86
48.65,47.08,48.66,46.75
47.45,46.47,48.03,46.45
47.59,46.72,47.80,45.43
46.08,44.90,46.15,44.87
44.52,43.48,45.48,43.47
42.51,43.43,43.56,41.30
43.45,43.41,43.62,42.59
43.30,44.43,44.52,42.66
44.67,43.43,44.89,43.27
44.45,45.45,45.49,44.45
45.27,45.76,46.11,44.77
46.11,47.03,47.65,45.99
46.40,46.33,46.71,45.91
47.18,46.10,47.22,44.98
45.87,45.12,46.15,45.02
45.21,46.68,47.04,45.00
46.71,46.13,46.99,46.01
45.50,46.19,46.29,44.69
46.86,48.46,48.47,46.86
48.32,49.92,50.24,48.32
49.51,49.42,50.30,49.24
50.00,50.45,50.84,49.42
51.57,51.81,52.35,51.06
51.48,52.10,52.21,51.41
51.32,50.62,52.04,50.59
49.58,48.99,50.12,48.91
49.87,50.32,50.86,49.74
50.78,51.68,51.82,50.05
51.27,51.18,51.42,50.51
50.87,51.25,51.33,50.28
51.56,51.34,51.60,50.70
50.39,49.21,50.64,49.05
49.85,49.09,49.94,48.73
49.97,50.37,50.58,49.72
49.79,49.45,50.11,49.04
49.23,49.95,50.39,49.02
49.29,48.12,49.52,48.01
48.03,46.70,48.21,46.36
46.95,46.88,47.10,46.38
46.15,46.06,46.39,45.50
46.01,46.00,46.31,45.53
45.50,45.10,45.69,44.95
44.86,45.00,45.40,44.70
46.07,46.01,46.56,45.55
46.15,45.55,46.26,45.49
47.11,48.04,48.07,46.80
47.70,47.79,48.09,47.38
48.34,48.23,49.02,48.14
49.16,48.78,49.31,48.36
48.88,48.56,48.98,48.42
48.17,49.16,49.39,47.67
48.83,47.81,49.01,47.63
48.54,48.80,49.04,48.14
48.19,47.89,48.26,47.41
48.57,47.39,48.64,46.94
46.84,47.08,47.49,46.81
47.62,46.42,47.72,46.34
46.84,46.88,47.37,46.64
46.87,46.04,47.08,45.89
46.69,47.92,48.10,46.63
48.12,47.49,48.49,47.23
47.74,47.63,48.00,47.28
47.73,47.95,47.96,47.36
47.96,47.66,48.17,47.60
47.73,46.97,47.80,46.84
47.17,47.52,47.57,46.99
47.65,47.17,47.69,47.14
48.30,48.39,48.96,48.14
48.02,48.24,48.38,47.40
47.84,48.80,49.25,47.70
48.87,48.27,48.97,48.05
48.32,48.39,48.70,48.12
48.96,48.67,49.12,48.28
48.45,48.95,49.08,48.20
49.19,49.65,49.69,48.95
49.13,49.76,49.80,48.82
49.59,50.22,50.45,49.59
50.13,50.56,50.97,49.95
50.71,50.95,51.00,50.46
49.13,50.04,50.08,48.84
50.02,49.44,50.64,49.24
49.10,49.23,49.60,48.90
49.40,50.17,50.50,49.25
50.37,49.98,50.68,49.72
49.67,49.85,50.28,49.67
49.43,49.12,49.46,48.90
49.50,50.14,50.19,49.17
50.37,50.62,50.94,50.27
50.72,51.16,51.43,50.60
51.85,52.25,52.45,51.78
51.88,51.81,52.12,51.36
51.53,52.13,52.61,51.53
51.84,51.64,52.09,51.42
51.85,52.31,52.60,51.83
51.82,51.81,52.20,51.53
52.24,52.07,52.30,51.81
52.02,51.96,52.17,51.50
52.42,51.52,52.42,51.38
51.54,52.87,53.03,51.50
53.31,52.86,53.31,52.68
52.72,52.85,52.99,52.53
52.77,52.79,53.09,52.71
52.79,52.67,53.03,52.46
52.93,53.33,53.42,52.79
52.93,54.18,54.45,52.62
53.57,53.76,53.97,53.07
53.46,52.89,53.84,52.57
53.03,53.57,53.88,52.93
53.56,52.99,53.58,52.83
52.65,52.97,53.01,52.31
52.42,51.74,52.54,51.54
51.84,52.27,52.41,51.76
52.74,52.95,53.09,52.49
53.03,53.20,53.47,52.81
53.20,52.77,53.24,52.51
53.17,54.25,54.25,52.75
54.66,56.15,56.28,54.46
56.06,56.72,56.76,55.66
57.31,56.55,57.38,56.43
56.60,57.27,57.50,56.41
56.72,56.91,57.24,56.53
57.08,57.05,57.50,56.91
56.78,57.29,57.55,56.45
57.28,57.25,57.53,56.87
57.75,58.66,58.75,57.60
59.00,58.22,59.18,58.21
58.38,59.06,59.26,58.38
58.28,57.89,58.44,57.24
58.18,57.86,58.31,57.54
57.90,58.01,58.33,57.48
57.89,58.39,58.50,57.75
57.98,57.37,58.09,57.21
57.23,58.10,58.20,57.21
57.22,57.16,57.37,56.82
57.10,56.18,57.59,56.14
56.80,56.95,57.16,56.65
57.04,58.04,58.07,56.73
58.01,57.28,58.09,57.18
57.73,57.83,58.06,57.06
57.96,58.18,58.39,57.65
58.16,58.04,58.70,57.95
57.72,57.57,58.31,57.10
57.52,57.45,57.82,57.18
56.96,57.32,57.39,56.50
57.24,57.63,57.76,57.09
57.94,58.91,59.00,57.83
58.85,59.59,59.72,58.75
59.85,60.17,60.96,59.83
60.05,60.21,60.31,59.75
59.95,60.97,61.17,59.67
60.50,61.05,61.42,60.33
61.13,60.86,61.33,60.38
60.68,60.10,60.71,60.04
60.06,60.10,60.65,59.91
59.86,59.89,60.20,59.16
59.17,59.46,59.99,58.93
59.87,59.42,59.95,59.26
59.17,59.64,60.07,59.00
59.02,58.42,59.44,58.38
58.42,57.94,58.87,57.78
58.34,57.39,58.79,57.35
57.37,55.65,57.43,55.62
55.74,55.40,55.84,55.05
55.82,56.33,56.52,55.56
56.48,56.35,57.24,56.04
55.82,55.97,56.10,54.80
55.99,56.34,56.36,55.69
56.28,55.81,56.36,55.62
56.25,56.56,56.78,55.94
55.84,55.46,55.99,55.28
55.58,55.83,56.16,55.02
54.62,53.43,55.32,53.18
53.47,53.51,54.11,53.20
53.46,53.98,54.10,53.24
54.61,55.38,55.38,54.23
56.06,55.24,56.37,55.11
55.13,55.86,55.86,54.84
56.46,55.10,56.61,55.05
55.16,56.48,56.54,55.00
56.15,55.10,56.50,54.86
55.11,55.05,55.27,54.47
55.48,56.28,56.33,55.11
56.09,55.85,56.30,55.55
56.19,56.94,57.16,56.07
57.12,57.44,57.87,56.91
57.59,56.32,57.87,56.22
56.81,56.79,57.10,56.41
56.29,56.05,56.52,55.78
56.01,56.11,56.34,55.60
56.34,56.88,56.96,56.28
56.40,56.69,56.76,55.68
57.65,58.21,58.21,57.63
58.51,59.05,59.11,58.36
58.72,59.41,59.46,58.55
59.14,59.25,59.73,58.72
58.54,58.63,59.07,58.38
58.49,58.41,58.61,58.01
59.04,58.39,59.69,58.13
58.29,58.08,58.29,57.46
57.47,56.93,57.50,56.56
57.02,57.93,57.97,56.96
58.06,58.64,58.95,57.70
59.22,58.68,59.22,57.67
58.29,58.29,58.97,58.12
57.66,56.23,57.66,55.31
55.92,55.81,56.50,55.62
54.73,55.73,55.96,54.35
55.71,55.63,55.92,55.05
55.82,56.05,56.28,55.30
56.87,57.76,57.87,56.61
58.06,58.53,58.78,57.44
58.53,58.29,59.07,58.20
58.19,57.71,58.34,57.22
57.52,56.80,57.86,56.75
56.38,56.49,56.71,55.89
57.20,57.61,57.79,57.00
57.81,57.10,57.98,57.08
57.38,57.64,58.14,57.36
57.53,57.91,58.38,57.36
57.55,56.47,57.67,56.29
56.22,55.85,56.30,55.40
55.77,56.13,56.24,55.37
56.37,56.08,56.78,55.95
56.07,56.66,56.90,55.95
56.74,57.37,57.54,56.66
57.51,57.59,57.67,57.08
57.37,56.90,57.37,56.63
57.00,56.60,57.15,56.46
56.54,56.82,57.07,56.38
56.60,56.42,56.80,56.36
56.42,57.49,57.60,56.30
57.60,57.42,57.86,57.20
57.18,57.56,57.81,56.96
57.59,57.42,57.76,57.18
57.21,57.17,57.46,56.62
57.55,58.30,58.44,57.05
58.35,58.61,58.86,57.96
58.41,57.19,58.59,57.01
57.52,57.41,58.00,57.23
57.36,57.73,57.85,57.07
57.89,57.52,58.03,57.47
57.29,57.23,57.48,56.80
57.18,57.27,57.77,57.02
57.39,59.05,59.29,57.25
59.24,59.27,59.30,58.85
59.25,59.18,59.37,59.02
58.93,58.67,58.99,58.57
58.63,58.67,59.04,58.52
58.40,58.34,58.83,58.04
58.45,57.86,58.58,57.86
57.56,57.67,57.84,57.41
57.80,57.13,58.27,57.10
57.14,56.14,57.23,56.06
56.66,56.57,56.82,56.05
56.46,56.86,57.21,56.15
57.18,57.73,58.39,57.18
57.99,57.18,58.23,56.96
57.16,57.40,57.56,56.85
57.80,58.37,58.67,57.63
58.66,58.56,58.73,58.18
58.49,58.82,58.89,58.34
58.88,58.24,59.00,58.11
58.41,57.97,58.69,57.76
58.30,58.47,58.60,58.15
58.34,57.89,58.50,57.46
57.78,57.59,57.98,57.32
57.89,58.63,58.72,57.89
58.91,59.37,59.40,58.66
58.83,57.61,58.97,57.38
57.65,56.86,57.70,56.51
56.76,56.74,57.10,56.22
56.19,55.38,56.27,55.36
55.61,55.23,55.95,55.08
55.55,55.44,55.67,54.95
55.48,55.75,56.09,55.33
55.96,55.97,56.06,55.37
56.15,56.85,57.12,55.99
57.39,56.71,57.43,56.62
56.21,56.36,56.49,55.85
56.54,57.19,57.48,56.47
56.63,55.57,56.63,55.27
55.60,55.56,56.29,55.50
55.60,55.83,56.37,55.52
56.00,55.52,56.10,55.33
55.06,54.74,55.52,54.71
54.76,53.65,55.00,53.47
53.59,53.64,53.95,53.02
53.59,54.30,54.57,53.58
54.81,55.23,55.26,54.68
55.09,55.86,55.88,54.92
55.97,55.98,56.17,55.80
56.19,56.51,56.55,56.09
56.25,55.69,56.34,55.47
55.46,54.44,55.72,54.35
54.16,55.51,55.60,54.16
55.75,55.92,56.26,55.52
55.86,55.90,56.09,55.71
56.09,55.99,56.53,55.93
55.90,55.84,56.19,55.47
55.89,56.40,56.66,55.75
56.30,56.12,56.33,55.88
56.25,56.61,56.64,56.20
56.67,56.75,56.95,56.42
57.00,57.06,57.59,56.92
57.35,57.67,58.35,57.18
57.66,57.72,58.00,57.50
57.51,56.65,57.65,56.51
56.90,57.27,57.35,56.79
57.75,57.82,58.22,57.61
57.42,56.79,57.69,56.74
56.89,57.40,57.41,56.82
57.19,57.65,57.81,56.36
57.55,57.53,57.94,57.44
57.62,57.13,57.71,57.06
57.16,56.69,57.25,55.88
56.44,56.67,57.04,56.37
56.47,57.48,57.49,56.24
58.33,58.75,58.95,58.31
58.80,59.00,59.26,58.63
59.08,59.61,59.66,58.46
59.28,59.86,59.99,59.28
59.68,60.20,60.32,59.53
60.42,60.26,60.90,60.15
60.44,60.79,60.79,60.09
60.50,61.24,61.97,60.31
60.78,61.21,61.39,60.71
60.15,60.76,60.84,60.03
60.82,60.62,60.85,60.48
61.10,60.74,61.20,60.58
59.87,59.78,60.28,58.90
59.62,59.40,59.90,59.01
59.22,58.93,59.29,58.80
59.14,59.30,59.51,59.01
59.57,59.50,59.70,59.19
59.36,59.07,59.55,58.70
59.08,59.45,59.57,58.95
59.24,59.33,59.67,59.16
59.37,58.81,59.82,58.81
59.33,59.91,60.12,59.30
59.46,59.41,59.74,59.21
59.78,60.66,60.90,59.68
59.93,60.56,60.81,59.93
60.56,62.14,62.34,60.55
62.06,61.80,62.33,61.48
61.70,61.98,62.05,61.36
62.09,62.20,62.56,61.95
62.45,62.10,62.76,61.89
62.08,62.34,62.65,61.83
62.57,61.69,62.68,61.43
61.67,62.28,62.40,61.67
62.06,61.91,62.47,61.87
61.87,61.54,62.00,61.14
61.86,62.57,62.58,61.79
62.77,62.02,63.00,61.99
62.06,61.92,62.18,61.55
61.73,62.50,62.60,61.63
62.43,62.15,62.65,61.88
61.84,62.37,62.49,61.51
62.22,62.89,63.00,62.04
63.26,64.12,64.42,63.06
64.41,64.65,64.94,64.35
64.73,64.56,64.88,64.14
64.66,64.70,64.76,63.67
64.73,65.50,65.62,64.71
65.63,65.29,65.79,65.06
65.24,65.30,65.60,65.12
65.42,65.38,65.75,65.29
65.64,66.09,66.43,65.34
65.06,65.78,66.13,64.76
65.99,65.13,66.14,64.80
65.45,66.00,66.13,65.45
65.83,65.41,65.99,65.26
65.59,66.22,66.35,65.54
66.59,66.10,66.77,65.82
66.40,67.17,67.24,66.37
66.60,67.15,67.26,66.60
67.31,67.46,67.48,67.00
67.42,67.26,67.75,67.01
67.38,67.64,67.76,67.10
67.66,66.25,67.69,66.04
66.42,66.73,66.96,66.30
65.77,65.30,65.80,64.77
65.50,65.60,65.78,65.13
65.64,65.22,65.68,65.15
65.45,65.40,65.58,65.36
65.47,65.74,65.92,65.20
65.46,65.68,65.85,65.18
65.53,64.10,65.60,64.09
64.50,64.59,65.05,64.27
64.12,64.13,64.31,63.43
64.04,65.04,65.89,63.64
65.33,67.24,67.25,65.33
67.12,66.66,67.25,66.25
66.81,67.45,67.54,66.64
67.41,67.42,67.62,67.04
67.75,68.13,69.05,67.64
68.12,67.75,68.40,67.57
68.01,67.63,68.20,67.61
67.88,68.41,68.48,67.60
68.25,68.28,68.85,68.16
68.43,69.38,69.47,68.37
69.92,70.23,71.09,69.90
70.22,70.06,70.58,69.95
70.07,70.24,70.46,69.96
69.92,70.31,70.42,69.57
70.25,70.21,70.51,69.71
70.16,70.08,70.25,69.66
70.09,69.79,70.21,69.34
69.95,71.51,71.61,69.85
71.33,72.78,73.04,71.33
72.61,72.23,72.95,72.13
72.28,73.32,73.38,72.26
73.31,74.40,74.54,73.22
74.47,75.11,75.46,74.40
75.43,74.44,77.01,74.28
73.88,74.69,74.99,73.61
74.09,75.27,75.35,73.98
75.91,76.16,77.12,75.89
75.80,75.83,76.66,75.39
76.02,76.14,76.90,75.92
76.13,75.71,77.38,75.71
75.89,76.47,76.67,75.63
76.50,76.06,77.24,75.96
75.98,74.76,76.28,74.64
74.75,76.24,76.25,74.64
76.68,78.04,78.12,76.45
77.98,78.28,78.62,77.69
77.61,76.52,77.85,76.50
76.94,74.72,77.00,74.68
74.46,75.21,75.26,73.79
74.79,72.97,74.98,72.72
73.69,73.84,74.22,73.39
74.08,74.98,75.47,74.03
74.92,74.23,75.10,74.19
73.76,72.92,74.00,72.81
73.38,73.31,73.79,72.37
72.57,72.01,72.84,71.68
72.63,73.23,73.65,72.56
73.64,73.90,74.25,73.33
74.38,75.12,75.43,74.38
75.01,74.76,75.33,74.33
75.53,75.64,76.46,75.43
75.43,74.62,76.29,74.30
74.02,74.58,74.78,73.91
75.31,76.31,76.37,75.12
76.91,77.04,77.81,76.85
77.74,77.61,77.95,77.08
77.39,76.33,77.57,75.94
77.54,76.94,77.62,76.56
77.33,78.33,78.45,77.29
78.61,77.85,78.63,77.50
78.09,78.27,78.34,77.75
75.35,76.80,77.45,74.62
75.44,74.01,75.75,73.86
73.62,74.06,74.74,73.47
74.43,74.72,75.20,74.21
75.03,74.41,75.18,74.36
74.85,75.36,76.07,74.75
75.06,75.77,75.81,75.03
75.50,75.34,75.55,74.41
75.16,75.06,75.36,74.33
75.48,75.19,75.54,74.83
75.15,73.77,75.86,73.47
74.53,75.63,76.10,74.51
75.62,75.69,75.73,75.00
75.47,75.93,76.04,75.21
75.87,75.81,76.10,75.47
75.46,75.14,75.71,74.85
75.79,76.19,77.27,75.48
76.18,75.50,76.36,75.01
75.11,75.49,75.61,74.89
75.49,76.23,76.44,74.89
76.04,75.88,76.43,75.75
75.27,74.88,75.43,74.62
74.86,75.17,75.35,74.65
75.12,74.34,75.21,74.30
74.41,74.27,74.67,73.80
74.01,73.44,74.33,73.25
73.66,73.86,74.00,73.40
73.87,73.65,74.00,73.13
73.76,73.61,74.47,73.43
72.80,71.91,72.93,71.76
71.70,72.01,72.34,71.54
71.81,72.22,72.62,71.58
72.15,71.91,72.24,71.47
72.59,72.43,73.41,72.14
72.52,73.14,73.50,72.23
73.16,73.80,74.23,72.89
73.92,73.35,74.02,72.40
73.59,73.66,73.81,73.15
74.22,74.60,74.66,74.00
74.70,75.18,75.22,74.40
75.29,75.29,75.61,74.97
75.58,75.30,75.75,75.07
76.34,75.60,76.43,75.44
75.60,76.92,77.00,75.60
76.99,77.64,77.81,76.54
77.81,77.57,77.90,77.15
77.62,77.32,77.89,77.15
77.29,76.44,77.66,76.13
76.39,76.07,76.94,75.96
76.13,75.99,76.56,75.62
76.00,76.32,77.00,75.78
76.06,75.89,76.09,75.43
74.97,75.52,75.85,74.64
75.64,75.93,76.01,75.45
75.13,74.58,75.29,74.17
74.11,74.02,74.29,73.30
73.88,74.31,74.33,73.61
73.50,72.94,73.53,72.90
73.03,72.22,73.10,72.13
72.38,72.22,72.71,72.08
73.19,74.66,74.67,73.01
74.67,75.40,75.44,74.41
75.33,76.07,76.11,75.10
75.63,75.25,76.36,75.23
75.64,76.32,76.75,75.45
77.94,80.23,80.40,77.80
80.11,80.52,80.68,79.31
80.47,80.40,80.99,80.31
80.77,80.87,81.17,80.43
80.56,80.63,80.82,80.01
80.77,80.90,81.00,80.45
80.76,82.61,82.67,80.76
82.72,82.76,83.14,82.03
83.12,83.66,83.74,82.93
83.70,83.10,83.83,82.80
82.79,81.80,82.99,81.69
82.12,82.16,82.64,81.79
82.41,81.93,82.64,81.75
81.63,81.90,82.13,81.09
82.55,82.12,82.60,81.82
82.33,80.92,82.60,80.88
81.31,81.78,81.95,81.08
81.59,81.40,81.68,81.19
81.23,81.03,81.35,80.58
80.57,81.44,81.47,80.22
81.61,81.89,81.91,81.35
83.03,82.80,83.26,82.37
82.85,82.34,82.98,82.16
82.38,82.46,82.88,82.27
82.96,82.25,83.42,81.96
82.63,83.95,84.00,82.57
83.92,83.85,83.93,83.37
84.32,84.59,84.76,84.08
84.75,85.09,85.59,84.70
85.26,85.59,85.66,84.98
85.88,85.80,86.19,85.51
86.02,85.29,86.53,85.16
84.89,84.61,85.33,84.20
84.21,84.50,85.24,83.76
84.27,84.54,84.99,84.15
85.59,85.93,86.09,85.35
86.25,85.75,86.40,85.35
85.38,85.29,85.74,85.08
85.24,83.90,85.67,83.81
83.78,83.30,84.28,83.21
83.32,83.68,83.92,83.23
83.96,84.52,84.97,83.96
84.67,84.11,84.72,83.99
84.30,85.99,86.12,83.55
85.95,86.41,86.53,85.91
86.72,87.57,87.78,86.44
88.00,88.31,88.58,87.94
88.34,88.69,88.74,88.19
88.90,89.00,89.23,88.76
88.82,89.19,89.51,88.82
89.19,89.59,89.62,89.14
89.87,90.73,90.79,89.52
90.90,89.45,91.08,89.38
89.15,89.74,90.08,88.63
89.70,89.70,90.25,89.38
90.17,89.36,90.70,89.01
88.66,89.41,89.64,88.66
89.89,88.88,89.93,88.07
89.26,88.55,89.56,88.10
88.52,86.99,89.00,86.88
87.08,87.12,87.45,86.07
87.46,88.25,88.53,87.08
88.00,87.78,88.24,87.26
91.83,90.97,93.62,90.55
91.97,90.59,92.71,89.64
90.64,91.13,91.42,90.62
90.49,89.17,90.49,88.68
88.56,86.95,89.37,86.66
87.15,85.72,87.77,85.71
85.85,86.64,87.18,85.60
86.29,85.55,86.90,85.43
86.45,86.62,86.98,86.07
85.28,85.02,85.91,84.91
84.99,82.86,85.42,82.77
83.19,84.00,84.71,82.63
83.51,83.72,84.12,82.95
84.50,85.69,85.76,84.32
85.96,87.00,87.17,85.78
87.83,88.34,88.96,87.50
88.36,88.58,88.84,88.17
88.69,89.02,89.05,88.40
88.37,88.90,88.98,88.01
88.86,89.00,89.27,88.26
88.80,89.02,89.14,88.29
88.89,88.84,90.32,88.75
88.80,89.01,89.23,88.12
89.06,88.75,89.41,88.56
88.79,89.92,90.43,88.79
90.00,89.91,90.37,89.15
90.16,89.73,90.69,89.21
89.65,90.29,90.43,89.51
90.25,91.28,92.14,90.09
90.60,89.97,90.63,89.16
91.05,92.61,92.68,91.03
92.59,92.14,92.59,91.91
92.56,93.52,93.64,92.36
94.11,93.86,94.35,93.36
93.62,93.70,93.88,93.14
93.83,93.20,93.88,93.03
92.68,92.90,92.92,91.90
93.20,90.69,93.48,90.41
90.55,90.17,91.22,89.64
90.51,91.26,91.73,90.49
91.27,91.59,91.97,91.13
91.67,90.73,91.96,90.28
90.48,91.69,91.90,90.23
92.78,91.52,93.72,91.36
91.64,91.01,91.75,90.28
91.37,90.84,91.90,90.63
91.36,89.66,91.69,89.63
89.70,89.99,90.43,89.27
90.27,90.46,91.56,90.00
91.08,90.03,91.94,89.88
90.40,91.17,91.23,90.21
90.85,90.40,91.09,90.13
90.67,90.98,91.20,90.40
91.17,89.17,91.40,89.07
89.03,86.60,89.43,86.55
86.63,86.49,86.80,85.58
86.90,88.72,88.72,86.64
88.47,85.36,88.74,85.30
84.90,84.54,85.44,83.99
85.09,85.50,86.34,84.04
85.87,86.04,86.73,84.32
86.84,87.40,87.48,86.48
87.16,86.22,87.92,85.10
86.38,86.67,86.86,86.16
86.71,87.07,87.44,86.43
87.01,87.13,87.64,86.67
87.26,87.41,87.98,86.91
87.02,87.03,87.30,86.62
87.44,87.06,87.58,85.85
87.34,87.79,87.95,87.19
87.61,87.43,87.66,86.96
87.53,86.82,87.58,86.33
86.77,86.93,87.31,86.41
86.00,87.36,87.42,85.75
87.25,86.20,87.25,86.08
86.79,87.98,88.05,86.11
87.88,88.62,89.28,87.66
88.46,88.84,89.03,88.13
89.42,89.66,89.97,89.32
89.65,89.09,90.00,89.04
89.17,88.46,89.43,88.31
88.20,87.60,88.58,87.11
87.60,87.50,87.76,86.90
87.18,88.12,88.22,87.11
87.82,87.09,88.05,86.86
87.57,87.86,88.14,87.38
87.79,88.15,88.39,87.55
88.11,88.78,88.86,88.00
89.60,91.39,91.47,89.35
91.31,91.06,91.36,90.63
91.12,91.28,91.30,90.53
91.00,91.50,91.68,90.89
91.79,91.89,92.11,91.43
91.61,91.73,91.85,91.27
91.59,91.81,91.90,91.33
91.92,92.80,93.21,91.53
92.94,94.91,94.94,92.82
95.08,95.57,95.88,94.65
95.09,95.28,95.39,94.68
94.94,95.08,95.26,94.64
95.35,94.76,95.48,94.36
94.95,94.85,95.17,94.38
94.36,94.37,94.75,93.84
94.37,94.66,95.20,94.01
94.75,95.56,95.59,94.08
95.46,95.07,95.70,94.53
95.58,95.54,96.04,95.02
95.33,95.51,95.75,94.78
95.09,94.43,95.55,94.25
94.26,94.64,95.21,94.20
94.83,94.30,94.94,93.54
94.25,94.93,95.05,94.13
95.00,94.87,95.34,94.55
95.42,95.35,96.24,95.28
95.19,95.21,95.78,95.06
95.58,95.84,95.94,95.22
95.50,95.40,95.66,95.12
94.92,94.57,95.01,93.57
95.44,94.74,95.55,94.40
93.55,94.46,94.81,93.16
94.27,94.47,94.59,93.75
95.23,94.54,95.58,94.43
94.79,94.45,95.16,94.00
94.81,94.47,95.09,94.27
93.96,92.99,94.70,92.91
93.32,93.53,93.93,93.10
93.29,92.88,93.40,92.38
93.51,93.37,94.06,93.22
93.19,93.28,93.59,92.82
93.33,93.15,93.62,92.85
92.74,91.93,93.07,91.58
91.90,91.86,92.03,90.90
91.83,91.71,92.23,91.51
92.11,90.91,92.32,90.04
90.07,88.00,90.26,87.99
87.41,86.47,87.74,85.75
86.60,86.93,87.24,86.45
86.65,86.36,87.02,85.89
86.04,86.40,86.78,86.00
86.79,86.02,87.14,85.89
86.09,87.47,87.51,85.91
87.92,86.95,88.16,86.94
87.00,87.08,87.09,86.70
87.44,87.40,88.06,87.16
87.50,87.27,87.80,87.10
87.78,86.60,87.88,86.23
87.29,87.16,87.48,86.98
87.58,88.12,88.28,87.45
88.01,88.49,88.65,87.90
88.64,89.14,89.32,88.59
88.89,88.88,89.51,88.82
89.56,89.59,90.22,89.32
89.61,89.15,89.93,89.08
89.25,89.24,89.59,88.99
88.84,89.02,89.33,88.61
89.37,89.55,89.70,89.09
89.90,89.72,90.13,89.28
90.13,90.14,90.49,90.00
90.11,89.65,90.46,89.42
89.64,89.61,89.74,89.02
89.40,88.93,89.83,88.62
88.85,87.90,88.90,87.75
88.10,88.41,88.66,88.01
88.01,88.42,88.60,87.88
88.18,87.64,88.30,87.44
88.35,87.38,88.35,87.11
87.16,88.36,88.70,86.88
88.61,89.07,89.56,88.33
89.33,90.10,90.59,89.31
90.68,89.70,90.68,89.42
89.58,88.99,90.09,88.90
88.55,88.31,89.26,88.23
88.47,88.52,88.65,87.87
88.51,86.76,88.82,86.76
87.16,88.37,88.67,86.95
87.63,87.95,88.02,87.14
88.20,87.54,88.32,87.35
86.90,85.81,87.31,85.51
86.39,85.87,86.50,85.06
86.66,87.16,87.30,86.22
87.68,87.03,87.97,86.76
86.45,85.35,86.45,85.33
85.41,87.41,87.47,85.00
87.33,85.89,87.98,85.82
85.78,84.99,86.70,84.99
84.76,82.78,85.25,82.61
83.27,82.74,83.39,82.51
81.30,80.93,81.79,78.41
80.29,80.24,81.47,78.81
80.91,82.58,84.52,80.90
82.79,84.01,84.10,82.63
84.70,85.64,85.66,84.44
85.62,83.96,85.87,83.93
85.13,85.61,85.85,84.87
85.69,86.40,86.43,85.59
86.01,86.63,86.75,85.76
87.07,88.01,88.01,86.96
88.24,88.34,88.99,87.65
88.59,88.74,89.49,88.20
89.94,89.95,90.60,89.37
90.32,90.85,91.21,90.22
90.62,91.38,91.43,90.50
91.76,92.42,92.45,91.76
92.13,91.58,92.20,91.11
91.71,92.26,92.48,91.23
92.21,92.40,92.43,91.85
92.28,91.74,92.59,91.49
91.16,91.55,91.66,91.10
91.70,91.07,91.70,90.94
91.07,90.67,91.24,90.35
90.24,90.13,90.26,89.65
90.21,90.58,90.93,90.03
90.30,90.50,90.76,90.02
89.83,90.62,90.91,89.82
91.66,90.39,91.68,90.30
90.80,91.04,91.17,90.21
91.20,91.40,91.58,90.76
91.71,91.45,91.71,90.93
91.61,92.42,92.55,91.58
92.07,92.14,92.63,91.66
92.62,93.00,93.00,92.32
92.61,91.25,93.12,91.05
91.85,91.83,91.85,91.19
92.29,92.65,92.86,92.05
92.68,93.56,93.89,92.40
92.19,93.36,93.40,91.98
92.86,92.75,93.69,92.56
93.11,93.13,94.62,92.95
92.40,91.00,93.02,90.94
91.44,90.04,91.58,89.15
89.37,88.24,90.79,88.19
88.56,90.44,90.57,88.34
91.70,93.17,93.21,91.49
92.96,92.90,93.91,92.35
92.99,93.62,93.66,92.82
93.70,93.82,94.28,93.65
93.96,94.08,94.79,93.96
94.20,94.29,94.80,94.20
94.00,94.27,94.89,94.00
94.23,94.27,94.46,94.03
94.65,93.04,94.75,93.00
93.17,93.02,93.94,92.14
92.46,90.56,92.78,90.32
90.79,88.63,90.90,87.94
91.01,90.30,91.01,89.53
91.44,91.58,91.81,91.00
91.58,90.42,91.80,90.24
90.50,89.50,90.94,89.08
90.27,89.23,91.14,88.43
87.44,87.07,88.42,86.25
87.50,85.88,88.03,84.55
85.54,86.04,86.21,84.74
86.46,87.26,87.72,86.42
87.56,87.67,87.72,86.77
84.50,84.37,86.12,83.50
84.43,84.13,85.32,83.96
83.78,83.30,84.30,83.12
82.50,82.40,83.28,82.08
82.80,81.73,83.39,81.71
82.07,82.00,82.33,81.16
82.12,80.69,82.20,80.56
80.96,82.13,82.25,80.85
82.58,83.73,83.77,82.54
83.50,83.61,84.47,83.33
84.25,84.73,84.93,84.08
85.11,85.01,86.01,84.77
84.53,84.98,85.25,84.30
85.60,85.84,85.97,85.12
85.87,86.01,86.18,85.32
80.03,80.48,81.53,80.00
79.44,78.08,79.75,77.72
77.16,79.08,79.32,77.12
78.72,79.78,80.27,78.72
79.89,78.40,79.98,77.56
78.22,79.83,79.88,78.20
79.99,80.30,80.48,79.47
80.30,80.86,81.70,80.26
81.16,82.17,82.25,80.87
83.01,83.25,83.47,82.41
83.25,81.59,83.38,81.52
81.73,82.03,82.21,81.56
80.99,81.91,81.93,80.90
81.55,80.63,81.56,80.56
80.66,81.15,81.40,80.64
80.63,80.31,81.15,80.06
80.15,80.51,80.83,79.95
79.73,79.11,79.77,78.87
79.40,79.45,79.75,79.11
80.10,81.56,82.00,80.03
81.50,80.60,81.65,79.95
80.88,81.50,81.65,80.75
81.20,81.06,81.21,80.55
80.58,81.86,82.32,80.27
81.84,81.54,81.96,80.94
81.79,82.70,83.06,81.50
82.70,82.20,83.54,82.20
82.04,81.37,82.16,81.27
81.42,80.11,81.47,80.03
79.67,78.48,79.78,77.88
78.40,77.97,78.64,77.71
78.35,78.05,78.75,78.00
77.89,78.12,78.53,77.62
78.05,78.93,79.32,77.85
78.93,79.70,79.77,78.57
79.34,79.63,80.10,78.73
78.59,78.33,79.38,78.26
78.42,78.69,79.36,78.30
78.63,79.16,79.33,78.41
79.42,79.59,79.97,79.20
79.73,79.27,79.99,79.26
79.60,79.49,79.97,78.89
79.43,79.75,80.30,79.42
79.43,80.91,81.17,79.25
78.40,77.32,78.50,76.53
77.39,77.23,77.85,76.96
77.38,77.28,77.80,77.24
77.41,78.44,78.65,77.18
78.06,78.15,78.37,77.74
78.30,77.99,78.33,77.77
77.83,77.49,77.96,77.04
77.69,77.49,77.73,76.94
77.13,77.16,77.47,77.00
77.04,77.45,77.68,76.98
77.85,77.68,77.89,77.31
77.96,78.28,78.54,77.74
77.98,77.84,78.52,77.78
78.70,77.85,78.85,77.39
77.84,78.43,78.74,77.60
78.89,78.98,79.64,78.77
79.05,79.70,80.25,79.01
79.15,79.08,79.43,78.44
79.50,79.86,80.01,79.27
80.34,80.75,80.90,80.26
80.90,80.22,81.16,79.99
80.28,80.17,80.55,79.78
80.37,81.36,81.60,80.37
81.41,80.96,81.45,80.78
80.54,80.76,81.17,80.41
80.84,81.25,81.58,80.72
81.12,80.19,81.46,79.94
80.45,80.11,80.63,79.84
79.97,80.09,80.25,79.88
80.04,79.72,80.10,79.58
79.94,79.47,80.17,78.95
79.26,79.99,80.27,79.18
80.32,80.60,81.27,80.12
80.05,79.36,80.34,79.20
79.74,79.39,79.88,79.23
79.43,78.81,79.84,78.80
78.88,79.17,79.39,78.86
79.20,80.19,80.49,79.20
80.34,80.30,80.77,80.00
80.43,79.53,80.45,79.11
79.00,79.25,79.37,78.82
79.04,79.36,79.80,79.00
79.64,80.32,80.86,79.46
80.24,80.77,80.90,79.81
80.52,80.19,80.62,79.79
80.68,81.25,81.71,80.66
81.44,81.36,81.92,81.29
80.94,80.74,81.36,80.74
80.99,79.88,81.00,79.88
80.17,79.88,80.45,79.83
79.22,77.80,79.35,77.74
78.17,77.72,78.41,77.65
78.64,78.40,78.91,78.16
78.69,78.21,79.13,78.18
77.55,77.59,77.85,77.34
77.56,77.55,77.80,76.41
76.89,75.93,77.20,75.75
76.63,76.34,77.45,76.29
77.31,77.31,77.49,76.91
77.97,78.53,78.61,77.77
78.60,78.97,79.14,78.21
79.01,78.54,79.36,78.32
79.00,78.92,79.16,78.66
78.74,79.22,79.25,78.65
79.20,79.30,79.63,79.18
79.20,78.95,79.41,78.45
78.80,78.99,79.19,78.60
77.70,77.01,77.95,76.13
76.65,75.90,77.15,75.68
75.44,74.92,75.60,74.30
75.12,75.11,75.57,74.37
75.11,75.70,76.01,74.92
75.79,76.12,76.21,75.64
76.39,76.06,76.67,75.99
75.86,75.98,76.16,75.43
75.77,75.72,76.16,75.63
76.35,75.59,76.48,75.59
75.65,75.00,75.79,74.71
75.00,79.72,80.22,74.34
79.69,81.26,81.39,79.50
80.43,81.34,81.65,80.25
80.72,81.00,81.09,79.80
80.85,80.76,80.97,80.38
80.51,80.91,81.33,80.42
80.39,81.00,81.17,80.25
81.05,81.24,81.42,80.70
80.92,80.95,81.66,80.41
80.11,78.76,80.46,78.73
78.12,77.03,78.62,77.03
73.36,74.65,76.08,71.71
76.27,73.52,76.55,73.28
75.39,75.63,75.90,73.96
75.88,76.88,77.18,75.52
76.32,76.65,76.81,75.93
76.26,76.72,77.26,75.97
74.85,74.00,75.36,73.60
74.90,74.94,75.21,73.97
75.38,75.26,76.25,75.05
74.28,74.08,74.52,73.57
75.58,75.49,75.73,74.92
76.08,75.12,76.51,74.98
75.15,75.31,75.86,74.98
75.08,75.50,75.53,74.78
75.16,75.14,75.50,74.78
75.46,76.50,76.75,75.23
76.46,77.32,77.51,76.39
77.46,77.06,78.40,76.77
76.05,75.95,76.80,75.72
76.42,76.74,77.32,76.32
75.61,75.71,75.77,75.00
75.51,75.63,75.96,75.13
74.99,74.69,75.03,73.85
75.39,75.10,75.67,74.72
74.46,73.34,74.70,73.26
73.30,73.10,73.51,72.66
73.89,74.13,74.19,73.30
74.16,73.89,74.60,73.21
72.70,74.41,74.41,72.50
75.05,77.30,77.54,75.04
77.24,76.91,77.54,76.72
76.81,77.18,77.85,76.68
76.99,77.18,77.26,76.11
77.45,77.33,77.82,76.83
77.16,77.31,77.32,76.94
76.85,76.60,77.22,76.56
76.41,76.17,76.78,75.94
77.00,76.74,77.19,76.07
77.08,77.21,77.50,76.62
76.95,77.00,77.31,76.73
77.05,76.95,77.15,76.68
77.29,76.51,77.61,76.35
73.06,72.50,73.28,71.39
72.82,74.59,74.83,72.62
73.30,74.19,74.33,73.13
73.79,74.01,74.21,73.73
74.35,74.45,74.45,73.81
74.15,74.22,74.97,74.04
74.08,73.26,74.28,73.06
73.43,73.94,74.07,73.27
74.15,74.03,74.27,73.87
74.31,74.07,74.85,73.94
74.15,73.93,74.33,73.57
74.56,74.30,74.80,74.11
74.08,73.42,74.26,73.23
73.12,73.37,73.58,73.10
73.46,72.91,73.60,72.76
72.72,71.98,72.79,71.82
71.69,71.20,72.21,71.10
70.83,71.66,71.66,70.21
71.92,71.11,72.03,70.96
71.13,72.15,72.17,71.13
72.10,72.74,72.88,72.06
72.88,72.42,73.35,72.10
72.46,72.24,72.74,72.17
71.87,71.63,71.96,71.00
71.70,71.69,71.80,71.25
71.80,71.85,72.00,71.42
71.85,71.64,72.07,71.42
72.00,72.20,72.44,71.57
72.14,71.20,72.44,71.06
71.41,70.42,71.70,70.12
70.50,71.10,71.30,70.36
70.82,70.61,71.09,70.17
70.04,69.91,70.15,69.31
69.44,69.86,70.80,69.35
69.74,70.11,70.65,69.61
69.04,68.86,69.84,68.48
68.99,68.83,69.42,67.80
69.75,70.15,70.64,69.59
70.71,70.71,70.96,69.80
70.79,69.57,70.96,69.41
69.13,67.87,69.13,67.57
68.15,68.40,68.77,67.99
68.74,68.85,69.13,68.21
69.05,69.97,69.99,68.94
69.74,70.16,70.51,69.74
70.00,69.76,70.10,69.36
70.28,70.55,70.61,70.12
70.51,70.16,70.75,70.08
70.01,69.55,70.32,69.53
68.09,67.59,68.18,66.77
67.37,66.55,67.71,65.67
65.24,64.42,65.55,64.24
63.31,63.84,64.25,63.08
64.18,63.63,64.41,63.57
63.74,64.05,64.21,63.10
64.80,64.40,64.90,63.60
63.65,62.85,64.37,62.23
62.85,63.29,63.75,62.37
62.03,62.91,63.05,61.50
63.41,62.64,63.79,62.24
61.54,63.03,63.54,61.29
63.00,62.64,64.32,62.51
58.39,55.06,58.89,54.14
54.46,55.02,55.77,54.14
55.20,55.09,55.74,54.96
55.37,54.52,55.82,54.42
54.68,52.88,54.76,52.15
53.18,53.50,53.70,53.05
53.41,54.70,54.99,53.00
54.33,53.66,54.39,53.49
54.00,54.11,54.29,52.83
54.08,54.38,54.46,53.81
54.72,53.98,54.84,53.81
53.24,52.40,53.45,52.23
52.26,52.63,53.02,51.91
53.00,52.29,53.43,52.28
51.22,51.11,51.59,50.27
51.88,52.66,52.73,51.64
53.01,53.18,53.48,52.73
53.50,53.61,54.00,53.30
53.50,54.15,54.34,53.45
54.25,54.71,55.03,54.03
55.21,55.63,55.63,54.96
55.52,55.11,55.60,54.96
54.45,54.64,54.87,53.56
54.78,55.39,55.39,54.30
55.71,55.38,55.90,55.15
55.30,55.58,56.15,54.81
56.03,56.80,56.84,55.62
56.88,57.12,57.23,56.57
57.16,58.09,58.18,57.16
58.44,58.29,58.65,57.81
58.00,59.00,59.48,57.63
58.84,59.43,60.00,58.71
59.73,59.05,59.79,58.52
59.29,58.75,59.46,58.05
59.52,59.46,59.91,59.02
59.51,59.57,59.94,59.01
59.36,59.23,59.40,58.62
58.91,59.70,59.90,58.72
59.55,60.08,60.50,59.32
60.31,61.22,61.44,60.03
60.99,61.21,61.38,60.85
60.77,60.61,60.90,59.91
60.70,60.63,60.91,60.28
60.22,60.47,60.52,59.60
60.77,60.28,60.79,59.86
60.11,60.60,60.65,59.46
60.98,60.29,61.00,60.18
60.51,61.40,61.52,60.28
60.98,61.10,61.66,60.56
61.01,60.62,61.06,60.46
60.14,60.19,60.44,59.68
59.84,59.88,60.05,59.42
59.45,58.86,59.52,58.70
59.00,59.50,60.26,58.99
59.67,59.80,60.08,59.28
60.00,60.68,60.71,59.80
60.89,62.16,62.43,60.84
62.16,62.51,62.68,61.97
62.66,62.14,62.84,61.91
61.81,62.59,62.62,61.73
62.75,63.57,63.61,62.74
64.12,65.02,65.33,63.92
67.00,65.61,67.34,65.40
65.05,65.93,66.22,65.05
65.64,65.70,65.85,65.14
65.98,66.20,66.43,65.63
66.39,66.23,66.67,65.83
65.73,65.84,66.49,65.56
65.57,65.43,65.79,64.85
65.58,65.68,66.05,65.18
65.03,64.85,65.05,64.33
64.13,64.26,64.75,63.83
64.46,63.92,64.72,63.79
63.76,64.51,64.71,63.45
64.23,63.98,64.58,63.77
64.34,64.84,65.13,63.99
64.62,64.59,65.32,64.41
65.07,64.34,65.36,64.06
64.35,64.12,64.98,64.05
64.02,64.07,64.30,63.67
63.86,62.76,64.10,62.59
62.53,63.52,63.61,62.53
63.06,62.74,63.53,62.32
63.16,63.92,64.14,62.95
63.86,63.59,64.10,63.56
63.79,64.87,65.10,63.79
65.04,65.31,65.76,65.01
65.29,65.23,65.37,64.95
65.39,65.52,65.70,65.33
65.70,65.76,65.92,65.40
65.44,65.91,65.96,65.18
65.86,66.41,66.41,65.60
65.53,65.49,65.82,64.77
65.55,65.94,66.20,65.50
66.15,65.89,66.60,65.88
65.94,66.26,66.58,65.94
65.72,65.71,65.78,64.90
65.26,64.97,65.48,64.71
64.80,63.67,64.89,63.63
63.59,61.07,63.66,60.38
61.47,61.42,62.16,60.86
60.94,61.93,62.11,60.66
61.93,61.86,62.43,61.62
62.65,62.30,63.41,62.23
62.30,62.29,62.48,61.75
62.29,61.95,62.64,61.88
62.84,63.25,63.27,62.47
60.48,60.06,61.70,60.00
59.34,57.67,59.34,57.33
58.25,57.90,58.61,57.15
57.95,59.63,59.70,57.86
59.87,60.76,60.76,58.82
60.80,60.69,61.52,60.57
60.22,59.15,60.39,58.96
58.75,59.48,59.73,58.25
59.48,59.81,60.33,59.38
60.68,61.49,61.60,60.55
61.95,62.16,62.46,61.86
62.63,63.00,63.33,62.63
62.98,63.10,63.35,62.64
63.66,63.61,64.00,63.41
63.95,63.78,64.11,63.31
63.96,63.99,64.12,63.54
63.69,64.16,64.17,63.50
64.29,64.48,64.80,63.50
63.80,63.43,64.38,62.88
63.40,64.28,64.34,63.37
64.20,64.33,64.42,64.04
64.43,64.37,64.55,63.98
64.27,64.59,64.94,64.20
64.36,64.79,64.97,64.06
64.70,64.46,64.74,64.17
64.49,64.13,64.74,63.96
63.96,63.47,64.22,63.20
63.50,63.83,64.02,63.47
63.88,63.94,64.02,63.51
64.54,65.52,65.71,64.35
65.83,65.83,66.25,65.60
65.83,65.39,66.01,65.17
65.43,64.74,65.50,64.58
65.00,65.48,65.66,64.89
65.16,65.38,65.51,65.01
65.27,65.63,65.82,65.27
65.61,65.30,65.67,65.28
65.40,65.68,65.85,65.09
65.52,65.63,65.78,65.27
65.47,65.53,65.68,65.07
65.53,65.36,65.54,64.96
65.73,65.68,66.28,65.68
65.85,65.16,66.12,65.05
65.00,65.00,65.15,64.76
65.27,64.79,65.49,64.52
65.00,65.52,65.77,64.80
65.77,65.45,65.97,65.10
65.47,65.58,65.72,64.86
65.55,64.86,65.64,64.42
65.06,65.19,65.66,64.86
65.16,65.76,65.77,65.05
65.49,66.19,66.20,65.31
66.15,66.24,66.71,66.05
65.74,65.12,66.02,65.12
64.72,65.90,66.09,64.14
65.22,64.36,65.32,64.04
64.36,63.48,64.36,63.34
63.40,63.83,64.16,63.26
63.37,63.66,63.95,63.16
63.96,64.06,64.58,63.67
64.52,63.72,64.64,63.70
63.99,64.28,64.50,63.72
64.35,64.63,65.08,64.33
64.51,63.85,64.83,63.78
63.44,63.42,64.13,62.85
63.93,64.28,64.42,63.58
64.27,64.22,64.50,63.73
64.21,63.37,64.81,62.96
63.78,64.04,64.37,63.63
63.83,63.81,64.05,63.54
63.84,63.91,64.38,63.71
63.77,64.36,64.53,63.69
63.56,61.94,63.68,61.76
62.11,61.76,62.27,61.48
62.15,61.90,62.49,61.87
61.53,60.86,61.70,60.55
60.82,60.69,61.05,60.58
60.23,60.41,60.56,59.50
61.01,60.15,61.20,60.10
60.27,59.90,60.42,59.78
60.52,60.08,60.57,59.88
60.42,61.25,61.68,60.27
65.34,66.78,67.78,64.75
66.45,67.36,67.59,66.40
67.69,67.09,67.93,67.07
66.93,66.74,67.38,66.61
66.50,66.80,67.07,66.14
67.00,66.93,67.22,66.43
67.15,66.45,67.22,66.30
66.81,66.42,66.83,66.31
66.77,66.25,66.81,65.73
65.76,65.45,66.03,65.14
65.53,65.33,65.76,65.04
65.50,65.51,66.08,65.03
66.85,67.00,67.33,66.65
66.79,67.07,67.26,66.31
67.16,68.74,69.00,67.06
69.24,70.11,70.40,69.05
69.97,70.50,70.59,69.65
70.80,72.42,72.68,70.62
72.13,72.47,72.48,71.24
71.95,71.68,72.40,71.28
71.36,71.78,72.00,71.32
71.53,71.00,71.60,70.77
71.31,71.54,71.67,70.96
71.82,71.72,71.88,70.87
71.94,72.88,72.92,71.51
72.97,72.86,73.18,72.46
72.53,72.13,72.77,71.97
72.20,71.49,72.26,71.38
72.00,72.04,72.33,71.78
72.45,72.53,72.77,71.78
72.52,71.86,72.66,71.43
72.33,72.03,72.64,71.99
72.47,72.31,72.74,72.08
72.47,74.29,74.72,72.23
74.80,74.91,75.20,73.99
74.84,74.77,74.91,74.29
74.70,73.58,74.70,73.15
73.67,73.84,74.23,73.11
73.53,74.07,75.73,73.24
74.54,74.94,75.74,74.34
75.29,75.00,75.38,74.58
74.68,74.55,75.13,74.14
75.00,75.06,75.50,74.53
75.11,75.32,75.57,74.69
75.00,74.58,75.37,74.50
74.74,74.97,75.24,74.74
75.10,74.98,75.11,74.79
75.03,74.37,75.38,74.15
74.27,73.92,74.68,73.50
73.96,74.08,74.34,73.84
74.89,75.35,75.75,74.74
75.26,76.26,76.55,75.06
76.00,75.32,76.18,74.82
75.40,75.47,75.92,75.06
76.14,75.86,76.50,75.53
76.52,76.65,78.00,76.12
76.67,76.91,77.44,76.10
76.83,76.88,76.95,75.84
76.93,76.62,77.63,76.41
