BLH,Blackrock New York Municipal 2018 Term Trust,NASDAQ
16.80,17.00,17.00,16.80
17.00,17.10,17.42,16.87
17.25,16.97,17.38,16.84
16.84,16.75,16.84,16.72
16.72,16.59,16.72,16.59
16.68,16.68,16.68,16.56
16.80,16.76,16.85,16.60
16.70,16.79,16.85,16.70
16.75,16.70,16.75,16.70
16.77,16.61,16.77,16.61
16.67,16.65,16.75,16.62
16.73,16.65,16.73,16.53
16.69,16.61,16.69,16.52
16.68,16.64,16.68,16.51
16.65,16.61,16.69,16.58
16.64,16.68,16.68,16.64
16.72,16.70,16.72,16.62
16.73,16.76,16.79,16.59
16.76,16.90,17.01,16.76
16.95,16.81,17.05,16.71
16.75,16.76,16.78,16.64
16.81,16.66,16.85,16.65
16.75,16.58,16.76,16.58
16.60,16.60,16.72,16.60
16.65,16.60,16.65,16.59
16.65,16.77,16.80,16.65
16.75,16.80,16.80,16.66
16.80,16.68,16.80,16.68
16.75,16.75,16.75,16.65
16.70,16.65,16.77,16.63
16.66,16.74,16.74,16.60
16.76,16.76,16.76,16.76
16.70,16.73,16.75,16.62
16.78,16.75,16.79,16.65
16.79,16.63,16.81,16.52
16.67,16.69,16.69,16.53
16.74,16.68,16.77,16.65
16.75,16.60,16.75,16.57
16.65,16.64,16.68,16.60
16.73,16.65,16.73,16.63
16.65,16.59,16.65,16.56
16.56,16.55,16.56,16.53
16.59,16.52,16.60,16.52
16.52,16.67,16.67,16.52
16.70,16.87,16.97,16.68
16.69,16.79,16.89,16.69
16.80,16.69,16.86,16.62
16.80,16.80,16.80,16.80
16.80,16.79,16.87,16.65
16.79,16.83,16.83,16.79
16.83,16.86,16.86,16.79
16.86,16.87,16.87,16.75
16.81,16.79,16.81,16.58
16.73,16.88,16.88,16.70
16.88,16.96,16.96,16.78
16.97,16.93,16.97,16.81
16.92,16.95,16.95,16.83
16.94,16.86,16.94,16.84
16.76,16.82,16.85,16.74
16.73,16.68,16.75,16.56
16.61,16.70,16.70,16.60
16.75,16.68,16.75,16.61
16.77,16.73,16.77,16.61
16.69,16.75,16.78,16.63
16.75,16.65,16.80,16.60
16.70,16.68,16.70,16.59
16.61,16.70,16.70,16.61
16.71,16.73,16.73,16.70
16.68,16.66,16.68,16.58
16.69,16.62,16.69,16.53
16.56,16.64,16.64,16.55
16.55,16.62,16.62,16.55
16.58,16.56,16.60,16.56
16.56,16.59,16.59,16.55
16.55,16.63,16.63,16.54
16.66,16.72,16.72,16.66
16.65,16.77,16.77,16.16
16.81,16.83,16.83,16.81
16.85,16.89,16.89,16.84
16.90,16.93,16.93,16.90
16.84,16.73,18.18,16.73
16.77,16.77,16.77,16.77
16.80,16.88,16.88,16.80
16.88,17.00,17.00,16.80
17.09,17.09,17.15,17.09
17.09,16.85,17.59,16.56
17.00,17.19,17.19,17.00
17.20,17.05,17.20,17.04
17.05,17.00,17.09,17.00
16.99,17.08,17.08,16.99
16.98,16.81,17.07,16.81
16.75,16.75,16.75,16.66
16.84,16.62,16.84,16.55
16.62,16.67,16.67,16.60
16.69,16.67,16.69,16.52
16.67,16.45,16.67,16.28
16.42,16.50,16.50,16.13
16.47,16.56,16.57,16.40
16.39,16.58,16.63,16.39
16.65,16.67,16.67,16.60
16.69,16.64,16.72,16.52
16.60,16.63,16.66,16.45
16.63,16.55,16.65,16.55
16.55,16.59,16.59,16.55
16.59,16.51,16.59,16.41
16.50,16.51,16.51,16.40
16.45,16.50,16.55,16.40
16.50,16.50,16.50,16.45
16.50,16.49,16.50,16.41
16.45,16.53,16.53,16.45
16.50,16.50,16.50,16.45
16.51,16.47,16.51,16.35
16.37,16.50,16.50,16.37
16.51,16.56,16.56,16.51
16.52,16.50,16.58,16.48
16.49,16.54,16.54,16.49
16.58,16.58,16.58,16.39
16.59,16.61,16.61,16.52
16.57,16.63,16.63,16.53
16.62,16.62,16.64,16.53
16.64,16.64,16.64,16.64
16.66,16.65,16.66,16.65
16.66,16.55,16.68,16.47
16.55,16.61,16.61,16.46
16.64,16.57,16.64,16.51
16.57,16.57,16.57,16.47
16.57,16.58,16.59,16.57
16.60,16.52,16.60,16.47
16.55,16.52,16.55,16.46
16.49,16.60,16.62,16.46
16.64,16.68,16.68,16.64
16.59,16.59,16.59,16.59
16.59,16.63,16.63,16.59
16.69,16.63,16.69,16.63
16.68,16.70,16.70,16.63
16.73,16.75,16.75,16.67
16.77,16.70,16.77,16.60
16.69,16.65,16.69,16.60
16.65,16.65,16.67,16.60
16.69,16.65,16.69,16.62
16.70,16.65,16.70,16.65
16.70,16.67,16.70,16.60
16.67,16.70,16.71,16.60
16.68,16.64,16.68,16.60
16.60,16.52,16.61,16.40
16.54,16.50,16.55,16.38
16.54,16.54,16.54,16.49
16.50,16.55,16.57,16.43
16.55,16.51,16.56,16.40
16.52,16.54,16.55,16.49
16.55,16.59,16.59,16.50
16.60,16.60,16.60,16.55
16.60,16.64,16.65,16.59
16.53,16.62,16.62,16.53
16.63,16.58,16.63,16.53
16.69,16.60,16.69,16.51
16.56,16.60,16.60,16.56
16.60,16.58,16.63,16.53
16.60,16.45,16.63,16.41
16.49,16.32,16.49,16.32
16.35,16.36,16.41,16.31
16.39,16.40,16.42,16.34
16.40,16.47,16.47,16.40
16.50,16.41,16.50,16.34
16.44,16.46,16.48,16.39
16.46,16.49,16.49,16.46
16.50,16.48,16.53,16.37
16.50,16.46,16.53,16.41
16.49,16.55,16.55,16.47
16.56,16.58,16.58,16.55
16.61,16.65,16.66,16.59
16.65,16.69,16.69,16.56
16.71,16.70,16.75,16.66
16.74,16.73,16.75,16.69
16.67,16.65,16.71,16.65
16.67,16.60,16.69,16.60
16.64,16.50,16.64,16.47
16.51,16.53,16.61,16.51
16.58,16.73,16.80,16.58
16.85,16.65,16.85,16.65
16.70,16.37,16.72,16.35
16.38,16.50,16.50,16.38
16.50,16.57,16.64,16.50
16.65,16.67,16.68,16.55
16.68,16.58,16.68,16.46
16.62,16.61,16.62,16.53
16.59,16.60,16.60,16.56
16.53,16.53,16.60,16.53
16.60,16.60,16.62,16.60
16.60,16.60,16.63,16.52
16.59,16.55,16.63,16.55
16.56,16.66,16.66,16.56
16.66,16.66,16.67,16.66
16.70,16.60,16.76,16.60
16.70,16.78,16.78,16.70
16.78,16.74,16.78,16.72
16.63,16.60,16.63,16.60
16.61,16.61,16.63,16.60
16.64,16.54,16.70,16.50
16.55,16.50,16.65,16.50
16.51,16.55,16.64,16.44
16.60,16.59,16.62,16.43
16.59,16.63,16.66,16.55
16.68,16.56,16.68,16.56
16.65,16.63,16.67,16.63
16.61,16.57,16.68,16.53
16.67,16.58,16.67,16.58
16.51,16.56,16.56,16.48
16.59,16.65,16.65,16.52
16.68,16.63,16.68,16.59
16.66,16.61,16.66,16.58
16.67,16.60,16.67,16.50
16.63,16.60,16.68,16.51
16.56,16.63,16.64,16.54
16.64,16.55,16.64,16.51
16.57,16.40,16.58,16.40
16.45,16.50,16.50,16.39
16.50,16.50,16.50,16.35
16.60,16.26,16.74,16.26
16.26,16.01,16.37,15.96
16.01,15.94,16.11,15.28
16.03,16.14,16.14,16.03
16.14,16.17,16.18,15.83
16.20,16.20,16.20,16.03
16.25,16.40,16.40,16.18
16.40,16.38,16.48,16.38
16.42,16.27,16.43,16.13
16.29,16.32,16.32,16.27
16.40,16.27,16.50,16.27
16.35,16.32,16.40,16.32
16.47,16.19,16.47,16.19
16.15,16.40,16.50,16.15
16.47,16.27,16.47,16.27
16.38,16.23,16.38,16.23
16.37,16.24,16.37,16.15
16.34,16.20,16.34,16.01
16.35,16.29,16.35,16.16
16.38,16.04,16.38,16.04
15.95,15.84,15.95,15.74
15.81,16.08,16.10,15.80
16.18,16.00,16.18,15.88
16.17,16.21,16.35,16.17
16.37,16.37,16.38,16.37
16.32,16.14,16.32,15.92
16.01,16.10,16.20,15.74
16.10,16.10,16.20,16.10
16.11,16.05,16.11,16.05
16.00,16.00,16.00,16.00
16.12,16.05,16.13,15.91
16.12,16.00,16.12,15.97
16.00,16.05,16.09,15.80
16.10,16.10,16.14,15.92
16.01,15.93,16.13,15.93
15.96,15.98,16.11,15.87
16.08,16.01,16.08,16.01
16.07,16.09,16.10,16.00
16.14,16.10,16.14,16.03
16.05,16.05,16.13,16.05
16.01,16.09,16.12,16.00
15.86,16.15,16.51,15.66
16.00,16.00,16.00,15.88
15.93,15.97,15.97,15.75
15.95,15.65,16.04,15.60
15.65,15.51,15.65,15.35
15.51,15.60,15.60,15.47
15.60,15.66,15.66,15.54
15.59,15.70,15.70,15.59
15.70,15.74,15.74,15.69
15.77,15.74,15.77,15.70
15.63,15.74,15.74,15.53
15.68,15.71,15.75,15.68
15.68,15.80,15.80,15.68
15.80,15.82,15.82,15.66
15.75,15.78,15.80,15.70
15.77,15.72,15.78,15.61
15.65,15.72,15.75,15.65
15.78,15.80,15.80,15.71
15.72,15.72,15.80,15.61
15.72,15.72,15.72,15.72
15.70,15.75,15.75,15.70
15.73,15.70,15.81,15.61
15.70,15.72,15.89,15.65
15.71,15.61,15.71,15.58
15.61,15.79,15.79,15.56
15.84,15.83,15.94,15.82
15.76,15.87,15.97,15.76
15.78,15.80,15.81,15.71
15.80,15.87,15.89,15.78
15.87,15.87,15.93,15.83
15.85,15.85,15.85,15.83
15.83,15.86,15.86,15.83
15.90,15.89,15.90,15.79
15.89,15.83,15.89,15.81
15.84,15.85,15.85,15.82
15.85,15.81,15.85,15.81
15.85,15.74,15.85,15.73
15.71,15.81,15.81,15.71
15.73,15.73,15.77,15.73
15.72,15.73,15.84,15.72
15.70,15.66,15.78,15.66
15.65,15.71,15.71,15.61
15.64,15.74,15.75,15.64
15.76,15.69,15.76,15.69
15.71,15.72,15.72,15.71
15.69,15.72,15.72,15.69
15.66,15.70,15.72,15.66
15.68,15.66,15.68,15.66
15.68,15.72,15.72,15.68
15.72,15.70,15.72,15.61
15.63,15.66,15.66,15.58
15.68,15.64,15.68,15.57
15.68,15.67,15.68,15.59
15.61,15.65,15.69,15.58
15.68,15.68,15.68,15.63
15.70,15.67,15.70,15.57
15.60,15.62,15.71,15.60
15.69,15.70,15.70,15.69
15.63,15.71,15.71,15.63
15.72,15.72,15.72,15.72
15.72,15.72,15.72,15.72
15.72,15.80,15.83,15.72
15.81,15.81,15.81,15.81
15.74,15.72,15.74,15.70
15.70,15.70,15.70,15.70
15.70,15.74,15.74,15.70
15.70,15.75,15.78,15.70
15.74,15.74,15.74,15.74
15.77,15.74,15.77,15.74
15.73,15.79,15.79,15.71
15.81,15.83,15.83,15.76
15.83,15.88,15.88,15.82
15.88,15.80,15.96,15.80
15.88,15.85,15.88,15.80
15.85,15.84,15.89,15.82
15.90,15.86,15.90,15.86
15.89,15.96,15.96,15.88
15.99,15.95,15.99,15.95
16.00,16.04,16.05,16.00
16.07,16.06,16.07,16.06
16.00,16.00,16.00,15.90
15.98,16.02,16.03,15.91
16.04,16.02,16.07,16.02
15.93,16.00,16.01,15.93
15.61,15.61,15.61,15.61
16.04,16.05,16.24,16.04
16.05,16.18,16.18,16.00
16.23,16.18,16.23,16.13
16.21,16.23,16.23,16.05
16.25,16.30,16.40,16.25
16.20,16.30,16.30,16.20
16.30,16.31,16.31,16.29
16.24,16.30,16.35,16.20
16.26,16.21,16.30,16.21
16.21,16.10,16.21,16.10
16.11,16.10,16.11,16.10
16.24,16.11,16.24,16.11
16.17,16.17,16.17,16.14
16.11,16.20,16.20,16.11
16.21,16.17,16.21,16.12
16.21,16.28,16.29,16.15
16.30,16.03,16.30,16.03
16.11,16.02,16.13,16.02
16.09,15.93,16.09,15.93
15.88,15.84,15.91,15.84
15.84,15.86,15.90,15.84
15.90,15.90,15.90,15.90
15.90,15.89,15.91,15.88
15.89,15.93,16.00,15.89
15.91,15.95,16.00,15.91
15.95,16.05,16.05,15.95
16.05,16.01,16.05,16.00
16.05,16.18,16.19,16.03
16.11,16.40,16.40,16.11
16.37,16.40,16.40,16.32
16.45,16.37,16.54,16.37
16.34,16.37,16.37,16.34
16.34,16.37,16.55,16.30
16.51,16.40,16.51,16.40
16.52,16.55,16.59,16.47
16.41,16.47,16.53,16.41
16.59,16.49,16.59,16.36
16.45,16.48,16.48,16.41
16.56,16.57,16.57,16.50
16.44,16.42,16.44,16.42
16.36,16.19,16.36,16.14
16.24,16.19,16.30,16.19
16.17,16.23,16.23,16.17
16.34,16.28,16.34,16.21
16.28,16.33,16.68,16.28
16.33,16.28,16.43,16.28
16.31,16.28,16.39,16.28
16.28,16.31,16.31,16.25
16.38,16.10,16.38,16.01
16.17,16.15,16.24,16.11
16.09,15.99,16.09,15.99
15.99,16.08,16.08,15.97
16.08,16.00,16.08,15.73
16.07,16.20,16.24,16.05
16.22,16.25,16.25,16.22
16.39,16.39,16.39,16.31
16.39,16.25,16.39,16.22
16.15,16.12,16.15,15.95
16.03,16.00,16.50,15.85
16.15,16.13,16.50,16.13
16.28,16.55,16.56,16.28
16.41,16.45,16.45,16.33
16.36,16.31,16.48,16.28
16.33,16.33,16.33,16.31
16.29,16.28,16.33,16.22
16.30,16.44,16.44,16.26
16.33,16.34,16.62,16.32
16.35,16.30,16.35,16.30
16.40,16.25,16.40,16.25
16.24,16.30,16.30,16.24
15.86,15.86,15.86,15.86
16.26,16.29,16.39,16.25
16.24,16.25,16.25,16.21
16.33,16.34,16.61,16.33
16.49,16.44,16.64,16.44
16.52,16.61,16.70,16.52
16.69,16.54,16.69,16.54
16.69,16.51,16.69,16.50
16.50,16.44,16.50,16.40
16.65,16.45,16.65,16.45
16.50,16.44,16.50,16.44
16.45,16.71,16.72,16.41
16.67,16.73,16.73,16.60
16.65,16.69,16.69,16.65
16.71,16.65,16.71,16.65
16.65,16.64,16.73,16.64
16.61,16.60,16.66,16.60
16.70,16.56,16.92,16.56
16.56,16.70,16.70,16.56
16.75,16.88,16.88,16.75
16.90,16.81,16.90,16.77
16.71,16.83,16.83,16.71
16.95,16.80,16.95,16.75
16.74,16.68,16.86,16.68
16.86,16.86,16.86,16.68
16.84,16.90,16.90,16.84
16.90,17.00,17.12,16.90
17.12,17.12,17.12,16.85
16.84,16.66,17.01,16.66
16.59,16.52,16.61,16.41
16.45,16.25,16.57,16.25
16.21,16.35,16.35,15.95
16.40,16.46,16.63,16.40
16.46,16.44,16.59,16.44
16.42,16.35,16.42,16.35
16.35,16.39,16.39,16.35
16.37,16.34,16.50,16.31
16.41,16.48,16.50,16.40
16.47,16.58,16.58,16.46
16.54,16.52,16.54,16.52
16.59,16.54,16.60,16.40
16.61,16.47,16.66,16.46
16.50,16.50,16.50,16.50
16.57,16.60,16.75,16.50
16.70,16.60,16.79,16.60
16.66,16.84,16.85,16.66
16.84,16.67,16.86,16.67
16.68,16.84,16.84,16.67
16.83,16.84,16.84,16.75
16.71,16.69,16.84,16.69
16.71,16.90,16.90,16.69
16.91,16.90,16.91,16.90
16.90,16.72,17.02,16.72
16.73,16.56,16.74,16.56
16.57,16.60,16.64,16.42
16.41,16.61,16.61,16.41
16.54,16.55,16.66,16.54
16.50,16.68,16.75,16.50
16.68,16.70,16.70,16.68
16.81,16.76,16.81,16.68
16.70,16.81,16.94,16.70
16.68,16.62,16.80,16.62
16.70,16.58,16.70,16.58
16.61,16.63,16.69,16.61
16.63,16.69,16.69,16.63
16.66,16.66,16.66,16.66
16.70,16.62,16.75,16.57
16.62,16.64,16.64,16.52
16.59,16.63,16.64,16.53
16.63,16.54,16.63,16.53
16.58,16.63,16.65,16.55
16.63,16.67,16.67,16.55
16.63,16.59,16.67,16.59
16.59,16.70,16.70,16.59
16.73,16.73,16.73,16.73
16.67,16.71,16.72,16.64
16.65,16.66,16.67,16.60
16.62,16.62,16.62,16.62
16.62,16.67,16.67,16.57
16.68,16.68,16.68,16.68
16.69,16.55,16.74,16.55
16.55,16.62,16.62,16.55
16.58,16.64,16.64,16.58
16.60,16.67,16.67,16.59
16.67,16.75,16.75,16.66
16.87,16.89,16.90,16.87
16.90,16.89,16.90,16.89
16.90,16.85,17.00,16.76
16.78,16.65,16.78,16.65
16.65,16.71,16.72,16.65
16.70,16.81,16.81,16.70
16.85,16.93,16.93,16.85
16.83,16.85,16.94,16.83
16.85,16.97,17.00,16.85
17.03,17.09,17.09,16.92
17.07,16.99,17.07,16.96
16.86,16.73,16.86,16.73
16.72,16.82,16.82,16.72
16.76,16.83,16.88,16.69
16.76,16.73,16.81,16.73
16.68,16.66,16.77,16.65
16.66,16.79,16.79,16.66
16.71,16.80,16.80,16.70
16.71,16.71,16.75,16.71
16.75,16.75,16.75,16.70
16.78,16.81,16.82,16.68
16.88,16.86,16.94,16.86
16.92,16.70,16.92,16.50
16.68,16.75,16.78,16.68
16.78,16.83,16.85,16.68
16.93,16.69,16.93,16.68
16.70,16.70,16.76,16.70
16.70,16.65,16.79,16.64
16.74,16.63,16.75,16.63
16.72,16.72,16.73,16.70
16.79,16.77,16.79,16.72
16.78,16.79,16.79,16.72
16.79,16.83,16.84,16.75
16.87,16.83,16.87,16.83
16.84,16.76,16.84,16.75
16.77,16.75,16.77,16.75
16.77,16.81,16.82,16.77
16.80,16.80,16.87,16.75
16.85,16.85,16.85,16.84
16.97,16.89,16.97,16.79
16.92,16.93,16.97,16.85
16.94,16.95,16.95,16.94
16.92,16.85,17.00,16.85
16.91,16.95,16.95,16.83
17.00,16.91,17.00,16.91
16.91,16.83,16.97,16.74
16.83,16.82,16.91,16.82
16.89,16.86,16.89,16.85
16.86,16.85,16.88,16.85
16.90,16.97,17.00,16.87
16.97,17.00,17.00,16.97
16.97,16.84,16.97,16.84
16.76,16.88,16.89,16.76
16.77,16.70,16.80,16.70
16.61,16.63,16.63,16.59
16.50,16.28,16.51,16.26
16.28,16.07,16.28,15.91
15.96,16.15,16.28,15.96
16.25,16.28,16.31,16.15
16.35,16.30,16.35,16.27
16.31,16.25,16.33,16.25
16.29,16.36,16.36,16.28
16.36,16.34,16.43,16.29
16.34,16.39,16.39,16.28
16.35,16.53,16.53,16.33
16.58,16.53,16.58,16.38
16.50,16.50,16.50,16.38
16.58,16.48,16.58,16.42
16.52,16.42,16.52,16.37
16.45,16.40,16.49,16.38
16.43,16.44,16.45,16.40
16.41,16.45,16.48,16.41
16.42,16.48,16.50,16.42
16.49,16.48,16.50,16.46
16.45,16.76,17.20,16.43
16.75,16.99,16.99,16.65
16.84,16.88,16.88,16.70
16.86,17.02,17.40,16.77
17.18,16.90,17.22,16.82
17.07,16.70,17.21,16.69
16.70,16.74,16.74,16.70
16.75,16.72,16.75,16.68
16.78,16.78,16.78,16.78
16.79,16.75,16.81,16.75
16.82,16.99,17.00,16.82
16.95,17.12,17.19,16.95
17.11,17.00,17.18,17.00
17.07,17.09,17.12,16.99
17.12,17.11,17.19,17.11
17.25,17.08,17.25,17.08
17.12,17.12,17.12,16.99
16.99,17.08,17.13,16.96
17.04,17.15,17.15,17.04
17.14,17.06,17.14,16.98
17.00,17.00,17.00,17.00
16.92,16.89,16.95,16.89
16.89,16.90,16.95,16.83
16.87,16.92,16.92,16.87
16.94,16.91,17.02,16.85
16.98,16.87,17.02,16.87
nan,16.87,nan,nan
16.79,16.90,16.90,16.79
16.92,16.87,16.93,16.83
16.85,16.88,16.93,16.84
16.97,16.93,17.01,16.93
16.98,17.04,17.09,16.98
17.19,16.90,17.19,16.90
16.98,17.00,17.04,16.98
16.98,16.96,17.12,16.96
17.04,17.02,17.04,17.01
16.94,16.80,16.94,16.75
16.77,16.65,16.80,16.64
16.79,16.41,16.79,16.29
16.41,16.26,16.46,16.25
16.26,16.35,16.37,16.26
16.30,16.34,16.34,16.28
16.29,16.35,16.38,16.29
16.31,16.35,16.37,16.25
16.26,16.18,16.26,16.09
16.13,16.12,16.17,16.08
16.07,16.13,16.14,16.07
16.11,16.23,16.33,16.11
16.30,16.26,16.30,16.26
16.30,16.19,16.30,16.10
16.19,16.23,16.23,16.18
16.24,16.24,16.24,16.15
16.23,16.22,16.23,16.16
16.24,16.19,16.25,16.19
16.16,16.25,16.25,16.16
16.24,16.26,16.26,16.24
16.25,16.28,16.29,16.20
16.36,16.43,16.43,16.36
16.50,16.55,16.59,16.47
16.59,16.61,16.61,16.46
16.61,16.48,16.62,16.41
16.40,16.41,16.41,16.40
16.46,16.55,16.56,16.46
16.55,16.48,16.55,16.44
16.48,16.35,16.48,16.31
16.31,16.27,16.32,15.94
16.35,16.25,16.35,16.14
16.29,16.44,16.44,16.21
16.46,16.52,16.52,16.44
16.44,16.41,16.51,16.37
16.47,16.48,16.49,16.47
16.49,16.42,16.52,16.35
16.47,16.49,16.49,16.42
16.51,16.50,16.51,16.50
16.55,16.57,16.57,16.50
16.57,16.50,16.57,16.50
16.56,16.69,16.69,16.53
16.70,16.70,16.70,16.62
16.73,16.35,16.73,16.33
16.39,16.38,16.39,16.32
16.38,16.30,16.38,16.30
16.30,16.30,16.30,16.20
16.30,16.13,16.32,16.12
16.14,16.12,16.15,16.08
16.03,16.12,16.17,16.03
16.11,15.89,16.11,15.76
15.90,15.99,16.09,15.90
16.04,15.91,16.04,15.81
15.97,15.84,15.97,15.76
15.92,15.77,15.92,15.75
15.86,15.87,16.04,15.85
15.84,15.80,16.00,15.80
15.89,15.85,15.99,15.82
15.96,15.90,16.00,15.89
16.00,15.82,16.00,15.82
15.86,15.85,15.97,15.82
15.97,15.95,15.98,15.90
16.00,16.07,16.08,15.96
16.08,16.10,16.10,15.97
16.10,16.10,16.10,16.10
16.16,16.20,16.20,16.10
16.23,16.25,16.25,16.21
16.17,16.18,16.29,16.17
16.27,16.14,16.27,16.03
16.23,16.26,16.28,16.22
16.29,16.34,16.34,16.26
16.44,16.34,16.44,16.29
16.35,16.43,16.43,16.30
16.45,16.37,16.45,16.37
16.40,16.43,16.43,16.31
16.50,16.54,16.54,16.50
16.56,16.19,16.56,16.07
16.19,16.21,16.24,16.15
16.30,16.15,16.30,16.07
16.20,16.14,16.20,16.09
16.16,16.23,16.23,16.16
16.29,16.28,16.30,16.21
16.30,16.26,16.30,16.15
16.26,16.33,16.34,16.24
16.29,16.34,16.35,16.29
16.35,16.37,16.40,16.25
16.33,16.38,16.44,16.33
16.39,16.44,16.44,16.36
16.44,16.33,16.44,16.33
16.35,16.40,16.40,16.35
16.40,16.40,16.40,16.32
16.40,16.38,16.40,16.29
16.38,16.30,16.38,16.23
16.38,16.28,16.38,16.28
16.38,16.21,16.38,16.18
16.30,16.11,16.31,16.09
16.24,16.26,16.26,16.22
16.26,16.36,16.38,16.26
16.38,16.38,16.39,16.24
16.27,16.13,16.27,16.11
16.12,16.12,16.14,16.11
16.18,16.15,16.18,16.08
16.07,16.04,16.07,15.90
16.06,16.15,16.19,16.06
16.14,16.04,16.14,15.95
16.07,16.24,16.26,16.06
16.26,16.23,16.26,16.18
16.23,16.26,16.26,16.20
16.23,16.25,16.25,16.23
16.25,16.33,16.33,16.14
16.37,16.49,16.49,16.32
16.49,16.57,16.57,16.36
16.64,16.68,16.68,16.45
16.57,16.55,16.61,16.42
16.44,16.50,16.56,16.40
16.52,16.53,16.59,16.38
16.58,16.84,16.89,16.58
16.89,16.72,16.92,16.72
16.79,16.74,16.80,16.54
16.72,16.72,16.73,16.63
16.80,16.65,16.93,16.45
16.59,16.45,16.59,16.40
16.52,16.63,16.68,16.45
16.56,16.72,16.78,16.52
16.76,16.72,16.76,16.66
16.72,16.62,16.72,16.61
16.77,16.51,16.77,16.44
16.62,16.59,16.68,16.59
16.66,16.70,16.75,16.66
16.78,16.79,16.80,16.53
16.79,16.75,16.79,16.68
16.86,16.74,16.86,16.56
16.87,16.57,16.87,16.54
16.63,16.20,16.63,16.12
16.30,16.15,16.30,16.15
16.26,16.08,16.26,16.03
16.10,16.11,16.16,16.01
16.17,16.09,16.17,16.00
16.22,16.15,16.28,16.14
16.20,16.22,16.22,16.20
16.20,16.35,16.44,16.17
16.44,16.34,16.44,16.23
16.43,16.20,16.43,16.04
16.20,15.99,16.20,15.98
16.10,16.15,16.21,16.10
16.30,16.05,16.30,16.05
16.19,16.20,16.20,16.19
16.34,16.22,16.43,16.20
16.36,16.47,16.47,16.36
16.51,16.63,16.63,16.45
16.68,16.65,16.69,16.64
16.65,16.60,16.68,16.57
16.51,16.61,16.61,16.51
16.59,16.46,16.59,16.46
16.44,16.41,16.44,16.39
16.40,16.40,16.46,16.39
16.40,16.50,16.50,16.40
16.50,16.41,16.54,16.41
16.49,16.39,16.49,16.39
16.45,16.44,16.45,16.44
16.55,16.50,16.55,16.50
16.50,16.31,16.50,16.31
16.31,16.36,16.36,16.31
16.37,16.33,16.37,16.19
16.15,16.12,16.29,16.05
16.15,16.15,16.18,16.15
16.20,16.15,16.20,16.15
16.20,16.16,16.20,16.16
16.19,16.46,16.46,16.15
16.45,16.56,16.66,16.39
16.49,16.54,16.55,16.47
16.60,16.63,16.65,16.55
16.68,16.64,16.68,16.63
16.70,16.62,16.70,16.58
16.78,16.87,16.89,16.68
16.90,16.43,16.94,16.39
16.43,16.14,16.45,16.14
16.23,16.19,16.23,16.13
16.23,16.36,16.36,16.23
16.43,16.34,16.43,16.34
16.42,16.32,16.42,16.22
16.39,16.21,16.39,16.21
16.35,16.15,16.35,16.11
16.39,16.19,16.39,16.19
16.26,16.16,16.26,16.10
16.06,16.16,16.16,16.02
16.20,16.21,16.27,16.15
16.11,16.15,16.15,16.06
16.07,16.04,16.15,16.04
16.06,16.06,16.07,16.06
16.06,16.09,16.16,16.02
16.00,16.05,16.05,16.00
16.02,15.95,16.03,15.95
15.94,15.71,15.94,15.57
15.60,15.58,15.60,15.58
15.60,15.71,15.71,15.45
15.62,15.54,15.66,15.50
15.52,15.69,15.69,15.50
15.62,15.63,15.81,15.60
15.67,15.67,15.67,15.67
15.74,15.73,15.74,15.55
15.73,15.81,15.82,15.73
15.85,15.75,15.87,15.75
15.76,15.65,15.86,15.61
15.69,15.39,15.69,15.33
15.40,15.58,15.58,15.39
15.68,15.48,15.68,15.46
15.56,15.48,15.56,15.48
15.56,15.50,15.56,15.41
15.47,15.43,15.47,15.43
15.43,15.42,15.57,15.40
15.42,15.35,15.45,15.35
15.39,15.40,15.47,15.39
15.39,15.44,15.53,15.35
15.41,15.47,15.48,15.41
15.52,15.53,15.58,15.45
15.51,15.56,15.56,15.51
15.52,15.41,15.54,15.38
15.47,15.54,15.56,15.47
15.51,15.52,15.52,15.51
15.56,15.56,15.56,15.56
15.57,15.57,15.57,15.57
15.56,15.63,15.63,15.56
15.70,15.60,15.70,15.59
15.63,15.61,15.72,15.59
15.55,15.48,15.55,15.46
15.48,15.45,15.53,15.45
15.42,15.45,15.55,15.42
15.38,15.50,15.57,15.38
15.49,15.39,15.55,15.39
15.39,15.38,15.44,15.38
15.40,15.45,15.48,15.40
15.51,15.40,15.51,15.38
15.45,15.45,15.45,15.39
15.53,15.47,15.53,15.45
15.43,15.42,15.44,15.38
15.38,15.42,15.42,15.33
15.42,15.53,15.53,15.42
15.51,15.38,15.51,15.33
15.49,15.41,15.49,15.35
15.37,15.51,15.55,15.37
15.49,15.43,15.54,15.35
15.39,15.63,15.63,15.39
15.54,15.47,15.54,15.47
15.40,15.36,15.40,15.35
15.59,15.46,15.59,15.46
15.46,15.50,15.58,15.40
15.43,15.27,15.43,15.25
15.25,15.49,15.49,15.25
15.36,15.26,15.40,15.25
15.26,15.10,15.31,15.10
15.15,15.12,15.29,15.11
15.12,15.17,15.21,15.12
15.28,15.29,15.29,15.27
15.29,15.14,15.29,15.11
15.21,15.26,15.29,15.11
15.19,15.28,15.28,15.11
15.18,15.19,15.37,15.11
15.20,15.20,15.20,15.00
15.20,15.09,15.26,15.05
15.18,15.11,15.22,15.10
15.10,15.18,15.18,15.02
15.11,15.15,15.18,15.08
15.02,15.05,15.23,15.01
15.04,15.12,15.12,15.00
15.04,15.09,15.09,14.95
15.02,15.08,15.08,14.93
15.24,15.00,15.25,15.00
15.15,15.11,15.18,15.10
15.04,14.98,15.13,14.92
15.07,15.00,15.25,14.92
15.08,14.90,15.08,14.90
14.90,14.90,14.96,14.90
14.90,14.96,14.96,14.90
14.99,15.18,15.18,14.98
15.18,15.13,15.18,15.10
15.13,15.17,15.25,15.13
15.19,15.16,15.25,15.15
15.08,15.15,15.15,15.08
15.14,15.17,15.20,15.14
15.17,15.18,15.22,15.17
15.28,15.26,15.29,15.18
15.21,15.21,15.29,15.21
15.20,15.20,15.28,15.20
15.20,15.19,15.28,15.17
15.20,15.20,15.26,15.17
15.25,15.17,15.25,15.17
15.15,15.24,15.24,15.15
15.24,15.32,15.32,15.24
15.35,15.25,15.35,15.25
15.25,15.19,15.30,15.17
15.18,15.22,15.28,15.18
15.28,15.34,15.34,15.22
15.29,15.22,15.35,15.20
15.19,15.17,15.19,15.17
15.17,15.10,15.17,15.08
15.08,15.11,15.14,15.08
15.16,15.08,15.18,15.08
15.09,15.09,15.11,15.07
15.05,15.09,15.16,15.05
15.05,15.10,15.16,15.00
15.10,15.10,15.10,15.10
15.05,15.15,15.15,15.05
15.06,15.04,15.18,15.04
15.04,15.09,15.10,15.04
15.09,15.12,15.15,15.06
15.05,15.05,15.12,15.04
15.13,15.04,15.13,15.04
15.04,15.07,15.11,15.03
15.03,15.09,15.13,15.01
15.11,15.03,15.11,15.01
15.09,15.01,15.12,15.00
15.08,15.05,15.10,15.05
15.08,15.10,15.10,15.04
15.10,15.04,15.10,15.04
15.09,15.05,15.10,15.05
15.01,15.02,15.10,15.01
15.10,15.10,15.10,15.09
15.05,15.01,15.09,15.01
15.01,15.01,15.04,15.01
15.08,15.07,15.08,15.01
15.08,15.00,15.08,14.95
15.00,15.05,15.08,15.00
15.07,15.08,15.08,15.07
15.08,15.15,15.35,15.08
15.29,15.45,15.51,15.20
15.45,15.65,15.72,15.45
15.59,15.56,15.60,15.27
15.56,15.54,15.56,15.49
15.52,15.69,15.92,15.52
15.70,15.63,15.70,15.53
15.69,15.64,15.70,15.64
15.61,15.58,15.61,15.50
15.68,15.72,15.72,15.52
15.62,15.62,15.62,15.62
15.53,15.66,15.70,15.36
15.54,15.46,15.61,15.46
15.34,15.43,15.55,15.33
15.36,15.49,15.49,15.34
15.43,15.43,15.59,15.36
15.36,15.35,15.39,15.35
15.69,15.40,15.69,15.31
15.57,15.40,15.57,15.40
15.69,15.45,15.69,15.45
15.45,15.29,15.45,15.29
15.30,15.30,15.43,15.27
15.40,15.33,15.40,15.26
15.32,15.32,15.39,15.32
15.39,15.31,15.39,15.30
15.34,15.39,15.39,15.34
15.43,15.35,15.43,15.27
15.42,15.30,15.42,15.28
15.38,15.29,15.38,15.25
15.35,15.43,15.44,15.35
15.44,15.33,15.44,15.29
15.39,15.40,15.44,15.38
15.31,15.40,15.42,15.30
15.40,15.36,15.45,15.36
15.30,15.31,15.44,15.30
15.28,15.28,15.37,15.28
15.28,15.35,15.38,15.28
15.31,15.38,15.41,15.29
15.31,15.19,15.32,15.11
15.29,15.22,15.29,15.21
15.20,15.24,15.26,15.19
15.20,15.15,15.25,15.15
15.24,15.25,15.25,15.23
15.16,15.25,15.25,15.15
15.18,15.37,15.37,15.18
15.28,15.26,15.28,15.26
15.18,15.21,15.27,15.18
15.20,15.27,15.27,15.20
15.30,15.20,15.38,15.20
15.21,15.15,15.38,15.12
15.22,15.16,15.30,15.16
15.17,15.16,15.31,15.16
15.17,15.25,15.38,15.17
15.16,15.15,15.30,15.15
15.15,15.17,15.24,15.15
15.11,15.13,15.18,15.10
15.14,15.05,15.20,15.05
15.05,15.10,15.14,14.90
15.03,15.11,15.13,15.03
15.11,15.15,15.15,15.08
15.06,15.00,15.07,15.00
15.23,15.15,15.24,15.11
15.15,15.01,15.15,15.01
15.05,15.10,15.14,15.05
15.11,15.17,15.18,15.11
15.10,15.30,15.30,15.10
15.26,15.24,15.37,15.24
15.20,15.17,15.38,15.10
15.11,15.21,15.22,15.11
15.15,15.18,15.23,15.15
15.26,15.27,15.32,15.21
15.27,15.21,15.44,15.18
15.29,15.38,15.38,15.23
15.38,15.23,15.38,15.15
15.22,15.26,15.28,15.15
15.36,15.37,15.37,15.27
15.44,15.22,15.47,15.22
15.30,15.42,15.42,15.25
15.35,15.55,15.57,15.26
15.62,15.40,15.62,15.40
15.50,15.49,15.50,15.48
15.44,15.51,15.59,15.44
15.46,15.44,15.54,15.44
15.55,15.49,15.55,15.49
15.49,15.52,15.52,15.49
15.59,15.51,15.59,15.51
15.58,15.59,15.59,15.58
15.52,15.53,15.53,15.52
15.59,15.58,15.59,15.53
15.52,15.59,15.60,15.52
15.60,15.58,15.60,15.55
15.60,15.42,15.68,15.34
15.41,15.33,15.41,15.33
15.29,15.29,15.35,15.29
15.28,15.25,15.37,15.25
15.32,15.47,15.48,15.27
15.42,15.50,15.50,15.35
15.50,15.47,15.52,15.40
15.42,15.49,15.55,15.41
15.49,15.48,15.50,15.41
15.45,15.47,15.47,15.43
15.49,15.49,15.53,15.40
15.43,15.51,15.51,15.42
15.50,15.51,15.51,15.50
15.44,15.58,15.59,15.41
15.59,15.68,15.68,15.53
15.61,15.70,15.82,15.61
15.74,15.52,15.74,15.50
15.46,15.68,15.69,15.46
15.69,15.52,15.69,15.45
15.57,15.65,15.71,15.49
15.72,15.71,15.72,15.71
15.64,15.71,15.71,15.60
15.63,15.75,15.77,15.62
15.79,15.66,15.79,15.65
15.57,15.44,15.59,15.42
15.46,15.58,15.58,15.46
15.50,15.45,15.50,15.45
15.46,15.42,15.55,15.40
15.40,15.48,15.53,15.40
15.42,15.41,15.52,15.41
15.44,15.43,15.45,15.35
15.45,15.33,15.45,15.28
15.34,15.45,15.45,15.34
15.45,15.48,15.54,15.35
15.48,15.23,15.48,15.16
15.29,15.17,15.29,15.17
15.15,15.13,15.24,15.13
15.20,15.24,15.27,15.13
15.21,15.19,15.29,15.16
15.20,15.11,15.28,15.11
15.14,15.02,15.14,15.02
15.02,15.02,15.10,15.02
15.03,15.05,15.13,15.03
15.10,15.05,15.11,15.00
15.03,15.10,15.11,15.03
15.13,15.02,15.21,15.00
15.02,15.04,15.11,15.02
15.04,15.07,15.08,15.02
15.03,15.10,15.16,15.03
15.06,15.08,15.11,15.03
15.09,15.09,15.09,15.06
15.12,15.11,15.13,15.07
15.06,15.09,15.12,15.06
15.05,15.06,15.11,15.05
15.04,15.04,15.12,15.04
15.03,15.03,15.09,15.03
15.04,15.03,15.06,15.02
15.02,15.04,15.05,14.98
15.03,15.08,15.12,15.03
15.11,15.04,15.11,15.02
15.03,15.03,15.09,15.02
15.02,15.02,15.06,15.02
15.06,15.00,15.13,15.00
15.00,15.00,15.06,14.99
15.00,15.00,15.04,14.97
15.03,15.01,15.07,15.01
14.98,14.98,15.00,14.97
14.98,15.08,15.09,14.97
15.09,15.10,15.10,15.06
15.10,15.04,15.12,15.04
15.09,15.11,15.18,15.07
15.07,15.06,15.10,15.06
15.05,15.10,15.14,15.04
15.08,15.05,15.12,15.03
15.04,15.06,15.08,15.04
15.06,15.11,15.17,15.04
15.14,15.11,15.14,15.11
15.07,15.06,15.10,15.03
15.03,15.03,15.06,15.03
15.05,15.03,15.10,15.00
15.02,15.00,15.04,15.00
14.99,15.02,15.03,14.96
14.98,14.99,15.02,14.95
15.00,14.98,15.05,14.97
14.98,15.00,15.05,14.97
14.99,14.98,15.03,14.95
15.02,14.97,15.02,14.97
14.97,14.95,14.99,14.94
14.93,14.98,14.98,14.93
14.97,14.97,14.97,14.97
15.01,14.98,15.01,14.97
14.93,14.95,15.00,14.93
14.95,15.00,15.04,14.95
15.00,14.99,15.00,14.95
14.99,15.02,15.03,14.99
15.01,15.00,15.04,15.00
15.00,15.06,15.07,15.00
15.09,15.01,15.09,15.00
15.03,14.99,15.04,14.99
15.00,14.99,15.02,14.99
14.99,15.00,15.00,14.99
14.99,14.99,15.01,14.99
15.01,15.01,15.01,14.99
15.03,15.02,15.03,15.01
15.01,15.08,15.08,15.00
15.04,15.08,15.14,15.03
15.03,15.07,15.09,15.01
15.08,15.05,15.10,15.02
15.07,15.03,15.09,15.01
15.01,15.00,15.01,15.00
15.02,15.01,15.04,15.00
15.05,15.00,15.05,15.00
15.01,15.01,15.02,15.01
15.02,15.04,15.04,15.01
15.01,15.03,15.05,15.00
15.04,15.02,15.05,15.00
15.00,15.08,15.08,14.98
15.09,15.06,15.09,15.02
15.08,15.08,15.08,14.99
15.06,15.05,15.09,15.05
15.08,15.13,15.13,15.07
15.14,15.13,15.14,15.09
15.19,15.11,15.19,15.08
15.09,15.10,15.11,15.09
15.14,15.10,15.14,15.05
15.09,15.10,15.10,15.06
15.11,14.98,15.11,14.98
15.00,15.01,15.01,14.99
15.01,15.05,15.05,14.99
15.10,15.00,15.10,14.99
15.02,14.98,15.02,14.98
15.08,14.99,15.08,14.98
15.04,15.00,15.06,14.99
15.01,15.00,15.01,14.98
15.04,14.99,15.05,14.99
14.99,15.09,15.10,14.99
15.09,15.10,15.13,15.04
15.04,15.03,15.12,15.02
15.09,15.04,15.09,15.01
15.05,15.00,15.10,15.00
15.01,15.00,15.01,14.99
15.00,15.01,15.08,14.99
15.01,15.07,15.07,14.99
15.07,15.03,15.08,15.03
15.05,15.05,15.07,14.99
15.02,15.00,15.04,15.00
15.04,15.04,15.05,15.02
15.04,15.04,15.04,15.01
15.04,15.05,15.06,15.02
15.04,15.10,15.10,15.03
15.06,15.01,15.07,14.89
15.02,15.00,15.04,14.98
15.03,15.04,15.06,14.98
15.03,14.99,15.05,14.99
14.97,15.00,15.07,14.97
15.04,15.05,15.05,15.04
15.05,15.04,15.06,15.04
15.00,15.00,15.09,15.00
15.07,14.98,15.07,14.98
15.00,14.99,15.00,14.98
15.01,14.95,15.01,14.94
14.96,14.96,15.03,14.96
15.00,14.97,15.04,14.95
14.97,14.95,15.02,14.95
14.96,14.97,14.99,14.95
14.99,14.99,15.04,14.97
15.00,15.03,15.03,14.99
15.04,15.03,15.04,15.00
15.05,15.04,15.07,15.00
15.10,15.00,15.10,15.00
15.04,15.07,15.10,15.04
15.10,15.05,15.10,15.05
15.02,15.05,15.05,15.02
15.09,15.05,15.09,15.05
15.01,14.99,15.06,14.99
15.02,15.00,15.03,15.00
15.02,15.04,15.04,15.02
15.02,15.00,15.03,15.00
15.01,15.04,15.04,14.96
14.98,14.96,15.00,14.96
14.97,15.00,15.03,14.97
14.99,15.00,15.04,14.99
15.05,15.02,15.06,15.02
15.02,15.05,15.05,15.00
15.05,15.00,15.05,15.00
15.05,15.02,15.05,14.99
15.01,14.99,15.05,14.99
15.00,14.99,15.00,14.99
14.99,14.99,15.05,14.99
15.00,15.03,15.04,14.97
15.04,15.04,15.04,15.02
15.04,15.03,15.04,15.00
15.04,15.03,15.07,15.03
15.01,15.00,15.01,14.97
15.04,15.01,15.04,14.98
14.98,15.02,15.02,14.98
15.02,15.02,15.02,15.02
15.05,14.99,15.07,14.99
14.99,14.99,15.00,14.98
14.99,14.99,15.01,14.98
15.02,15.00,15.02,14.98
14.98,15.03,15.04,14.98
15.00,15.00,15.04,14.99
15.01,14.97,15.01,14.97
14.98,15.02,15.03,14.98
15.00,15.00,15.04,14.99
15.01,15.11,15.11,15.00
15.10,15.12,15.14,15.08
15.11,15.10,15.11,15.07
15.10,15.05,15.10,15.01
15.04,15.02,15.04,15.00
15.02,15.01,15.02,15.01
15.01,14.98,15.01,14.98
15.03,14.98,15.03,14.98
15.00,15.02,15.06,15.00
15.01,15.02,15.02,15.01
15.02,15.00,15.02,15.00
15.00,14.99,15.02,14.98
15.00,14.99,15.00,14.99
15.02,15.01,15.02,14.98
15.00,15.00,15.02,14.93
15.02,14.97,15.02,14.93
15.01,14.96,15.01,14.95
14.96,14.95,15.00,14.95
14.96,14.99,14.99,14.96
15.01,14.97,15.01,14.97
15.00,14.97,15.00,14.95
15.01,15.00,15.01,14.95
15.01,14.98,15.01,14.95
14.99,15.00,15.01,14.99
14.99,14.98,14.99,14.98
14.98,14.96,15.00,14.95
14.96,14.96,14.98,14.95
14.96,14.98,14.99,14.95
14.95,14.98,14.98,14.94
14.98,14.97,15.00,14.97
14.99,14.99,14.99,14.97
15.00,15.02,15.02,14.96
15.01,15.00,15.01,15.00
14.96,14.97,14.98,14.95
14.95,14.99,14.99,14.95
14.97,14.99,14.99,14.96
14.95,14.95,14.97,14.93
14.95,15.05,15.05,14.95
15.02,14.96,15.04,14.96
14.97,15.00,15.03,14.95
14.99,14.99,14.99,14.99
15.00,14.99,15.01,14.99
14.99,14.97,15.00,14.97
14.99,15.00,15.01,14.99
14.98,14.99,15.01,14.98
14.99,15.00,15.01,14.99
15.00,15.09,15.09,15.00
15.09,15.09,15.09,15.09
15.08,15.08,15.10,15.06
15.14,15.12,15.14,15.12
15.12,15.10,15.15,15.09
15.04,15.06,15.10,15.04
15.06,15.05,15.06,15.03
15.05,15.01,15.08,14.98
15.00,15.04,15.05,14.98
15.00,15.00,15.06,14.99
15.06,15.02,15.07,15.01
15.02,15.01,15.04,14.99
15.01,15.02,15.04,15.01
15.00,14.96,15.03,14.95
14.96,14.99,15.02,14.96
15.08,15.08,15.08,15.08
15.15,15.15,15.15,15.15
15.19,15.11,15.19,15.11
15.10,15.04,15.10,15.00
15.11,15.03,15.11,15.02
15.02,15.06,15.09,15.01
15.01,15.09,15.10,15.01
15.07,15.02,15.19,15.02
15.04,15.02,15.04,15.01
15.04,15.02,15.08,15.02
15.05,15.12,15.13,15.05
15.09,15.00,15.13,15.00
15.09,15.10,15.11,15.06
15.11,15.11,15.11,15.07
15.06,14.99,15.09,14.93
14.98,15.05,15.06,14.98
15.04,15.04,15.07,15.03
15.04,15.05,15.07,15.04
14.98,15.04,15.04,14.98
15.02,15.05,15.05,15.00
15.07,15.02,15.07,15.02
15.02,15.02,15.07,15.02
15.02,15.00,15.02,14.98
14.99,15.01,15.01,14.99
15.01,15.03,15.03,15.01
15.03,15.05,15.05,15.03
15.01,15.05,15.07,15.01
15.01,15.01,15.06,15.00
15.02,15.03,15.04,15.01
15.03,15.04,15.07,15.02
15.04,15.03,15.05,15.02
15.06,15.04,15.06,15.02
15.05,15.05,15.05,15.04
15.05,15.04,15.05,15.02
15.04,15.04,15.05,15.02
15.05,15.04,15.05,15.02
15.03,15.05,15.05,15.02
15.04,15.05,15.05,15.04
15.04,15.03,15.05,15.03
15.04,15.01,15.05,15.01
15.03,15.05,15.05,15.03
15.02,15.03,15.09,15.02
15.04,15.04,15.05,15.04
15.05,15.06,15.08,15.05
15.07,15.08,15.09,15.07
15.07,15.05,15.07,15.05
15.05,15.06,15.07,15.05
15.06,15.05,15.06,15.05
15.05,15.04,15.05,15.04
15.05,15.05,15.06,15.04
15.03,15.03,15.04,15.02
15.05,15.05,15.08,15.02
15.04,15.02,15.04,15.02
15.02,15.00,15.05,15.00
15.00,15.00,15.00,14.99
15.00,14.98,15.01,14.98
14.98,14.99,15.00,14.98
14.99,14.98,14.99,14.97
14.97,14.95,14.99,14.95
14.94,14.95,14.99,14.94
14.96,14.95,14.97,14.95
14.96,14.94,14.98,14.94
14.95,14.93,14.99,14.93
14.94,14.93,14.94,14.93
14.95,14.92,14.95,14.92
14.92,14.92,14.94,14.92
14.91,14.88,14.91,14.82
14.85,14.85,14.85,14.83
14.87,14.92,14.92,14.87
14.84,14.95,14.95,14.84
14.92,14.92,14.92,14.92
14.90,14.92,14.92,14.90
14.94,14.85,14.99,14.85
14.90,14.94,14.94,14.88
14.91,14.91,14.92,14.90
14.84,14.86,14.86,14.84
14.85,14.87,14.88,14.85
14.88,14.88,14.88,14.88
14.88,14.85,14.88,14.85
14.89,14.89,14.89,14.89
14.89,14.91,14.95,14.89
14.95,14.92,14.96,14.90
14.87,14.83,14.87,14.83
14.88,14.87,14.88,14.87
14.91,14.90,14.91,14.87
14.88,14.84,14.88,14.84
14.83,14.86,14.86,14.83
14.85,14.82,14.88,14.82
14.82,14.81,14.83,14.80
14.83,14.75,14.85,14.74
14.71,14.72,14.76,14.65
14.70,14.88,14.88,14.70
14.84,14.82,14.84,14.78
14.88,14.80,14.88,14.80
14.80,14.95,14.96,14.80
14.93,14.91,14.93,14.86
14.80,14.80,14.80,14.80
14.75,14.80,14.80,14.75
14.84,14.78,14.85,14.75
14.75,14.70,14.75,14.67
14.70,14.80,14.80,14.70
14.73,14.86,14.97,14.73
14.77,14.75,14.80,14.66
14.70,14.73,14.75,14.70
14.65,14.68,14.80,14.65
14.73,14.76,14.77,14.73
14.73,14.91,14.91,14.73
14.88,14.87,14.88,14.86
14.81,14.83,14.83,14.81
14.78,14.90,14.92,14.76
14.85,14.88,14.90,14.85
14.79,14.92,14.92,14.73
14.93,14.96,14.96,14.84
14.91,14.95,14.95,14.85
14.96,14.96,14.96,14.96
14.97,14.96,15.01,14.96
14.87,14.95,14.95,14.87
15.05,14.91,15.05,14.91
15.00,14.95,15.00,14.95
14.98,15.00,15.05,14.96
14.96,14.98,15.00,14.91
14.89,14.93,15.03,14.88
14.92,14.88,15.00,14.88
nan,14.88,nan,nan
14.83,14.78,14.90,14.73
14.79,14.79,14.94,14.79
14.77,14.79,14.82,14.77
14.78,14.78,14.79,14.76
14.78,14.78,14.79,14.78
14.85,14.78,15.00,14.78
14.79,14.79,14.79,14.79
14.78,14.77,14.78,14.77
14.81,14.81,14.86,14.81
14.81,14.81,14.81,14.78
14.79,14.80,14.81,14.79
14.80,14.77,14.80,14.77
14.80,14.81,14.81,14.80
14.80,14.81,14.81,14.79
14.90,14.90,14.90,14.90
14.91,14.92,14.93,14.81
14.89,14.98,14.98,14.87
14.92,14.99,15.01,14.92
14.98,14.96,15.02,14.96
14.95,14.86,15.05,14.82
14.92,14.92,14.92,14.84
14.84,14.84,14.84,14.84
14.90,14.90,14.90,14.88
14.88,14.82,14.88,14.80
14.84,14.80,14.86,14.75
14.76,14.92,14.97,14.76
14.92,14.92,14.92,14.92
14.96,14.95,14.96,14.93
14.90,14.95,14.95,14.90
14.89,14.94,14.95,14.89
14.94,14.89,14.94,14.86
14.84,14.89,14.94,14.84
14.94,14.94,15.02,14.86
14.91,14.96,15.02,14.91
14.96,14.94,15.01,14.94
14.98,14.95,14.99,14.95
14.93,14.94,14.95,14.92
14.91,14.92,14.97,14.91
14.91,14.97,14.97,14.91
14.98,14.98,14.98,14.98
14.92,14.92,14.92,14.92
14.96,15.01,15.01,14.92
14.94,14.88,14.97,14.88
14.89,14.92,14.92,14.89
14.91,14.90,14.94,14.88
14.90,14.90,14.99,14.88
14.89,14.95,14.96,14.89
14.95,14.99,14.99,14.95
14.99,14.95,14.99,14.95
14.96,14.96,14.96,14.96
14.96,14.95,14.96,14.95
14.95,14.97,14.98,14.95
14.97,14.96,14.97,14.95
14.90,14.90,14.91,14.89
14.89,14.90,14.99,14.89
15.00,14.95,15.00,14.91
14.94,14.96,14.96,14.91
14.92,14.91,14.96,14.91
14.90,14.89,14.91,14.89
14.87,14.88,14.93,14.87
14.91,14.91,14.98,14.91
14.97,15.00,15.00,14.90
14.99,14.97,14.99,14.97
14.95,15.04,15.04,14.95
15.00,15.01,15.01,15.00
15.08,15.00,15.09,15.00
15.09,15.09,15.09,15.09
15.06,15.06,15.06,15.06
nan,15.06,nan,nan
15.06,15.05,15.07,15.05
15.03,15.03,15.03,15.03
15.06,15.00,15.06,15.00
15.00,15.00,15.00,15.00
14.96,15.00,15.00,14.96
15.06,15.01,15.06,15.01
15.02,15.09,15.09,14.99
15.05,15.00,15.05,15.00
15.01,14.98,15.13,14.98
15.08,14.98,15.08,14.98
14.99,15.00,15.02,14.99
15.09,15.04,15.10,15.01
15.02,14.98,15.02,14.95
14.96,14.89,15.03,14.85
14.96,14.99,15.00,14.88
14.97,14.91,15.01,14.90
14.99,15.00,15.01,14.99
15.08,14.97,15.09,14.97
15.08,15.03,15.09,15.01
15.00,15.01,15.01,15.00
15.00,15.01,15.01,15.00
15.00,14.95,15.05,14.95
14.95,15.01,15.01,14.93
14.96,14.96,14.96,14.96
14.94,14.95,15.00,14.93
14.98,14.98,15.00,14.98
14.95,14.94,14.97,14.91
nan,14.94,nan,nan
14.95,15.08,15.11,14.95
15.05,14.98,15.05,14.97
15.00,14.98,15.00,14.95
14.96,14.95,15.06,14.90
14.95,14.95,14.97,14.94
15.00,15.01,15.02,15.00
15.02,15.00,15.02,14.97
15.02,14.94,15.02,14.93
14.94,14.94,14.98,14.94
14.94,14.94,14.97,14.94
14.94,14.94,15.01,14.94
14.94,14.96,14.96,14.94
14.94,15.01,15.01,14.94
14.98,14.99,15.02,14.95
14.96,14.96,14.96,14.91
14.95,14.96,15.00,14.95
14.96,15.01,15.01,14.95
15.00,15.00,15.02,14.98
15.00,15.00,15.02,14.97
15.00,15.03,15.03,15.00
15.03,15.00,15.03,15.00
15.00,15.03,15.03,15.00
15.03,15.03,15.03,14.99
15.03,15.01,15.03,15.01
15.03,15.05,15.05,15.01
15.05,15.01,15.08,15.01
15.04,15.09,15.10,15.03
15.03,14.99,15.06,14.99
15.13,15.07,15.13,15.04
15.03,15.02,15.08,15.00
14.98,15.01,15.01,14.98
15.00,15.00,15.00,15.00
15.00,15.00,15.01,15.00
15.00,15.02,15.02,15.00
15.02,15.01,15.03,15.00
15.01,15.01,15.01,15.01
15.00,15.00,15.01,15.00
15.00,15.05,15.06,15.00
15.08,15.01,15.09,15.01
15.01,15.03,15.05,15.01
nan,15.03,nan,nan
15.01,15.01,15.05,15.01
15.02,15.02,15.02,15.02
15.03,15.04,15.04,15.00
15.00,15.00,15.02,15.00
15.01,15.04,15.04,15.01
15.04,15.04,15.04,15.04
15.03,15.03,15.04,15.03
15.03,15.03,15.03,15.03
15.01,15.01,15.02,15.01
15.00,15.03,15.03,15.00
15.01,15.01,15.01,15.01
15.01,15.01,15.01,15.00
15.01,14.98,15.01,14.97
15.00,15.00,15.01,14.98
15.00,15.01,15.01,14.99
15.00,15.01,15.01,15.00
15.01,15.01,15.01,14.99
14.99,14.99,14.99,14.98
nan,14.99,nan,nan
14.99,15.01,15.01,14.99
14.97,14.98,15.00,14.97
15.01,15.01,15.01,15.00
15.01,15.02,15.03,14.99
15.00,15.00,15.02,15.00
15.00,15.01,15.03,14.99
15.01,15.00,15.04,15.00
15.00,15.00,15.04,15.00
15.03,15.01,15.03,15.01
15.00,15.01,15.02,15.00
15.01,15.00,15.01,14.97
15.00,15.01,15.01,15.00
15.00,14.98,15.03,14.97
14.99,15.01,15.01,14.98
15.00,15.00,15.01,15.00
15.03,15.02,15.03,15.00
15.02,15.01,15.03,15.01
15.01,15.00,15.01,15.00
15.00,15.00,15.00,15.00
15.03,15.02,15.03,15.00
15.00,15.00,15.02,15.00
15.02,15.02,15.07,15.02
15.01,15.01,15.03,15.01
15.02,15.01,15.05,15.01
15.05,15.05,15.05,15.05
15.05,15.05,15.08,15.02
15.06,15.02,15.06,15.02
15.03,15.01,15.04,15.01
15.01,15.01,15.02,15.00
15.08,15.01,15.08,15.00
15.01,15.00,15.01,15.00
15.00,15.00,15.03,15.00
15.01,15.02,15.02,15.00
15.01,15.00,15.04,15.00
15.00,15.00,15.00,15.00
15.00,15.00,15.00,15.00
15.00,15.00,15.00,15.00
15.00,15.00,15.02,15.00
15.00,14.98,15.00,14.98
14.99,14.99,15.00,14.98
14.99,14.98,14.99,14.98
14.98,14.96,15.00,14.96
14.96,14.98,14.99,14.95
14.98,14.99,15.00,14.98
15.00,14.99,15.00,14.97
14.99,14.96,15.04,14.96
14.99,14.97,15.00,14.97
15.01,14.98,15.01,14.98
15.01,15.01,15.02,15.01
15.01,15.05,15.06,15.01
15.05,15.05,15.06,15.01
15.05,15.07,15.07,15.05
15.06,15.07,15.07,15.01
15.06,15.01,15.06,15.01
15.05,15.06,15.10,15.05
15.03,15.09,15.10,15.03
15.07,15.01,15.07,15.01
15.00,15.05,15.07,15.00
15.02,15.05,15.05,15.02
15.03,15.01,15.13,15.01
15.04,15.05,15.05,15.04
15.03,15.01,15.10,15.01
15.05,15.04,15.06,15.03
15.04,15.05,15.05,15.02
15.08,15.08,15.08,15.01
15.09,15.04,15.09,15.04
15.05,15.03,15.05,15.01
15.02,15.03,15.03,15.02
15.03,15.05,15.05,15.03
15.06,15.05,15.07,15.05
15.03,15.04,15.04,15.02
15.02,15.02,15.02,15.01
15.01,15.03,15.03,14.99
15.01,15.03,15.03,15.01
15.01,15.01,15.03,15.01
15.02,15.04,15.04,15.02
15.04,15.04,15.04,15.04
15.01,15.01,15.03,15.00
nan,15.01,nan,nan
15.04,15.04,15.05,15.04
15.03,15.03,15.03,15.03
15.02,15.02,15.03,15.00
15.02,15.04,15.04,15.02
15.02,15.04,15.05,15.02
nan,15.04,nan,nan
15.00,15.03,15.03,15.00
15.01,15.01,15.01,15.01
15.01,15.02,15.02,15.01
15.02,15.02,15.03,15.02
15.04,15.05,15.05,15.02
15.06,15.06,15.07,15.05
15.07,15.07,15.07,15.07
15.04,15.05,15.06,15.04
15.05,15.05,15.05,15.05
15.05,15.07,15.10,15.05
15.06,15.05,15.06,15.05
15.10,15.08,15.12,15.06
15.06,15.08,15.08,15.06
15.09,15.09,15.09,15.06
15.06,15.06,15.06,15.06
15.06,15.05,15.06,15.05
15.06,15.05,15.06,15.05
15.06,15.05,15.08,15.05
15.05,15.05,15.05,15.05
15.06,15.05,15.06,15.05
15.05,15.05,15.05,15.05
15.05,15.06,15.06,15.05
15.05,15.06,15.07,15.05
15.05,15.07,15.07,15.03
15.05,15.05,15.08,15.05
15.06,15.05,15.06,15.05
15.05,15.05,15.05,15.05
15.05,15.05,15.18,15.05
15.05,15.04,15.05,15.04
15.09,15.09,15.09,15.04
nan,15.09,nan,nan
15.05,15.06,15.06,15.05
15.05,15.05,15.05,15.05
15.05,15.07,15.10,15.05
15.04,15.04,15.06,15.03
15.08,15.08,15.08,15.08
15.08,15.02,15.08,14.99
15.03,15.04,15.04,15.02
15.01,15.01,15.01,15.01
15.03,15.05,15.05,15.03
15.02,15.02,15.02,15.02
15.03,15.02,15.05,15.02
15.03,15.03,15.03,15.03
15.05,15.05,15.05,15.05
15.03,15.04,15.05,15.03
15.03,15.03,15.04,15.03
15.05,15.05,15.05,15.03
15.03,15.03,15.03,15.03
15.03,15.03,15.03,15.03
15.07,15.04,15.11,15.04
15.05,15.05,15.05,15.05
15.03,15.11,15.11,15.03
15.03,15.01,15.03,15.01
15.01,15.03,15.03,15.01
15.02,15.02,15.03,15.02
15.03,15.03,15.09,15.03
15.07,15.06,15.07,15.06
15.07,15.05,15.07,15.05
15.03,15.03,15.03,15.03
15.09,15.01,15.09,15.01
15.03,15.04,15.05,15.03
15.04,15.02,15.04,15.02
15.02,15.01,15.02,15.01
15.01,15.01,15.03,15.01
15.01,15.04,15.04,15.01
15.04,15.01,15.05,15.01
15.02,15.01,15.02,15.01
15.01,15.01,15.01,15.01
15.02,15.01,15.02,15.01
15.02,15.01,15.02,15.01
15.01,15.02,15.05,15.01
15.00,15.04,15.04,14.99
15.05,15.03,15.05,15.03
15.00,15.12,15.12,14.99
15.03,14.98,15.04,14.98
15.03,14.98,15.03,14.98
15.01,15.01,15.01,15.01
15.00,15.04,15.04,15.00
15.03,14.99,15.03,14.99
15.01,15.00,15.01,14.98
14.96,15.00,15.00,14.94
nan,15.00,nan,nan
15.01,15.01,15.01,14.99
14.98,14.99,15.02,14.98
14.99,14.97,15.03,14.97
14.97,14.98,15.03,14.97
15.03,14.95,15.03,14.95
14.99,14.99,14.99,14.99
14.97,15.03,15.03,14.97
14.98,15.02,15.02,14.98
nan,15.02,nan,nan
14.95,14.95,14.95,14.95
15.00,14.97,15.00,14.96
14.95,14.95,14.99,14.94
14.95,14.97,14.97,14.95
14.94,14.97,15.00,14.93
14.90,14.93,14.95,14.90
14.94,14.94,14.94,14.94
14.92,14.89,14.93,14.86
14.89,14.88,14.93,14.88
14.90,14.88,14.90,14.88
14.87,14.81,14.87,14.76
14.82,14.75,14.85,14.74
14.78,14.78,14.82,14.77
14.78,14.73,14.78,14.72
14.74,14.73,14.74,14.73
14.74,14.80,14.80,14.74
14.84,14.87,14.96,14.81
14.88,14.99,15.00,14.88
14.95,14.94,14.95,14.94
14.92,14.82,14.92,14.80
14.84,14.83,14.87,14.83
14.82,14.83,14.85,14.82
14.87,14.87,14.87,14.84
14.86,14.83,14.86,14.83
