BTZ,BlackRock Credit Allocation Income Trust,NASDAQ
11.32,11.38,11.38,11.25
11.35,11.43,11.45,11.33
11.45,11.44,11.48,11.41
11.41,11.46,11.47,11.36
11.39,11.48,11.48,11.39
11.50,11.52,11.55,11.43
11.45,11.50,11.54,11.42
11.49,11.59,11.64,11.49
11.62,11.68,11.68,11.58
11.62,11.68,11.68,11.60
11.65,11.84,11.85,11.65
11.81,11.86,11.86,11.76
11.82,11.81,11.89,11.73
11.73,11.72,11.82,11.69
11.70,11.77,11.84,11.65
11.67,11.73,11.85,11.67
11.72,11.67,11.75,11.62
11.67,11.61,11.70,11.60
11.66,11.52,11.66,11.49
11.59,11.62,11.65,11.57
11.60,11.79,11.80,11.60
11.72,11.82,11.84,11.70
11.75,11.65,11.77,11.63
11.58,11.45,11.62,11.15
11.35,11.41,11.48,11.34
11.51,11.58,11.63,11.38
11.45,11.46,11.54,11.44
11.51,11.46,11.51,11.43
11.41,11.51,11.51,11.40
11.48,11.59,11.64,11.37
11.66,11.63,11.66,11.53
11.63,11.56,11.63,11.55
11.52,11.60,11.63,11.51
11.63,11.64,11.65,11.60
11.58,11.65,11.67,11.58
11.64,11.78,11.80,11.61
11.70,11.84,11.84,11.70
11.90,11.95,11.97,11.81
12.05,12.01,12.05,11.92
12.05,12.03,12.12,12.00
12.05,12.07,12.10,11.95
12.01,12.06,12.11,12.01
12.05,12.18,12.19,12.03
12.16,12.13,12.17,12.09
12.06,12.12,12.16,12.06
12.09,12.11,12.18,12.07
12.04,12.00,12.10,11.98
12.02,12.06,12.10,12.00
12.05,12.10,12.10,11.96
12.11,12.12,12.14,12.04
12.09,12.10,12.16,12.09
12.10,12.08,12.13,12.05
12.08,12.03,12.09,12.03
11.99,12.05,12.09,11.97
12.09,12.20,12.20,12.05
12.15,12.10,12.19,12.07
12.13,12.12,12.19,12.10
12.15,12.15,12.19,12.10
12.18,12.22,12.24,12.12
12.19,12.18,12.24,12.16
12.22,12.19,12.24,12.18
12.26,12.33,12.33,12.18
12.34,12.41,12.42,12.30
12.39,12.42,12.46,12.30
12.42,12.37,12.42,12.33
12.37,12.39,12.40,12.34
12.39,12.39,12.41,12.34
12.39,12.46,12.48,12.37
12.31,12.44,12.44,12.31
12.45,12.42,12.47,12.36
12.40,12.42,12.44,12.32
12.39,12.28,12.41,12.25
12.20,12.28,12.37,12.18
12.32,12.39,12.40,12.28
12.39,12.33,12.45,12.27
12.30,12.34,12.36,12.27
12.37,12.48,12.48,12.31
12.47,12.52,12.53,12.43
12.51,12.38,12.53,12.35
12.38,12.52,12.52,12.38
12.55,12.63,12.65,12.50
12.67,12.59,12.67,12.55
12.61,12.66,12.69,12.60
12.58,12.57,12.62,12.51
12.45,12.47,12.59,12.42
12.46,11.69,12.48,10.65
11.80,11.95,12.05,11.75
12.27,12.30,12.40,12.20
12.15,12.40,12.40,12.15
12.33,12.38,12.40,12.29
12.38,12.33,12.43,12.23
12.30,12.16,12.30,12.03
12.20,12.16,12.23,12.02
12.19,12.24,12.25,12.16
12.20,12.05,12.25,11.97
11.76,11.66,11.76,11.55
11.51,11.83,11.92,11.45
11.88,12.03,12.07,11.80
11.73,12.01,12.03,11.66
12.06,12.04,12.18,11.99
12.29,12.24,12.29,12.12
12.32,12.21,12.32,12.01
12.10,12.08,12.24,12.06
11.60,11.89,11.89,11.60
11.88,11.87,11.90,11.79
11.63,11.57,11.76,11.56
11.63,11.69,11.76,11.62
11.69,11.75,11.76,11.69
11.83,11.69,11.86,11.68
11.77,11.87,11.87,11.77
11.71,11.75,11.81,11.67
11.74,11.77,11.85,11.70
11.75,11.85,11.85,11.75
11.76,11.80,11.85,11.73
11.73,11.74,11.84,11.69
11.74,11.81,11.90,11.74
11.84,11.85,11.88,11.76
11.81,11.78,11.88,11.77
11.79,11.84,11.84,11.75
11.82,11.87,11.89,11.81
11.87,11.96,11.97,11.87
11.97,12.04,12.04,11.91
11.95,11.99,11.99,11.81
12.05,11.96,12.05,11.85
11.70,12.03,12.04,11.68
11.97,12.01,12.04,11.86
12.04,11.83,12.07,11.82
11.82,11.94,11.95,11.82
11.93,11.85,11.93,11.82
11.78,11.84,11.90,11.78
11.77,11.87,11.92,11.77
11.84,11.96,11.96,11.77
11.88,11.92,11.96,11.87
11.96,12.01,12.01,11.90
12.02,11.98,12.03,11.95
12.03,12.08,12.08,11.96
11.88,12.06,12.09,11.88
12.07,12.11,12.12,12.03
12.12,12.27,12.27,12.09
12.27,12.34,12.34,12.12
12.38,12.43,12.43,12.32
12.45,12.46,12.46,12.40
12.45,12.40,12.46,12.30
12.42,12.45,12.45,12.40
12.44,12.49,12.49,12.36
12.57,12.52,12.57,12.46
12.52,12.61,12.62,12.48
12.59,12.66,12.66,12.53
12.61,12.63,12.68,12.58
12.61,12.74,12.75,12.61
12.75,12.85,12.86,12.72
12.82,12.79,12.82,12.74
12.63,12.70,12.74,12.63
12.59,12.76,12.76,12.59
12.80,12.81,12.82,12.75
12.77,12.81,12.81,12.76
12.81,12.77,12.91,12.75
12.74,12.81,12.89,12.72
12.85,12.74,12.88,12.74
12.74,12.85,12.85,12.74
12.93,12.93,12.96,12.85
12.90,12.94,13.03,12.85
12.90,13.05,13.12,12.90
13.02,13.21,13.23,12.98
13.30,13.28,13.31,13.21
13.22,13.12,13.26,13.11
13.16,13.16,13.20,13.07
13.17,13.28,13.32,13.16
13.23,13.28,13.36,13.23
13.25,13.32,13.32,13.20
13.23,13.36,13.36,13.23
13.50,13.37,13.59,13.26
13.37,13.27,13.38,13.24
13.32,13.29,13.32,13.21
13.29,13.08,13.29,13.06
13.09,13.05,13.18,13.04
13.03,13.03,13.10,13.02
13.01,13.03,13.08,13.00
13.08,12.94,13.08,12.94
12.98,13.03,13.03,12.97
13.01,13.03,13.05,12.99
13.05,13.12,13.12,13.03
13.05,13.10,13.18,13.05
13.10,13.17,13.25,13.10
13.17,13.14,13.21,13.12
13.17,13.18,13.20,13.10
13.17,13.14,13.25,13.14
13.23,13.13,13.23,13.12
13.15,13.15,13.23,13.10
13.13,13.10,13.21,13.08
13.11,13.16,13.20,13.11
13.16,13.13,13.19,13.10
13.13,13.18,13.18,13.11
13.14,13.23,13.24,13.14
13.22,13.24,13.24,13.16
13.20,13.27,13.30,13.18
13.19,13.17,13.20,13.15
13.16,13.13,13.21,13.07
13.09,12.99,13.09,12.95
12.95,12.95,13.04,12.86
12.91,12.96,12.97,12.91
12.95,13.04,13.08,12.94
13.03,13.06,13.12,13.01
13.06,13.01,13.10,12.98
13.05,13.02,13.07,13.02
13.01,13.01,13.07,12.99
12.98,13.04,13.05,12.98
13.04,13.04,13.05,12.97
13.06,13.01,13.06,13.00
12.98,13.09,13.09,12.98
13.11,13.10,13.14,13.06
13.11,13.13,13.15,13.07
13.14,13.15,13.20,13.09
13.09,13.16,13.18,13.09
13.08,13.16,13.16,13.08
13.15,13.18,13.19,13.11
13.03,12.98,13.09,12.94
12.92,12.96,13.02,12.90
12.90,12.83,12.90,12.78
12.82,12.60,12.82,12.54
12.52,12.48,12.54,12.06
12.43,12.59,12.64,12.42
12.59,12.67,12.68,12.59
12.56,12.67,12.68,12.51
12.64,12.67,12.70,12.60
12.65,12.60,12.70,12.59
12.62,12.77,12.81,12.62
12.66,12.66,12.77,12.64
12.63,12.74,12.75,12.63
12.69,12.75,12.78,12.69
12.76,12.78,12.82,12.73
12.73,12.66,12.78,12.66
12.57,12.64,12.66,12.57
12.60,12.61,12.63,12.57
12.58,12.53,12.58,12.47
12.48,12.26,12.48,12.25
12.10,11.99,12.26,11.98
11.93,11.97,12.05,11.93
11.85,11.85,11.90,11.76
11.80,11.80,11.89,11.76
11.74,11.72,11.79,11.66
11.66,11.81,11.87,11.65
11.77,11.82,11.92,11.76
11.93,11.83,11.93,11.82
11.80,11.88,11.96,11.80
11.83,11.95,11.98,11.83
11.94,12.00,12.02,11.92
11.99,12.02,12.04,11.98
12.01,12.03,12.04,11.99
12.01,12.02,12.05,11.95
12.01,12.05,12.08,12.01
12.01,12.10,12.13,12.01
12.08,12.14,12.14,12.04
12.11,12.10,12.13,12.06
12.05,12.02,12.09,11.99
12.06,11.93,12.07,11.93
11.91,11.96,12.00,11.91
11.97,11.99,11.99,11.94
11.95,12.00,12.04,11.95
12.04,11.98,12.06,11.97
11.95,12.09,12.14,11.95
12.13,12.06,12.15,12.06
12.07,12.01,12.09,12.01
12.02,11.97,12.06,11.94
11.94,11.94,11.97,11.94
11.95,11.97,11.98,11.94
11.99,12.03,12.06,11.95
12.03,12.08,12.11,12.01
12.08,12.13,12.14,12.03
12.10,12.09,12.14,12.05
12.04,12.09,12.11,12.02
12.11,12.13,12.14,12.05
12.11,12.14,12.17,12.07
12.11,12.10,12.12,12.05
12.06,12.12,12.13,12.03
12.08,12.09,12.11,12.06
12.06,12.06,12.08,12.03
12.04,12.07,12.09,12.02
12.04,12.02,12.08,11.98
12.00,12.01,12.08,11.98
11.94,11.98,12.01,11.91
11.97,11.98,12.01,11.97
11.97,11.97,12.05,11.95
11.98,11.97,12.02,11.97
11.96,12.01,12.05,11.96
12.00,11.99,12.05,11.95
11.95,11.95,12.00,11.94
11.96,12.01,12.10,11.96
12.00,12.04,12.05,12.00
12.04,12.12,12.13,12.04
12.16,12.23,12.23,12.13
12.22,12.14,12.22,12.12
12.13,12.24,12.25,12.12
12.20,12.13,12.21,12.12
12.14,12.10,12.14,12.07
12.09,12.12,12.14,12.09
12.10,12.15,12.15,12.09
12.10,12.13,12.15,12.10
12.12,12.15,12.16,12.10
12.09,12.10,12.14,12.06
12.06,12.11,12.13,12.06
12.07,12.10,12.13,12.01
12.10,12.12,12.13,12.01
12.14,12.11,12.14,12.09
12.12,12.13,12.13,12.07
12.09,12.14,12.14,12.09
12.06,12.11,12.16,12.06
12.11,12.14,12.14,12.09
12.12,12.14,12.14,12.09
12.14,12.14,12.16,12.12
12.15,12.15,12.17,12.13
12.15,12.10,12.18,12.09
12.13,12.13,12.17,12.09
12.15,12.12,12.15,12.10
12.10,12.16,12.18,12.10
12.16,12.16,12.18,12.14
12.17,12.17,12.18,12.14
12.17,12.15,12.20,12.15
12.16,12.15,12.18,12.14
12.16,12.16,12.16,12.13
12.16,12.13,12.17,12.12
12.12,12.17,12.17,12.12
12.12,12.11,12.14,12.06
12.07,12.12,12.12,12.07
12.11,12.16,12.18,12.11
12.11,12.14,12.16,12.10
12.16,12.21,12.22,12.15
12.24,12.23,12.27,12.23
12.22,12.27,12.29,12.21
12.24,12.30,12.30,12.24
12.28,12.30,12.34,12.27
12.27,12.32,12.34,12.27
12.32,12.35,12.35,12.29
12.42,12.36,12.42,12.33
12.35,12.41,12.41,12.35
12.39,12.46,12.46,12.39
12.44,12.43,12.46,12.42
12.43,12.44,12.46,12.42
12.44,12.46,12.48,12.42
12.44,12.53,12.54,12.44
12.50,12.53,12.55,12.50
12.51,12.53,12.54,12.47
12.45,12.49,12.52,12.43
12.49,12.49,12.52,12.45
12.46,12.53,12.55,12.46
12.52,12.50,12.53,12.47
12.48,12.51,12.54,12.47
12.49,12.50,12.52,12.48
12.50,12.47,12.50,12.46
12.46,12.46,12.49,12.44
12.47,12.50,12.50,12.46
12.50,12.53,12.53,12.48
12.51,12.51,12.53,12.49
12.48,12.58,12.60,12.48
12.66,12.61,12.66,12.58
12.58,12.63,12.67,12.58
12.59,12.64,12.66,12.57
12.59,12.61,12.62,12.56
12.64,12.61,12.66,12.61
12.63,12.62,12.65,12.62
12.63,12.68,12.68,12.63
12.67,12.74,12.74,12.64
12.73,12.68,12.73,12.67
12.61,12.56,12.64,12.55
12.60,12.53,12.61,12.52
12.52,12.52,12.55,12.51
12.51,12.49,12.53,12.49
12.53,12.48,12.57,12.47
12.49,12.46,12.52,12.45
12.48,12.49,12.53,12.46
12.52,12.53,12.55,12.49
12.49,12.57,12.57,12.47
12.55,12.58,12.58,12.51
12.55,12.53,12.58,12.53
12.52,12.50,12.52,12.44
12.48,12.53,12.55,12.48
12.59,12.51,12.59,12.48
12.49,12.53,12.56,12.47
12.52,12.56,12.57,12.52
12.53,12.62,12.62,12.53
12.63,12.61,12.64,12.60
12.59,12.65,12.66,12.59
12.63,12.66,12.66,12.58
12.61,12.68,12.70,12.60
12.61,12.61,12.63,12.60
12.65,12.55,12.65,12.53
12.54,12.55,12.56,12.50
12.53,12.42,12.55,12.32
12.42,12.45,12.45,12.42
12.41,12.45,12.49,12.41
12.44,12.50,12.51,12.44
12.48,12.48,12.52,12.47
12.47,12.46,12.49,12.45
12.44,12.41,12.46,12.40
12.40,12.30,12.41,12.30
12.31,12.35,12.37,12.31
12.38,12.35,12.38,12.27
12.36,12.39,12.45,12.36
12.36,12.40,12.47,12.36
12.38,12.50,12.50,12.38
12.45,12.41,12.49,12.41
12.47,12.31,12.48,12.21
12.19,11.62,12.20,11.53
11.64,12.09,12.13,11.64
12.09,12.09,12.14,11.96
12.05,12.16,12.24,12.05
12.17,12.15,12.17,12.10
12.13,12.24,12.28,12.13
12.18,12.12,12.18,12.09
12.10,12.11,12.14,12.08
12.06,11.96,12.06,11.92
11.94,11.89,11.99,11.89
12.01,11.92,12.03,11.91
12.02,12.13,12.13,11.90
12.13,12.05,12.14,12.02
12.03,11.95,12.07,11.93
11.95,12.03,12.03,11.84
12.05,12.09,12.12,11.97
12.04,12.09,12.15,12.03
12.19,12.10,12.19,12.07
12.08,12.05,12.15,12.04
11.99,12.06,12.13,11.97
11.99,12.16,12.16,11.93
12.19,12.21,12.23,12.15
12.18,12.14,12.18,12.12
12.10,12.06,12.11,12.06
12.00,12.00,12.03,11.98
11.90,11.92,11.96,11.89
11.93,11.94,11.96,11.85
11.93,11.93,11.95,11.90
11.92,11.89,11.96,11.89
11.87,11.88,11.89,11.82
11.86,11.93,11.97,11.86
11.93,11.94,12.14,11.90
11.83,11.88,11.93,11.83
11.89,11.86,11.91,11.82
11.88,11.82,11.88,11.72
11.85,11.81,11.85,11.79
11.81,11.71,11.83,11.71
11.74,11.70,11.80,11.67
11.65,11.48,11.65,11.18
11.37,11.39,11.48,11.34
11.34,11.26,11.44,11.20
11.27,11.33,11.36,11.25
11.28,11.35,11.39,11.27
11.36,11.34,11.41,11.29
11.37,11.59,11.59,11.37
11.57,11.55,11.64,11.53
11.54,11.52,11.56,11.47
11.50,11.45,11.50,11.43
11.47,11.56,11.58,11.47
11.52,11.54,11.57,11.51
11.52,11.67,11.67,11.51
11.61,11.60,11.68,11.60
11.60,11.69,11.69,11.59
11.69,11.82,11.82,11.68
11.79,11.87,11.92,11.79
11.87,11.88,11.92,11.86
11.90,11.97,11.97,11.88
12.02,12.06,12.16,12.02
12.04,12.09,12.13,12.02
12.08,12.08,12.14,12.06
11.91,11.97,12.07,11.91
12.01,12.12,12.13,12.01
12.12,12.10,12.15,12.05
12.10,12.04,12.10,12.04
12.03,12.10,12.10,12.02
12.09,12.07,12.09,12.06
11.97,12.00,12.04,11.97
11.95,11.90,12.00,11.89
11.91,11.92,11.98,11.90
11.92,11.88,11.93,11.88
11.84,11.88,11.90,11.84
11.88,11.92,11.96,11.84
11.88,11.89,11.92,11.80
11.83,11.84,11.87,11.83
11.84,11.89,12.00,11.74
11.93,11.98,12.01,11.86
11.95,11.79,11.95,11.76
11.83,11.85,11.89,11.83
11.99,11.94,11.99,11.88
11.94,11.96,11.97,11.89
12.06,12.06,12.11,11.96
12.05,11.92,12.05,11.92
11.94,12.00,12.05,11.94
12.06,12.21,12.24,12.05
12.23,12.26,12.30,12.22
12.23,12.19,12.25,12.18
12.19,12.18,12.23,12.15
12.20,12.25,12.27,12.19
12.19,12.09,12.21,12.06
12.14,12.09,12.17,12.03
12.16,12.10,12.16,12.03
12.07,12.09,12.11,12.04
12.14,12.14,12.26,12.10
12.21,12.09,12.23,12.06
12.11,12.18,12.19,12.10
12.22,12.19,12.22,12.14
12.20,12.36,12.36,12.20
12.35,12.33,12.36,12.30
12.32,12.31,12.33,12.22
12.28,12.19,12.32,12.14
12.18,12.16,12.21,12.12
12.16,12.15,12.27,12.15
12.22,12.23,12.28,12.21
12.08,12.20,12.29,12.07
12.21,12.24,12.27,12.15
12.27,12.22,12.31,12.22
12.27,12.37,12.37,12.27
12.50,12.42,12.50,12.37
12.44,12.41,12.46,12.41
12.48,12.46,12.52,12.40
12.42,12.43,12.48,12.39
12.47,12.39,12.48,12.36
12.37,12.48,12.62,12.37
12.52,12.55,12.61,12.51
12.56,12.51,12.63,12.50
12.52,12.62,12.65,12.52
12.64,12.63,12.65,12.57
12.62,12.73,12.74,12.61
12.75,12.83,12.83,12.74
12.79,12.90,12.90,12.78
12.90,12.92,12.93,12.88
12.90,12.88,12.94,12.87
12.91,12.91,12.96,12.79
12.93,12.96,12.98,12.90
12.99,13.01,13.01,12.93
12.99,13.01,13.03,12.95
12.97,13.13,13.17,12.96
13.16,13.12,13.18,13.08
13.11,13.16,13.25,13.11
13.15,13.15,13.17,13.02
13.10,13.10,13.13,13.07
13.12,13.09,13.13,13.06
13.08,13.02,13.08,13.00
13.05,13.12,13.12,13.01
13.14,13.10,13.14,13.06
13.08,13.06,13.11,13.03
13.05,13.04,13.10,13.01
13.04,13.07,13.09,13.03
13.05,13.11,13.11,13.03
13.09,13.11,13.12,13.07
13.10,13.25,13.25,13.08
13.26,13.18,13.28,13.17
13.23,13.22,13.27,13.19
13.19,13.23,13.24,13.17
13.20,13.16,13.22,13.14
13.10,13.08,13.18,13.08
13.09,13.21,13.23,13.09
13.18,13.25,13.25,13.17
13.21,13.22,13.25,13.19
13.19,13.25,13.25,13.18
13.16,13.25,13.25,13.13
13.19,13.07,13.20,13.05
13.07,12.99,13.07,12.97
12.98,12.87,12.98,12.82
12.83,13.08,13.14,12.83
13.02,13.09,13.20,12.90
13.14,13.01,13.16,12.98
13.04,12.93,13.11,12.89
12.98,13.23,13.34,12.94
13.24,13.20,13.33,13.10
13.23,13.25,13.25,13.14
13.25,13.27,13.34,13.15
13.25,13.19,13.25,13.14
13.24,13.07,13.24,13.04
13.05,13.19,13.19,13.04
13.16,13.05,13.20,13.05
13.05,12.93,13.07,12.88
12.93,12.99,13.07,12.93
12.98,12.99,13.04,12.96
13.00,13.01,13.07,12.97
12.99,13.09,13.11,12.97
13.01,13.06,13.17,13.01
13.11,13.10,13.13,13.02
13.11,13.06,13.14,13.06
13.08,13.14,13.14,13.04
13.12,13.13,13.13,13.07
13.12,13.13,13.14,13.07
13.14,13.15,13.16,13.07
13.12,13.22,13.24,13.11
13.19,13.19,13.21,13.13
13.22,13.19,13.22,13.13
13.18,13.22,13.22,13.18
13.17,13.24,13.24,13.16
13.22,13.26,13.26,13.20
13.23,13.23,13.25,13.20
13.18,13.25,13.27,13.18
13.24,13.45,13.55,13.23
13.37,13.43,13.60,13.34
13.39,13.43,13.51,13.38
13.41,13.41,13.50,13.36
13.42,13.40,13.42,13.34
13.44,13.43,13.45,13.36
13.36,13.33,13.38,13.31
13.29,13.27,13.34,13.25
13.26,13.19,13.33,13.17
13.18,13.16,13.25,13.14
13.17,12.91,13.17,12.87
12.91,12.90,13.02,12.90
12.90,13.04,13.10,12.90
13.09,13.09,13.12,12.98
13.08,13.14,13.14,12.99
13.09,13.14,13.17,13.04
13.14,13.16,13.19,13.10
13.15,13.15,13.21,13.07
13.13,13.06,13.13,13.05
13.00,13.12,13.12,12.93
13.03,13.02,13.07,12.93
12.97,12.94,13.06,12.94
12.93,13.00,13.02,12.93
13.02,12.98,13.11,12.97
13.02,13.06,13.09,13.00
13.07,13.05,13.12,12.98
13.05,13.02,13.17,13.00
13.04,13.21,13.21,13.04
13.05,13.15,13.16,13.04
13.15,13.17,13.20,13.06
13.17,13.05,13.19,13.02
13.01,13.04,13.05,12.99
13.05,13.17,13.18,13.05
13.19,13.25,13.26,13.16
13.24,13.27,13.30,13.22
13.32,13.33,13.35,13.25
13.30,13.28,13.31,13.23
13.31,13.39,13.42,13.28
13.42,13.38,13.42,13.32
13.38,13.32,13.43,13.28
13.45,13.25,13.45,13.25
13.32,13.32,13.37,13.29
13.33,13.42,13.46,13.31
13.43,13.31,13.44,13.26
13.26,13.33,13.38,13.26
13.35,13.50,13.50,13.35
13.47,13.48,13.54,13.41
13.49,13.57,13.61,13.46
13.44,13.47,13.50,13.35
13.52,13.58,13.61,13.50
13.60,13.64,13.66,13.59
13.68,13.75,13.75,13.66
13.75,13.66,13.84,13.64
13.73,13.61,13.73,13.60
13.61,13.66,13.68,13.61
13.60,13.69,13.76,13.59
13.73,13.72,13.76,13.70
13.75,13.72,13.80,13.69
13.79,13.69,13.81,13.68
13.74,13.75,13.81,13.73
13.77,13.74,13.80,13.74
13.79,13.80,13.84,13.77
13.82,13.89,13.89,13.74
13.87,13.87,13.90,13.79
13.87,13.84,13.89,13.76
13.84,13.79,13.88,13.78
13.86,13.82,13.87,13.74
13.85,13.73,13.85,13.73
13.81,13.65,13.84,13.63
13.71,13.68,13.75,13.62
13.60,13.74,13.77,13.54
13.76,13.78,13.82,13.71
13.80,13.75,13.80,13.74
13.78,13.75,13.78,13.68
13.75,13.63,13.75,13.62
13.65,13.67,13.67,13.54
13.68,13.71,13.72,13.65
13.71,13.62,13.71,13.56
13.64,13.64,13.66,13.48
13.61,13.67,13.69,13.61
13.68,13.74,13.74,13.64
13.71,13.70,13.73,13.65
13.70,13.62,13.74,13.62
13.61,13.67,13.67,13.60
13.73,13.75,13.76,13.66
13.74,13.78,13.79,13.72
13.76,13.72,13.78,13.65
13.73,13.77,13.79,13.71
13.78,13.81,13.84,13.74
13.82,13.68,13.83,13.66
13.72,13.77,13.80,13.70
13.70,13.75,13.78,13.70
13.78,13.79,13.82,13.76
13.83,13.80,13.88,13.77
13.79,13.77,13.80,13.73
13.75,13.84,13.84,13.74
13.86,13.86,13.88,13.82
13.84,13.87,13.88,13.83
13.87,13.90,13.98,13.86
13.92,13.93,13.95,13.86
13.97,13.99,14.04,13.93
13.99,14.14,14.14,13.96
14.13,14.10,14.14,14.02
14.12,14.18,14.18,14.12
14.18,14.21,14.32,14.17
14.29,14.08,14.30,14.02
14.09,14.09,14.14,14.01
14.12,14.07,14.19,14.03
14.09,14.12,14.16,14.07
14.14,14.16,14.17,14.11
14.17,14.08,14.17,13.97
14.13,14.13,14.17,14.06
14.01,14.16,14.23,14.00
14.17,14.10,14.25,14.07
14.14,14.21,14.21,14.08
14.20,14.25,14.27,14.15
14.27,14.25,14.30,14.21
14.25,14.18,14.25,14.14
14.20,14.22,14.32,14.19
14.24,14.22,14.25,14.18
14.14,14.24,14.28,14.13
14.22,14.19,14.29,14.19
14.26,14.25,14.27,14.20
14.26,14.29,14.30,14.23
14.31,14.23,14.31,14.09
14.23,14.32,14.37,14.23
14.37,14.41,14.44,14.33
14.41,14.27,14.41,14.25
14.26,14.25,14.28,14.24
14.19,14.16,14.23,14.15
14.12,14.16,14.29,14.12
14.12,14.20,14.20,14.12
14.18,14.17,14.19,14.12
14.10,14.06,14.16,14.00
14.05,13.98,14.05,13.91
13.89,13.64,13.92,13.54
13.64,13.80,13.90,13.63
13.83,13.93,14.01,13.83
13.88,14.02,14.06,13.88
14.06,13.99,14.08,13.92
14.08,13.99,14.09,13.96
13.96,13.96,13.98,13.93
14.03,14.10,14.12,13.99
14.03,14.06,14.07,14.03
14.04,14.09,14.17,14.04
14.11,14.16,14.19,14.02
14.09,14.08,14.11,14.07
14.07,14.02,14.13,14.01
14.02,14.00,14.03,13.98
13.95,14.02,14.03,13.89
13.84,14.00,14.10,13.84
13.99,14.11,14.12,13.95
14.15,14.12,14.15,14.05
14.03,13.99,14.06,13.82
14.02,13.95,14.02,13.86
13.90,13.89,13.95,13.83
13.85,13.82,13.90,13.77
13.45,13.85,13.92,13.45
13.83,13.80,13.87,13.73
13.74,13.84,13.88,13.73
13.72,13.83,13.85,13.63
13.83,13.88,13.93,13.80
13.81,13.88,13.88,13.80
13.77,13.79,13.80,13.73
13.73,13.74,13.80,13.71
13.72,13.73,13.79,13.64
13.75,13.90,13.91,13.70
13.92,13.84,13.92,13.79
13.86,13.92,13.93,13.82
13.89,13.89,13.94,13.85
13.90,14.02,14.06,13.90
14.06,14.06,14.11,14.02
14.05,14.21,14.24,14.04
14.14,14.14,14.21,14.11
14.12,14.16,14.17,14.10
14.15,14.20,14.20,14.12
14.14,14.16,14.28,14.12
14.18,14.27,14.27,14.14
14.23,14.28,14.29,14.20
14.26,14.26,14.29,14.20
14.27,14.20,14.31,14.18
14.20,14.14,14.26,14.10
14.12,14.16,14.18,14.10
14.18,14.12,14.19,14.08
14.10,14.10,14.11,14.04
14.09,14.08,14.11,14.03
14.05,14.07,14.14,14.02
14.06,14.13,14.17,14.06
14.13,13.96,14.13,13.91
13.94,13.93,14.01,13.89
13.93,14.07,14.07,13.90
14.07,14.02,14.10,13.86
14.05,14.11,14.11,14.01
14.10,14.08,14.11,14.01
14.10,14.12,14.13,14.06
14.01,14.03,14.20,13.99
14.04,13.97,14.04,13.96
14.03,13.95,14.03,13.92
13.95,13.97,13.98,13.91
13.80,13.98,13.99,13.55
13.95,13.99,14.03,13.95
13.99,14.04,14.04,13.93
14.03,13.99,14.05,13.99
14.00,14.08,14.10,13.99
14.04,14.00,14.10,13.96
14.03,14.07,14.08,13.98
14.05,14.08,14.12,14.03
14.09,14.07,14.13,14.05
14.08,14.05,14.09,14.02
14.07,14.03,14.08,14.01
14.00,14.05,14.05,14.00
14.04,14.02,14.04,14.00
14.04,14.03,14.04,14.00
14.03,13.95,14.03,13.94
13.93,13.96,14.01,13.89
13.96,13.96,14.01,13.95
13.98,13.90,13.99,13.84
13.86,13.93,13.96,13.83
13.91,13.94,13.94,13.85
13.94,13.97,13.98,13.94
13.95,14.00,14.01,13.92
14.00,14.00,14.02,13.97
14.01,13.98,14.02,13.95
14.00,14.00,14.02,13.96
13.96,14.01,14.02,13.95
14.06,14.00,14.13,13.99
13.96,13.98,14.03,13.96
13.98,14.03,14.05,13.98
14.03,13.99,14.05,13.98
13.99,14.08,14.09,13.99
14.05,14.13,14.15,14.05
14.15,14.22,14.24,14.13
14.22,14.24,14.26,14.20
14.14,14.20,14.25,14.14
14.16,14.11,14.17,14.10
14.13,14.14,14.18,14.09
14.14,14.17,14.17,14.10
14.17,14.22,14.22,14.15
14.21,14.26,14.26,14.19
14.25,14.29,14.29,14.16
14.27,14.30,14.31,14.21
14.25,14.29,14.31,14.25
14.27,14.29,14.31,14.22
14.30,14.30,14.30,14.23
14.26,14.27,14.30,14.24
14.28,14.34,14.34,14.24
14.29,14.33,14.34,14.28
14.35,14.42,14.42,14.32
14.39,14.39,14.41,14.34
14.41,14.35,14.41,14.35
14.40,14.38,14.41,14.36
14.35,14.33,14.36,14.30
14.36,14.35,14.38,14.30
14.31,14.42,14.42,14.31
14.37,14.33,14.39,14.31
14.31,14.31,14.33,14.27
14.24,14.22,14.24,14.13
14.24,14.24,14.25,14.20
14.21,14.25,14.28,14.21
14.25,14.26,14.29,14.23
14.26,14.24,14.28,14.23
14.23,14.24,14.25,14.20
14.25,14.25,14.25,14.21
14.28,14.21,14.29,14.13
14.20,14.19,14.20,14.13
14.19,14.15,14.20,14.11
14.18,14.00,14.20,13.98
13.98,13.89,14.00,13.80
13.88,13.88,13.98,13.85
13.93,13.68,13.94,13.66
13.66,13.48,13.66,13.36
13.48,13.51,13.57,13.45
13.48,13.51,13.54,13.43
13.45,13.63,13.63,13.45
13.61,13.53,13.61,13.50
13.50,13.40,13.54,13.36
13.26,13.18,13.37,13.14
13.03,12.93,13.08,12.89
12.87,13.01,13.10,12.72
12.93,13.08,13.17,12.93
13.22,13.08,13.25,13.06
13.03,13.00,13.07,12.91
13.05,12.93,13.05,12.93
12.85,12.82,13.14,12.74
12.80,12.70,12.84,12.65
12.54,12.42,12.58,12.32
12.47,12.49,12.57,12.38
12.55,12.81,12.86,12.55
12.80,12.98,12.99,12.80
12.99,12.98,13.03,12.88
12.98,12.96,13.13,12.94
13.01,12.90,13.01,12.87
12.80,12.86,12.93,12.80
12.84,12.61,12.85,12.59
12.66,12.61,12.81,12.60
12.62,12.67,12.77,12.62
12.61,12.68,12.73,12.61
12.73,12.80,12.81,12.68
12.75,12.70,12.80,12.69
12.72,12.81,12.83,12.72
12.80,12.70,12.81,12.66
12.76,12.90,12.93,12.74
12.93,12.85,12.93,12.80
12.87,12.84,12.87,12.78
12.81,12.79,12.86,12.77
12.77,12.88,12.88,12.77
12.83,12.81,12.83,12.73
12.75,12.78,12.79,12.65
12.69,12.81,12.83,12.69
12.75,12.75,12.79,12.72
12.73,12.75,12.76,12.70
12.75,12.74,12.75,12.66
12.73,12.62,12.75,12.62
12.63,12.71,12.74,12.63
12.68,12.59,12.71,12.56
12.56,12.54,12.58,12.53
12.53,12.64,12.64,12.52
12.61,12.70,12.71,12.60
12.70,12.70,12.70,12.63
12.66,12.71,12.74,12.66
12.64,12.59,12.64,12.54
12.55,12.46,12.58,12.46
12.39,12.32,12.42,12.27
12.28,12.32,12.35,12.28
12.30,12.20,12.32,12.12
12.21,12.31,12.32,12.20
12.22,12.24,12.31,12.20
12.22,12.30,12.30,12.22
12.26,12.37,12.39,12.25
12.36,12.36,12.39,12.34
12.36,12.35,12.37,12.32
12.32,12.38,12.38,12.29
12.27,12.39,12.41,12.25
12.45,12.44,12.45,12.35
12.46,12.38,12.49,12.38
12.36,12.52,12.53,12.36
12.48,12.49,12.50,12.44
12.49,12.47,12.51,12.45
12.45,12.45,12.48,12.43
12.46,12.44,12.47,12.39
12.44,12.36,12.45,12.33
12.29,12.27,12.31,12.23
12.34,12.31,12.34,12.29
12.35,12.32,12.43,12.32
12.36,12.36,12.37,12.32
12.39,12.58,12.61,12.35
12.54,12.48,12.61,12.44
12.45,12.44,12.50,12.43
12.44,12.47,12.50,12.42
12.43,12.54,12.58,12.43
12.52,12.65,12.65,12.50
12.64,12.68,12.69,12.62
12.70,12.80,12.82,12.51
12.77,13.04,13.05,12.73
12.96,12.90,12.97,12.86
12.89,12.84,12.90,12.81
12.86,12.85,12.86,12.76
12.81,12.85,12.86,12.79
12.82,12.75,12.84,12.69
12.69,12.63,12.69,12.60
12.59,12.67,12.68,12.59
12.74,12.73,12.75,12.70
12.68,12.67,12.68,12.62
12.62,12.57,12.63,12.57
12.56,12.58,12.59,12.52
12.58,12.61,12.64,12.57
12.61,12.77,12.80,12.61
12.80,12.78,12.82,12.73
12.75,12.79,12.84,12.71
12.78,12.78,12.84,12.73
12.78,12.92,12.95,12.78
12.90,13.02,13.04,12.89
13.02,13.05,13.05,13.02
13.02,13.07,13.09,12.99
13.06,13.06,13.08,13.03
13.07,13.00,13.07,12.98
13.05,12.97,13.05,12.95
12.92,12.97,13.00,12.92
12.95,13.04,13.06,12.95
13.02,13.04,13.05,13.00
13.06,13.05,13.07,13.04
13.01,13.01,13.03,12.92
12.95,12.95,12.97,12.84
12.94,12.95,12.96,12.89
12.94,12.84,12.96,12.83
12.75,12.73,12.78,12.71
12.69,12.75,12.81,12.69
12.80,12.78,12.84,12.73
12.82,12.76,12.82,12.73
12.68,12.72,12.76,12.68
12.71,12.64,12.73,12.61
12.62,12.63,12.67,12.62
12.62,12.63,12.77,12.62
12.57,12.57,12.61,12.57
12.57,12.61,12.63,12.57
12.58,12.64,12.64,12.58
12.67,12.64,12.67,12.59
12.61,12.61,12.69,12.58
12.54,12.62,12.65,12.53
12.60,12.58,12.62,12.55
12.55,12.55,12.60,12.51
12.53,12.62,12.62,12.52
12.59,12.76,12.80,12.58
12.70,12.80,12.80,12.69
12.68,12.70,12.74,12.66
12.63,12.68,12.73,12.60
12.65,12.58,12.67,12.57
12.58,12.56,12.63,12.54
12.55,12.58,12.60,12.51
12.54,12.70,12.70,12.54
12.74,12.67,12.74,12.65
12.62,12.72,12.73,12.61
12.73,12.90,12.92,12.73
12.94,13.03,13.03,12.86
13.00,13.12,13.20,12.79
13.02,13.06,13.12,13.02
13.04,13.06,13.08,12.99
13.00,13.06,13.07,12.98
13.03,13.08,13.09,12.99
13.05,13.08,13.08,12.99
13.06,13.14,13.16,13.00
13.11,13.14,13.14,13.05
13.13,13.01,13.13,12.98
13.00,13.05,13.06,12.98
13.02,13.13,13.13,13.02
13.09,13.10,13.16,13.05
13.04,13.00,13.09,12.96
12.98,12.93,12.98,12.90
12.95,12.95,12.98,12.89
12.93,13.02,13.04,12.92
13.00,13.02,13.05,12.98
13.01,13.00,13.09,12.95
13.01,13.05,13.08,13.00
13.01,12.97,13.12,12.97
12.97,12.93,13.00,12.91
12.95,12.93,12.95,12.90
12.92,12.86,12.92,12.84
12.89,12.93,12.96,12.88
12.88,12.93,12.95,12.86
12.91,12.97,12.97,12.90
12.93,12.96,12.96,12.90
12.91,12.94,12.95,12.87
12.95,12.93,12.97,12.93
12.92,13.07,13.07,12.92
13.02,13.05,13.05,13.00
13.01,13.06,13.07,12.98
12.96,13.00,13.04,12.96
12.98,13.07,13.07,12.98
13.07,13.09,13.12,13.05
13.07,13.08,13.10,13.03
13.08,13.13,13.13,13.05
13.11,13.17,13.17,13.09
13.20,13.19,13.21,13.15
13.22,13.22,13.22,13.17
13.20,13.26,13.26,13.19
13.23,13.35,13.35,13.19
13.34,13.43,13.45,13.32
13.45,13.50,13.50,13.42
13.45,13.57,13.60,13.45
13.53,13.66,13.66,13.53
13.61,13.69,13.70,13.60
13.70,13.67,13.70,13.64
13.70,13.63,13.70,13.49
13.58,13.50,13.65,13.48
13.52,13.51,13.56,13.48
13.40,13.50,13.50,13.39
13.47,13.49,13.50,13.41
13.46,13.49,13.49,13.46
13.47,13.49,13.49,13.46
13.50,13.53,13.54,13.47
13.58,13.44,13.58,13.40
13.41,13.36,13.42,13.34
13.38,13.47,13.47,13.37
13.44,13.45,13.47,13.41
13.42,13.50,13.50,13.42
13.48,13.53,13.55,13.48
13.51,13.53,13.54,13.48
13.53,13.54,13.56,13.52
13.54,13.52,13.59,13.50
13.50,13.56,13.56,13.47
13.53,13.59,13.65,13.49
13.56,13.58,13.64,13.54
13.55,13.58,13.64,13.54
13.54,13.65,13.65,13.54
13.61,13.65,13.65,13.58
13.64,13.72,13.72,13.61
13.71,13.64,13.72,13.59
13.54,13.56,13.58,13.53
13.56,13.55,13.58,13.52
13.56,13.58,13.59,13.52
13.56,13.48,13.57,13.46
13.48,13.52,13.53,13.47
13.56,13.58,13.58,13.51
13.56,13.58,13.59,13.55
13.59,13.59,13.65,13.57
13.58,13.63,13.64,13.56
13.62,13.67,13.67,13.60
13.68,13.64,13.68,13.63
13.63,13.67,13.68,13.60
13.67,13.68,13.68,13.62
13.64,13.70,13.71,13.64
13.68,13.74,13.76,13.67
13.74,13.74,13.74,13.69
13.68,13.68,13.69,13.64
13.67,13.70,13.70,13.67
13.70,13.70,13.72,13.65
13.67,13.66,13.69,13.65
13.66,13.70,13.71,13.66
13.59,13.65,13.65,13.58
13.65,13.70,13.70,13.64
13.67,13.68,13.71,13.64
13.65,13.70,13.75,13.65
13.71,13.70,13.73,13.66
13.68,13.67,13.70,13.66
13.67,13.69,13.70,13.67
13.70,13.70,13.72,13.69
13.68,13.72,13.73,13.68
13.71,13.73,13.73,13.68
13.69,13.80,13.80,13.69
13.77,13.80,13.81,13.76
13.78,13.78,13.83,13.73
13.75,13.75,13.76,13.73
13.72,13.67,13.73,13.67
13.67,13.61,13.70,13.59
13.60,13.64,13.66,13.59
13.63,13.70,13.70,13.63
13.68,13.67,13.70,13.65
13.68,13.73,13.73,13.68
13.72,13.76,13.76,13.71
13.69,13.73,13.73,13.64
13.74,13.70,13.74,13.68
13.70,13.73,13.73,13.69
13.70,13.68,13.72,13.67
13.70,13.70,13.70,13.60
13.68,13.72,13.72,13.67
13.70,13.68,13.72,13.62
13.69,13.63,13.70,13.62
13.64,13.64,13.66,13.61
13.64,13.66,13.69,13.63
13.65,13.66,13.67,13.64
13.65,13.70,13.70,13.65
13.70,13.75,13.75,13.69
13.73,13.75,13.75,13.70
13.72,13.71,13.72,13.67
13.67,13.59,13.67,13.58
13.58,13.65,13.67,13.58
13.65,13.75,13.75,13.65
13.75,13.79,13.80,13.73
13.79,13.80,13.80,13.73
13.70,13.75,13.80,13.69
13.76,13.78,13.78,13.75
13.77,13.74,13.78,13.72
13.75,13.75,13.75,13.70
13.75,13.67,13.75,13.66
13.67,13.73,13.73,13.66
13.73,13.67,13.75,13.66
13.68,13.70,13.72,13.67
13.70,13.74,13.75,13.69
13.72,13.72,13.73,13.70
13.70,13.72,13.73,13.68
13.73,13.72,13.74,13.70
13.72,13.73,13.73,13.68
13.71,13.66,13.71,13.64
13.63,13.45,13.63,13.45
13.45,13.46,13.52,13.45
13.47,13.46,13.52,13.44
13.46,13.39,13.47,13.36
13.36,13.40,13.45,13.36
13.40,13.48,13.49,13.40
13.48,13.51,13.54,13.48
13.52,13.54,13.56,13.51
13.57,13.56,13.58,13.53
13.47,13.45,13.50,13.45
13.46,13.51,13.51,13.45
13.51,13.54,13.56,13.51
13.55,13.53,13.58,13.49
13.53,13.52,13.54,13.50
13.51,13.52,13.53,13.50
13.51,13.52,13.53,13.50
13.50,13.51,13.52,13.47
13.52,13.52,13.54,13.49
13.53,13.54,13.54,13.52
13.60,13.55,13.60,13.53
13.53,13.52,13.55,13.50
13.56,13.57,13.57,13.53
13.54,13.52,13.58,13.50
13.54,13.51,13.54,13.48
13.48,13.46,13.49,13.43
13.47,13.47,13.52,13.45
13.47,13.46,13.50,13.44
13.44,13.42,13.45,13.39
13.43,13.42,13.44,13.38
13.35,13.34,13.36,13.32
13.32,13.23,13.32,13.21
13.20,13.21,13.24,13.17
13.18,13.19,13.25,13.17
13.19,13.20,13.21,13.17
13.23,13.24,13.27,13.22
13.24,13.29,13.30,13.23
13.25,13.22,13.30,13.21
13.22,13.25,13.28,13.21
13.25,13.28,13.29,13.24
13.28,13.20,13.28,13.15
13.15,13.16,13.19,13.02
13.07,13.21,13.21,13.07
13.24,13.31,13.31,13.18
13.26,13.32,13.32,13.26
13.26,13.30,13.31,13.26
13.30,13.30,13.33,13.28
13.29,13.39,13.39,13.29
13.34,13.38,13.38,13.34
13.35,13.42,13.43,13.35
13.40,13.38,13.43,13.37
13.31,13.21,13.31,13.21
13.21,13.15,13.27,13.14
13.17,13.24,13.27,13.17
13.13,13.23,13.26,13.13
13.18,13.33,13.37,13.16
13.34,13.39,13.52,13.33
13.41,13.42,13.48,13.40
13.43,13.48,13.48,13.42
13.46,13.48,13.52,13.42
13.50,13.63,13.63,13.47
13.62,13.59,13.62,13.55
13.54,13.45,13.56,13.44
13.49,13.58,13.60,13.47
13.56,13.56,13.60,13.53
13.53,13.52,13.58,13.52
13.60,13.54,13.60,13.52
13.53,13.54,13.57,13.52
13.53,13.51,13.54,13.48
13.54,13.51,13.55,13.50
13.52,13.55,13.60,13.48
13.54,13.54,13.57,13.50
13.52,13.55,13.56,13.50
13.52,13.59,13.60,13.51
13.50,13.49,13.52,13.47
13.51,13.42,13.52,13.42
13.44,13.35,13.44,13.32
13.31,13.32,13.34,13.29
13.32,13.32,13.38,13.31
13.32,13.33,13.33,13.31
13.34,13.32,13.34,13.30
13.34,13.36,13.39,13.32
13.37,13.37,13.38,13.34
13.35,13.42,13.44,13.34
13.40,13.45,13.46,13.39
13.48,13.52,13.52,13.45
13.50,13.45,13.50,13.43
13.48,13.44,13.48,13.41
13.42,13.43,13.43,13.38
13.41,13.39,13.43,13.37
13.37,13.35,13.37,13.26
13.32,13.27,13.34,13.25
13.26,13.26,13.27,13.22
13.14,13.04,13.17,13.01
13.04,13.14,13.17,13.04
13.08,13.03,13.11,12.98
13.03,12.99,13.06,12.98
12.99,13.04,13.06,12.92
12.95,13.19,13.22,12.92
13.22,13.22,13.29,13.17
13.25,13.34,13.38,13.23
13.34,13.38,13.39,13.34
13.37,13.34,13.37,13.32
13.34,13.33,13.37,13.28
13.32,13.27,13.33,13.26
13.25,13.16,13.25,13.15
13.16,13.07,13.18,13.07
13.09,12.92,13.15,12.92
13.00,13.04,13.08,13.00
13.03,13.07,13.07,13.02
13.08,13.08,13.16,13.03
13.09,13.17,13.17,13.07
13.19,13.22,13.23,13.17
13.24,13.22,13.25,13.15
13.20,13.23,13.27,13.19
13.26,13.23,13.30,13.19
13.13,13.27,13.32,13.13
13.29,13.34,13.34,13.26
13.32,13.46,13.46,13.32
13.47,13.50,13.53,13.47
13.50,13.53,13.54,13.34
13.53,13.49,13.53,13.41
13.47,13.51,13.52,13.45
13.52,13.48,13.53,13.46
13.46,13.47,13.48,13.44
13.49,13.43,13.50,13.42
13.43,13.50,13.51,13.43
13.49,13.48,13.53,13.45
13.51,13.50,13.52,13.43
13.50,13.54,13.54,13.47
13.49,13.53,13.56,13.47
13.55,13.51,13.55,13.47
13.50,13.49,13.53,13.49
13.49,13.51,13.55,13.48
13.53,13.48,13.53,13.45
13.42,13.44,13.45,13.40
13.44,13.46,13.49,13.43
13.46,13.46,13.49,13.44
13.44,13.40,13.48,13.40
13.40,13.40,13.43,13.37
13.39,13.44,13.46,13.39
13.44,13.46,13.46,13.40
13.44,13.43,13.46,13.35
13.43,13.41,13.48,13.40
13.43,13.41,13.47,13.39
13.43,13.36,13.43,13.34
13.40,13.38,13.41,13.37
13.41,13.37,13.42,13.30
13.35,13.38,13.44,13.35
13.35,13.43,13.45,13.35
13.44,13.46,13.46,13.41
13.42,13.29,13.43,13.28
13.25,13.26,13.29,13.24
13.25,13.25,13.27,13.24
13.16,13.15,13.19,13.13
13.15,13.16,13.21,13.15
13.19,13.15,13.19,13.09
13.28,13.28,13.31,13.25
13.28,13.31,13.36,13.26
13.31,13.44,13.44,13.29
13.41,13.46,13.46,13.39
13.46,13.54,13.55,13.46
13.56,13.57,13.57,13.51
13.55,13.63,13.65,13.53
13.63,13.55,13.64,13.54
13.53,13.49,13.56,13.48
13.46,13.49,13.50,13.46
13.48,13.50,13.52,13.48
13.49,13.46,13.55,13.46
13.46,13.42,13.55,13.38
13.39,13.45,13.49,13.39
13.43,13.54,13.55,13.43
13.49,13.60,13.60,13.49
13.58,13.56,13.61,13.53
13.58,13.56,13.61,13.55
13.55,13.54,13.56,13.52
13.48,13.52,13.53,13.45
13.52,13.54,13.56,13.52
13.54,13.55,13.56,13.52
13.55,13.51,13.58,13.49
13.50,13.52,13.53,13.46
13.52,13.61,13.62,13.51
13.60,13.54,13.60,13.51
13.55,13.55,13.55,13.51
13.54,13.53,13.60,13.47
13.53,13.57,13.57,13.52
13.55,13.58,13.59,13.55
13.55,13.63,13.63,13.55
13.57,13.58,13.59,13.55
13.56,13.54,13.57,13.51
13.53,13.49,13.57,13.47
13.49,13.46,13.50,13.40
13.42,13.43,13.45,13.40
13.42,13.36,13.45,13.35
13.36,13.33,13.38,13.32
13.33,13.29,13.38,13.29
13.28,13.26,13.30,13.25
13.25,13.29,13.34,13.25
13.20,13.21,13.31,13.20
13.18,13.22,13.25,13.18
13.22,13.20,13.24,13.19
13.21,13.18,13.21,13.17
13.17,13.18,13.18,13.15
13.20,13.19,13.21,13.17
13.18,13.16,13.20,13.16
13.16,13.15,13.17,13.12
13.15,13.15,13.22,13.12
13.17,13.21,13.21,13.13
13.20,13.21,13.21,13.18
13.25,13.20,13.26,13.18
13.22,13.22,13.25,13.20
13.20,13.18,13.21,13.17
13.18,13.12,13.19,13.10
13.10,13.08,13.12,13.07
13.06,12.91,13.07,12.90
12.88,12.94,12.95,12.84
12.90,12.93,12.96,12.90
12.89,12.85,12.89,12.84
12.77,12.83,12.85,12.74
12.83,12.82,12.84,12.80
12.82,12.83,12.85,12.80
12.84,12.88,12.88,12.81
12.85,12.87,12.90,12.83
12.87,12.85,12.89,12.82
12.84,12.89,12.89,12.82
12.86,12.89,12.90,12.85
12.89,12.84,12.90,12.82
12.86,12.83,12.88,12.79
12.84,12.78,12.85,12.74
12.78,12.74,12.78,12.63
12.71,12.59,12.71,12.59
12.63,12.67,12.68,12.62
12.68,12.66,12.72,12.62
12.65,12.68,12.70,12.65
12.64,12.70,12.70,12.61
12.76,12.74,12.76,12.69
12.67,12.64,12.71,12.58
12.65,12.66,12.67,12.63
12.67,12.70,12.70,12.61
12.60,12.59,12.64,12.56
12.57,12.58,12.61,12.56
12.58,12.60,12.61,12.57
12.60,12.66,12.66,12.58
12.66,12.55,12.67,12.54
12.52,12.51,12.55,12.51
12.49,12.48,12.51,12.46
12.46,12.43,12.50,12.43
12.42,12.43,12.44,12.39
12.40,12.39,12.43,12.39
12.39,12.36,12.40,12.30
12.37,12.34,12.39,12.32
12.32,12.37,12.37,12.32
12.34,12.38,12.40,12.33
12.44,12.44,12.47,12.42
12.40,12.49,12.50,12.40
12.47,12.51,12.53,12.46
12.50,12.49,12.52,12.45
12.46,12.53,12.53,12.46
12.49,12.54,12.58,12.49
12.55,12.54,12.57,12.53
12.55,12.51,12.58,12.50
12.36,12.53,12.53,12.36
12.49,12.50,12.54,12.49
12.48,12.44,12.50,12.42
12.40,12.41,12.49,12.40
12.40,12.48,12.50,12.40
12.46,12.55,12.55,12.43
12.54,12.47,12.55,12.46
12.46,12.46,12.51,12.41
12.24,12.39,12.42,12.13
12.34,12.23,12.40,12.19
12.27,12.20,12.34,12.18
12.22,12.26,12.30,12.19
12.25,12.23,12.25,12.22
12.22,12.17,12.25,12.17
12.16,12.12,12.19,12.10
12.12,12.16,12.19,12.12
12.16,12.20,12.24,12.16
12.18,12.22,12.26,12.18
12.23,12.21,12.27,12.18
12.20,12.23,12.24,12.19
12.23,12.28,12.30,12.20
12.18,12.23,12.23,12.18
12.21,12.18,12.24,12.18
12.18,12.18,12.21,12.16
12.17,12.18,12.19,12.16
12.18,12.24,12.26,12.14
12.20,12.26,12.28,12.20
12.28,12.20,12.30,12.20
12.18,12.22,12.24,12.17
12.22,12.21,12.25,12.20
12.19,12.23,12.24,12.19
12.24,12.20,12.25,12.20
12.18,12.10,12.22,12.10
12.10,12.11,12.14,12.06
12.15,12.17,12.17,12.11
12.14,12.14,12.18,12.13
12.12,12.16,12.16,12.10
12.17,12.21,12.23,12.17
12.18,12.22,12.24,12.16
12.21,12.47,12.47,12.21
12.42,12.42,12.50,12.41
12.41,12.38,12.42,12.36
12.34,12.38,12.38,12.34
12.30,12.34,12.39,12.28
12.36,12.37,12.41,12.34
12.35,12.40,12.42,12.34
12.42,12.42,12.43,12.42
12.43,12.44,12.45,12.41
12.44,12.47,12.48,12.42
12.47,12.41,12.49,12.41
12.45,12.47,12.50,12.45
12.48,12.51,12.52,12.47
12.53,12.55,12.56,12.51
12.55,12.60,12.60,12.53
12.62,12.56,12.62,12.53
12.55,12.51,12.56,12.48
12.55,12.53,12.55,12.49
12.55,12.56,12.57,12.51
12.56,12.55,12.58,12.54
12.56,12.58,12.59,12.54
12.59,12.57,12.62,12.57
12.55,12.51,12.59,12.48
12.50,12.47,12.51,12.42
12.47,12.46,12.47,12.41
12.48,12.40,12.48,12.39
12.32,12.27,12.35,12.26
12.30,12.27,12.31,12.27
12.27,12.26,12.30,12.24
12.26,12.27,12.28,12.23
12.30,12.25,12.30,12.24
12.27,12.21,12.27,12.21
12.25,12.13,12.26,12.11
12.12,12.19,12.21,12.12
12.21,12.21,12.24,12.19
12.22,12.20,12.24,12.19
12.21,12.17,12.24,12.14
12.20,12.16,12.23,12.16
12.21,12.32,12.35,12.19
12.31,12.38,12.42,12.31
12.39,12.36,12.40,12.33
12.38,12.43,12.48,12.35
12.39,12.27,12.43,12.24
12.25,12.24,12.27,12.22
12.22,12.21,12.26,12.17
12.12,12.10,12.14,12.08
12.08,11.96,12.12,11.91
11.90,11.69,11.92,11.67
11.71,11.90,11.94,11.71
11.88,12.06,12.06,11.88
12.04,12.10,12.15,12.04
12.08,12.30,12.42,12.08
12.30,12.30,12.35,12.30
12.37,12.15,12.39,12.13
12.24,12.45,12.50,12.18
12.43,12.44,12.51,12.43
12.43,12.45,12.50,12.40
12.38,12.36,12.49,12.35
12.35,12.32,12.39,12.16
12.32,12.34,12.51,12.25
12.24,12.27,12.29,12.20
12.28,12.40,12.46,12.27
12.36,12.32,12.39,12.28
12.28,12.27,12.34,12.26
12.34,12.38,12.42,12.23
12.31,12.22,12.35,12.20
12.26,12.23,12.29,12.23
12.18,12.03,12.18,11.99
12.02,12.00,12.12,11.98
11.96,11.92,12.01,11.91
11.96,11.86,11.98,11.84
11.80,11.86,11.92,11.70
11.82,11.81,11.94,11.69
11.85,11.96,12.00,11.84
11.93,11.95,11.99,11.93
11.97,12.11,12.11,11.97
12.07,12.01,12.07,11.98
12.03,12.08,12.08,11.99
12.14,12.25,12.25,12.09
12.16,12.24,12.24,12.14
12.18,12.07,12.18,12.04
12.13,12.00,12.14,11.98
12.00,12.00,12.08,11.93
11.96,12.07,12.08,11.94
12.05,11.92,12.07,11.85
11.82,11.80,11.89,11.72
11.81,11.82,11.84,11.77
11.74,11.82,11.82,11.69
11.84,11.72,11.85,11.68
11.80,11.78,11.80,11.60
11.78,11.78,11.85,11.76
11.78,11.86,11.86,11.78
11.87,11.76,11.88,11.76
11.77,11.81,11.85,11.75
11.82,11.81,11.84,11.80
11.82,11.88,11.91,11.81
11.85,11.88,11.89,11.82
11.92,11.87,11.92,11.84
11.89,11.90,11.91,11.86
11.91,12.05,12.06,11.91
12.05,12.06,12.08,12.01
12.02,12.09,12.12,12.00
12.08,12.16,12.18,12.05
12.16,12.22,12.22,12.14
12.22,12.27,12.29,12.20
12.29,12.29,12.31,12.27
12.35,12.29,12.35,12.26
12.25,12.26,12.29,12.19
12.24,12.28,12.31,12.24
12.25,12.26,12.28,12.23
12.23,12.30,12.33,12.23
12.31,12.27,12.33,12.26
12.26,12.28,12.35,12.26
12.26,12.32,12.32,12.26
12.28,12.32,12.34,12.28
12.34,12.40,12.40,12.33
12.38,12.43,12.44,12.38
12.43,12.40,12.46,12.40
12.40,12.44,12.48,12.39
12.48,12.50,12.51,12.47
12.50,12.52,12.61,12.49
12.51,12.57,12.59,12.51
12.57,12.53,12.60,12.51
12.52,12.49,12.56,12.48
12.50,12.54,12.56,12.50
12.52,12.56,12.59,12.52
12.56,12.61,12.62,12.56
12.66,12.66,12.68,12.63
12.68,12.65,12.68,12.64
12.56,12.64,12.64,12.52
12.60,12.60,12.61,12.57
12.59,12.57,12.61,12.56
12.59,12.65,12.65,12.58
12.63,12.68,12.68,12.62
12.67,12.66,12.67,12.65
12.66,12.66,12.67,12.64
12.63,12.67,12.67,12.62
12.65,12.61,12.67,12.60
12.64,12.63,12.66,12.62
12.61,12.65,12.66,12.61
12.60,12.72,12.73,12.60
12.74,12.66,12.74,12.61
12.66,12.67,12.75,12.63
12.68,12.64,12.68,12.63
12.64,12.73,12.77,12.64
12.74,12.68,12.74,12.68
12.70,12.78,12.78,12.69
12.78,12.76,12.78,12.73
12.77,12.74,12.77,12.72
12.76,12.74,12.77,12.72
12.68,12.62,12.72,12.62
12.63,12.64,12.67,12.58
12.62,12.64,12.72,12.62
12.61,12.62,12.72,12.61
12.63,12.53,12.69,12.51
12.56,12.66,12.67,12.52
12.66,12.58,12.69,12.58
12.61,12.65,12.66,12.59
12.68,12.55,12.73,12.50
12.59,12.66,12.69,12.58
12.69,12.79,12.82,12.68
12.75,12.80,12.80,12.75
12.80,12.78,12.81,12.72
12.79,12.76,12.80,12.75
12.78,12.76,12.78,12.75
12.78,12.79,12.81,12.74
12.79,12.79,12.80,12.79
12.79,12.79,12.80,12.76
12.77,12.84,12.86,12.77
12.85,12.95,12.95,12.83
12.94,12.99,12.99,12.90
12.95,12.87,12.95,12.85
12.85,12.87,12.89,12.83
12.88,12.94,12.97,12.85
12.94,12.93,12.94,12.87
12.90,12.91,12.92,12.87
12.92,12.94,12.95,12.88
12.95,12.91,12.95,12.89
12.90,12.91,12.93,12.88
12.94,12.87,12.94,12.87
12.80,12.87,12.88,12.73
12.85,12.81,12.89,12.76
12.84,12.87,12.90,12.84
12.84,12.97,12.97,12.84
12.99,13.02,13.02,12.95
12.97,13.12,13.13,12.97
13.10,13.07,13.10,13.06
13.08,13.17,13.18,13.06
13.19,13.18,13.19,13.14
13.18,13.29,13.29,13.15
13.28,13.29,13.30,13.27
13.30,13.23,13.30,13.22
13.18,13.19,13.25,13.18
13.20,13.15,13.24,13.13
13.15,13.18,13.20,13.15
13.20,13.22,13.23,13.19
13.24,13.23,13.26,13.21
13.26,13.29,13.29,13.23
13.30,13.28,13.30,13.24
13.29,13.27,13.30,13.25
13.25,13.25,13.27,13.25
13.27,13.21,13.28,13.21
13.20,13.21,13.22,13.18
13.22,13.25,13.26,13.21
13.28,13.27,13.28,13.26
13.30,13.25,13.30,13.25
13.23,13.17,13.25,13.17
13.16,13.24,13.24,13.16
13.28,13.27,13.28,13.26
13.25,13.25,13.27,13.25
13.26,13.27,13.27,13.24
13.28,13.33,13.34,13.27
13.31,13.36,13.37,13.31
13.28,13.36,13.40,13.28
13.36,13.42,13.43,13.36
13.42,13.34,13.43,13.34
13.36,13.32,13.36,13.29
13.32,13.33,13.35,13.29
13.33,13.36,13.37,13.33
13.35,13.35,13.36,13.34
13.35,13.33,13.36,13.32
13.36,13.38,13.39,13.34
13.40,13.44,13.54,13.38
13.40,13.55,13.56,13.40
13.53,13.61,13.64,13.53
13.62,13.65,13.66,13.61
13.66,13.62,13.66,13.57
13.64,13.68,13.69,13.60
13.68,13.53,13.70,13.46
13.52,13.51,13.56,13.50
13.59,13.52,13.59,13.42
13.54,13.57,13.57,13.50
13.54,13.52,13.57,13.52
13.52,13.31,13.52,13.30
13.35,13.44,13.44,13.33
13.32,13.09,13.38,12.99
13.16,13.15,13.19,13.14
13.18,13.22,13.22,13.11
13.18,13.26,13.26,13.16
13.35,13.31,13.40,13.24
13.35,13.24,13.36,13.17
13.30,13.34,13.34,13.21
13.36,13.43,13.45,13.34
13.45,13.32,13.45,13.30
13.34,13.23,13.35,13.23
13.29,13.34,13.36,13.27
13.38,13.41,13.47,13.35
13.39,13.32,13.39,13.31
13.34,13.35,13.43,13.33
13.38,13.44,13.44,13.38
13.40,13.28,13.42,13.25
13.30,13.17,13.31,13.15
13.16,13.15,13.19,13.11
13.21,13.12,13.26,13.10
13.18,13.16,13.19,13.14
13.18,13.07,13.18,13.06
12.96,13.00,13.02,12.94
12.95,12.97,12.99,12.94
12.97,12.95,13.00,12.94
12.99,12.89,12.99,12.86
12.91,12.89,12.92,12.85
12.87,12.95,12.96,12.87
12.95,12.94,12.98,12.92
12.91,12.93,12.94,12.90
12.93,12.94,12.97,12.93
12.94,12.96,12.98,12.93
12.97,12.95,12.97,12.94
12.96,12.93,12.97,12.91
12.92,12.92,12.93,12.90
12.91,12.87,12.94,12.79
12.85,12.83,12.90,12.82
12.85,12.75,12.86,12.71
12.71,12.73,12.78,12.71
12.73,12.76,12.80,12.73
12.81,12.67,12.84,12.65
12.67,12.72,12.75,12.66
12.58,12.54,12.68,12.52
12.39,12.28,12.42,12.27
12.25,12.25,12.31,12.13
12.21,12.14,12.22,12.05
12.14,12.24,12.27,12.14
12.25,12.31,12.35,12.24
12.35,12.32,12.35,12.28
12.38,12.35,12.38,12.33
12.40,12.34,12.40,12.31
12.34,12.35,12.40,12.29
12.29,12.30,12.34,12.24
12.28,12.37,12.39,12.28
12.39,12.42,12.44,12.39
12.42,12.46,12.47,12.42
12.38,12.39,12.44,12.30
12.37,12.35,12.39,12.34
12.39,12.44,12.48,12.38
12.45,12.51,12.52,12.45
12.50,12.58,12.58,12.50
12.59,12.72,12.74,12.58
12.67,12.61,12.67,12.52
12.69,12.52,12.71,12.51
12.53,12.56,12.56,12.48
12.52,12.54,12.57,12.48
12.54,12.47,12.62,12.46
12.48,12.44,12.51,12.43
12.50,12.51,12.52,12.47
12.55,12.54,12.56,12.51
12.52,12.56,12.59,12.52
12.54,12.55,12.58,12.53
12.55,12.66,12.67,12.52
12.68,12.71,12.74,12.65
12.71,12.76,12.76,12.66
12.76,12.79,12.87,12.70
12.81,12.89,12.91,12.81
12.91,12.97,13.00,12.91
12.93,13.10,13.12,12.93
13.10,13.11,13.16,13.04
13.07,13.09,13.15,13.05
13.09,13.04,13.13,13.01
13.03,13.00,13.07,12.98
12.96,12.93,13.00,12.93
12.90,12.96,12.98,12.90
12.93,12.95,12.97,12.93
12.92,12.92,12.96,12.91
