CAPR,Capricor Therapeutics,NASDAQ
1.11,1.11,1.11,1.11
1.14,1.18,1.18,1.14
1.35,1.29,1.35,1.29
1.16,1.16,1.16,1.16
1.10,1.10,1.23,0.92
1.10,1.08,1.12,1.08
1.25,1.03,1.49,1.03
1.26,1.19,1.28,1.10
1.19,1.19,1.19,1.19
1.18,1.13,1.28,1.13
1.20,1.20,1.22,1.20
1.20,1.11,1.25,1.07
1.11,1.11,1.11,1.11
1.07,1.19,1.21,1.07
1.17,1.25,1.25,1.17
1.20,1.13,1.20,1.10
1.13,1.13,1.13,1.13
1.19,1.13,1.20,1.13
1.13,1.17,1.17,1.13
1.22,1.22,1.22,1.22
1.21,1.23,1.23,1.21
1.24,1.25,1.25,1.24
1.17,1.10,1.17,0.99
1.19,1.22,1.23,1.00
1.23,1.06,1.25,1.03
1.07,1.25,1.25,1.07
1.21,1.20,1.21,1.19
1.16,1.16,1.16,1.16
1.25,1.25,1.25,1.25
1.21,1.16,1.21,1.16
1.25,1.25,1.25,1.25
1.20,1.20,1.20,1.20
1.19,1.19,1.19,1.19
1.20,1.20,1.20,1.20
1.13,1.13,1.13,1.13
1.15,1.15,1.15,1.15
1.20,1.20,1.20,1.20
1.13,1.13,1.13,1.13
1.18,1.13,1.18,1.13
1.19,1.20,1.20,1.19
N/A,N/A,N/A,N/A
1.02,1.01,1.02,1.01
1.02,1.06,1.07,1.01
1.01,1.20,1.20,1.01
1.14,1.19,1.19,1.14
1.19,1.06,1.14,1.01
1.11,1.15,1.15,1.11
1.14,1.14,1.14,1.14
1.14,1.14,1.14,1.14
1.21,1.21,1.21,1.21
1.20,1.15,1.20,1.14
1.17,1.18,1.18,1.17
1.18,1.18,1.18,1.18
1.17,1.12,1.18,1.06
N/A,N/A,N/A,N/A
1.09,1.10,1.10,1.09
1.05,1.05,1.05,1.05
1.10,1.05,1.10,1.05
1.10,1.10,1.10,1.10
1.05,1.02,1.05,1.02
1.03,0.98,1.03,0.98
N/A,N/A,N/A,N/A
0.92,0.92,0.92,0.92
0.90,0.88,0.90,0.87
0.85,0.90,0.90,0.85
0.97,0.96,0.97,0.96
0.97,0.97,0.97,0.95
0.97,0.90,0.97,0.90
0.95,0.97,0.97,0.95
1.02,1.07,1.07,1.02
1.09,1.05,1.06,1.05
1.02,1.02,1.02,1.02
1.05,1.00,1.05,0.92
1.00,0.91,1.00,0.89
0.91,0.85,1.03,0.85
0.72,0.71,0.73,0.68
0.70,0.70,0.71,0.70
0.71,0.72,0.72,0.70
0.72,0.70,0.72,0.70
0.71,0.69,0.71,0.69
0.68,0.66,0.68,0.66
0.66,0.68,0.69,0.66
0.69,0.65,0.70,0.65
0.64,0.64,0.65,0.63
0.66,0.63,0.66,0.62
0.63,0.54,0.63,0.54
0.60,0.54,0.65,0.54
0.63,0.62,0.63,0.56
0.63,0.63,0.63,0.63
0.60,0.59,0.63,0.58
0.62,0.56,0.62,0.56
0.62,0.62,0.62,0.62
0.60,0.55,0.60,0.55
0.57,0.57,0.57,0.57
0.57,0.55,0.57,0.55
0.54,0.54,0.54,0.54
0.50,0.49,0.50,0.49
0.48,0.45,0.48,0.45
0.47,0.47,0.47,0.47
0.47,0.48,0.49,0.47
0.49,0.48,0.50,0.48
0.52,0.50,0.52,0.50
0.46,0.45,0.46,0.45
0.43,0.50,0.50,0.43
0.50,0.50,0.50,0.50
0.52,0.52,0.52,0.52
0.50,0.45,0.50,0.44
0.45,0.48,0.48,0.40
0.40,0.43,0.43,0.40
0.41,0.41,0.41,0.41
0.41,0.41,0.41,0.41
0.43,0.44,0.44,0.43
0.41,0.44,0.44,0.40
0.41,0.40,0.41,0.40
0.43,0.43,0.43,0.42
0.43,0.40,0.43,0.40
0.43,0.37,0.42,0.37
0.36,0.35,0.36,0.30
0.32,0.33,0.35,0.30
0.33,0.33,0.33,0.33
0.32,0.33,0.33,0.32
0.33,0.33,0.33,0.33
0.30,0.33,0.33,0.30
0.33,0.31,0.33,0.31
0.34,0.30,0.34,0.30
0.32,0.32,0.32,0.32
0.33,0.33,0.33,0.33
0.33,0.29,0.33,0.29
0.32,0.30,0.33,0.30
0.31,0.33,0.33,0.31
0.33,0.37,0.41,0.33
0.40,0.35,0.40,0.35
0.35,0.34,0.35,0.31
0.33,0.31,0.33,0.31
0.33,0.33,0.33,0.33
0.33,0.33,0.33,0.33
0.33,0.32,0.33,0.32
0.33,0.31,0.33,0.31
0.34,0.33,0.34,0.33
0.33,0.32,0.33,0.32
0.33,0.37,0.37,0.33
0.37,0.36,0.38,0.35
0.33,0.34,0.35,0.33
0.34,0.33,0.34,0.33
0.35,0.35,0.35,0.35
0.38,0.41,0.41,0.37
0.39,0.41,0.42,0.37
0.42,0.42,0.42,0.42
0.42,0.40,0.42,0.40
0.42,0.41,0.42,0.41
0.44,0.43,0.46,0.42
0.42,0.41,0.42,0.41
0.40,0.39,0.40,0.39
0.42,0.38,0.42,0.38
0.38,0.38,0.38,0.38
0.39,0.40,0.42,0.39
0.44,0.45,0.45,0.42
0.45,0.44,0.45,0.42
0.40,0.41,0.41,0.40
0.42,0.53,0.65,0.41
0.50,0.47,0.56,0.47
0.48,0.48,0.50,0.41
0.49,0.46,0.50,0.45
0.52,0.49,0.52,0.49
0.51,0.51,0.51,0.51
0.54,0.56,0.56,0.54
0.57,0.55,0.69,0.49
0.62,0.61,0.64,0.61
0.60,0.60,0.62,0.60
0.63,0.63,0.63,0.60
0.66,0.62,0.66,0.59
0.65,0.65,0.65,0.64
0.65,0.66,0.68,0.65
0.68,0.70,0.70,0.68
0.73,0.75,0.80,0.70
0.80,0.77,0.80,0.76
0.80,0.71,0.80,0.71
0.70,0.66,0.70,0.62
0.62,0.74,0.74,0.62
0.74,0.68,0.74,0.66
0.65,0.70,0.71,0.65
0.72,0.70,0.72,0.68
0.71,0.66,0.71,0.64
0.67,0.68,0.68,0.67
0.66,0.63,0.66,0.62
0.64,0.63,0.67,0.63
0.62,0.64,0.64,0.60
0.67,0.62,0.67,0.60
0.63,0.61,0.63,0.61
0.60,0.61,0.64,0.60
0.66,0.64,0.66,0.62
0.65,0.61,0.65,0.61
0.62,0.62,0.62,0.62
0.66,0.75,0.75,0.65
0.79,0.70,0.79,0.70
0.74,0.72,0.74,0.68
0.77,0.75,0.77,0.75
0.77,0.74,0.77,0.74
0.73,0.72,0.73,0.72
0.70,0.70,0.71,0.69
0.75,0.68,0.75,0.68
0.70,0.67,0.70,0.67
0.71,0.71,0.71,0.71
0.71,0.71,0.71,0.67
0.73,0.67,0.73,0.65
0.67,0.68,0.71,0.67
0.75,0.71,0.75,0.71
0.71,0.70,0.71,0.70
0.75,0.75,0.75,0.75
0.75,0.72,0.76,0.71
0.75,0.70,0.75,0.67
0.68,0.68,0.70,0.67
0.71,0.70,0.71,0.68
0.71,0.68,0.71,0.67
0.71,0.68,0.71,0.68
0.71,0.69,0.71,0.67
0.70,0.69,0.70,0.67
0.69,0.68,0.70,0.67
0.70,0.69,0.70,0.68
0.68,0.59,0.68,0.51
0.56,0.56,0.63,0.56
0.60,0.57,0.60,0.56
0.60,0.65,0.67,0.60
0.67,0.64,0.67,0.60
0.65,0.61,0.65,0.58
0.60,0.58,0.60,0.58
0.56,0.50,0.56,0.44
0.45,0.52,0.53,0.45
0.56,0.53,0.56,0.52
0.53,0.50,0.53,0.50
0.48,0.49,0.52,0.43
0.50,0.49,0.52,0.48
0.47,0.52,0.52,0.47
0.52,0.50,0.52,0.47
0.50,0.49,0.50,0.49
0.50,0.50,0.50,0.50
0.49,0.49,0.49,0.49
0.52,0.50,0.52,0.48
0.52,0.49,0.52,0.46
0.49,0.49,0.55,0.48
0.48,0.47,0.48,0.47
0.47,0.46,0.50,0.46
0.46,0.44,0.46,0.41
0.44,0.48,0.48,0.42
0.50,0.59,0.65,0.50
0.60,0.60,0.62,0.58
0.62,0.60,0.65,0.60
0.64,0.67,0.67,0.64
0.64,0.63,0.64,0.63
0.64,0.60,0.64,0.59
0.60,0.59,0.60,0.58
0.58,0.61,0.61,0.58
0.62,0.58,0.62,0.58
0.58,0.60,0.60,0.58
0.60,0.60,0.60,0.60
0.60,0.60,0.60,0.60
0.59,0.58,0.60,0.58
0.58,0.55,0.58,0.55
0.56,0.57,0.57,0.55
0.59,0.58,0.60,0.58
0.56,0.56,0.56,0.56
0.58,0.56,0.58,0.56
0.57,0.54,0.57,0.53
0.53,0.56,0.56,0.53
0.55,0.55,0.55,0.54
0.56,0.58,0.58,0.56
0.58,0.56,0.60,0.56
0.56,0.51,0.57,0.51
0.53,0.57,0.57,0.51
0.55,0.52,0.55,0.52
0.58,0.53,0.58,0.52
0.52,0.54,0.57,0.52
0.53,0.55,0.55,0.53
0.53,0.54,0.54,0.53
0.55,0.60,0.64,0.55
0.61,0.61,0.64,0.60
0.61,0.60,0.61,0.57
0.57,0.57,0.58,0.57
0.57,0.55,0.57,0.55
0.54,0.56,0.57,0.54
0.55,0.58,0.58,0.54
0.58,0.63,0.68,0.54
0.62,0.60,0.62,0.58
0.62,0.60,0.62,0.58
0.62,0.61,0.64,0.58
0.61,0.60,0.63,0.59
0.61,0.65,0.65,0.58
0.66,0.59,0.66,0.59
0.59,0.55,0.59,0.54
0.60,0.56,0.62,0.56
0.67,0.60,0.67,0.58
0.60,0.63,0.65,0.60
0.64,0.63,0.64,0.60
0.65,0.62,0.65,0.62
0.63,0.63,0.63,0.62
0.63,0.63,0.63,0.61
0.65,0.64,0.65,0.64
0.65,0.65,0.65,0.65
0.62,0.61,0.63,0.61
0.60,0.62,0.65,0.60
0.64,0.64,0.64,0.64
0.61,0.60,0.61,0.59
0.60,0.60,0.64,0.60
0.60,0.60,0.61,0.60
0.60,0.60,0.61,0.60
0.60,0.55,0.62,0.55
0.58,0.58,0.58,0.58
0.59,0.59,0.59,0.59
0.61,0.60,0.61,0.60
0.60,0.59,0.62,0.59
0.60,0.58,0.60,0.58
0.57,0.58,0.58,0.57
0.60,0.62,0.62,0.60
0.85,0.82,0.96,0.75
0.82,0.86,0.86,0.78
0.93,0.86,0.93,0.84
0.87,0.82,0.90,0.82
0.86,0.85,0.86,0.84
0.83,0.75,0.83,0.75
0.80,0.75,0.80,0.75
0.79,0.72,0.79,0.68
0.74,0.68,0.74,0.68
0.72,0.70,0.72,0.70
0.69,0.70,0.70,0.69
0.70,0.69,0.71,0.69
0.68,0.69,0.69,0.67
0.68,0.66,0.69,0.65
0.67,0.63,0.67,0.62
0.65,0.69,0.70,0.65
0.70,0.69,0.70,0.66
0.67,0.74,0.74,0.67
0.75,0.80,0.82,0.75
0.83,0.76,0.83,0.76
0.77,0.79,0.79,0.77
0.80,0.82,0.82,0.76
0.85,0.82,0.85,0.82
0.78,0.77,0.81,0.77
0.78,0.79,0.79,0.78
0.82,0.80,0.82,0.80
0.80,0.70,0.80,0.70
0.70,0.72,0.75,0.70
0.72,0.71,0.72,0.70
0.65,0.66,0.71,0.56
0.59,0.65,0.66,0.56
0.64,0.57,0.68,0.53
0.55,0.56,0.56,0.55
0.56,0.58,0.59,0.56
0.58,0.58,0.58,0.54
0.58,0.57,0.60,0.54
0.60,0.60,0.60,0.56
0.58,0.59,0.59,0.57
0.61,0.64,0.64,0.60
0.65,0.78,1.02,0.64
0.66,0.66,0.88,0.65
0.66,0.58,0.67,0.58
0.58,0.58,0.64,0.54
0.56,0.62,0.62,0.56
0.64,0.64,0.64,0.62
0.62,0.60,0.64,0.58
0.58,0.60,0.61,0.57
0.60,0.62,0.62,0.58
0.59,0.60,0.60,0.58
0.57,0.62,0.64,0.57
0.60,0.59,0.68,0.58
0.66,0.64,0.66,0.64
0.66,0.66,0.66,0.59
0.66,0.63,0.66,0.62
0.63,0.66,0.66,0.63
0.66,0.65,0.66,0.63
0.61,0.64,0.64,0.61
0.64,0.68,0.68,0.64
0.69,0.71,0.73,0.69
0.71,0.71,0.71,0.69
0.71,0.73,0.75,0.56
0.73,0.70,0.75,0.68
0.75,0.76,0.77,0.72
0.78,0.78,0.85,0.77
0.80,0.79,0.80,0.78
0.80,0.80,0.82,0.77
0.74,0.80,0.80,0.74
0.82,0.80,0.82,0.74
0.82,0.80,0.82,0.72
0.80,0.75,0.80,0.75
0.79,0.79,0.79,0.79
0.80,0.78,0.80,0.74
0.78,0.78,0.78,0.78
0.79,0.79,0.79,0.75
0.76,0.72,0.79,0.71
0.80,0.71,0.80,0.70
0.68,0.78,0.78,0.68
0.68,0.73,0.79,0.68
0.71,0.72,0.72,0.71
0.72,0.72,0.78,0.72
0.74,0.74,0.74,0.74
0.74,0.71,0.74,0.71
0.70,0.70,0.77,0.70
0.70,0.70,0.72,0.70
0.72,0.69,0.72,0.69
0.72,0.69,0.72,0.69
0.68,0.78,0.78,0.68
0.76,0.70,0.76,0.70
0.70,0.68,0.70,0.59
0.62,0.63,0.65,0.59
0.62,0.63,0.63,0.62
0.63,0.64,0.74,0.63
0.64,0.72,0.72,0.64
0.72,0.66,0.72,0.64
0.69,0.66,0.69,0.66
0.73,0.69,0.73,0.66
0.70,0.62,0.70,0.62
0.70,0.66,0.70,0.62
0.66,0.66,0.66,0.66
0.66,0.62,0.66,0.61
0.61,0.61,0.61,0.61
N/A,N/A,N/A,N/A
0.66,0.62,0.67,0.62
0.60,0.61,0.61,0.60
0.63,0.62,0.66,0.62
0.63,0.63,0.63,0.63
0.63,0.65,0.65,0.63
0.60,0.62,0.62,0.60
0.61,0.62,0.62,0.61
0.61,0.65,0.65,0.60
0.65,0.73,0.73,0.65
0.73,0.71,0.73,0.71
0.62,0.63,0.70,0.62
0.61,0.66,0.66,0.61
0.65,0.65,0.65,0.65
0.70,0.65,0.70,0.65
0.62,0.63,0.65,0.62
0.62,0.63,0.63,0.62
0.61,0.64,0.64,0.61
0.63,0.64,0.64,0.63
0.64,0.62,0.64,0.62
0.62,0.62,0.63,0.62
0.63,0.62,0.63,0.62
0.63,0.63,0.63,0.62
0.62,0.64,0.64,0.62
0.64,0.64,0.64,0.64
0.63,0.63,0.63,0.63
N/A,N/A,N/A,N/A
0.64,0.62,0.64,0.61
0.62,0.63,0.63,0.59
0.63,0.62,0.63,0.62
0.62,0.62,0.62,0.61
0.62,0.62,0.62,0.59
0.59,0.61,0.62,0.59
0.56,0.56,0.58,0.56
0.56,0.55,0.60,0.51
0.55,0.53,0.55,0.53
0.51,0.50,0.51,0.48
0.50,0.50,0.50,0.45
0.52,0.62,0.62,0.50
0.60,0.62,0.62,0.60
0.57,0.57,0.57,0.57
0.60,0.62,0.62,0.53
0.53,0.55,0.56,0.53
0.56,0.56,0.56,0.56
0.56,0.56,0.56,0.56
0.56,0.60,0.60,0.56
0.60,0.58,0.60,0.58
N/A,N/A,N/A,N/A
0.58,0.58,0.59,0.58
0.52,0.60,0.60,0.52
0.56,0.60,0.60,0.56
0.60,0.62,0.62,0.58
0.58,0.58,0.58,0.58
0.59,0.59,0.62,0.59
0.62,0.60,0.62,0.60
0.63,0.61,0.63,0.60
0.62,0.60,0.63,0.60
0.62,0.60,0.62,0.60
0.62,0.60,0.62,0.60
0.62,0.58,0.62,0.58
0.60,0.57,0.60,0.57
0.57,0.58,0.60,0.57
0.58,0.57,0.58,0.57
0.58,0.58,0.58,0.58
0.58,0.58,0.58,0.58
0.60,0.60,0.60,0.60
0.60,0.58,0.60,0.56
0.58,0.58,0.58,0.58
0.58,0.58,0.58,0.56
0.56,0.56,0.56,0.56
0.56,0.56,0.56,0.56
0.56,0.55,0.56,0.55
0.56,0.56,0.56,0.56
0.56,0.55,0.60,0.55
0.58,0.58,0.59,0.51
0.58,0.58,0.58,0.58
0.55,0.55,0.55,0.55
0.55,0.55,0.55,0.55
0.60,0.56,0.60,0.56
0.59,0.56,0.60,0.56
0.56,0.52,0.56,0.51
0.51,0.50,0.51,0.50
0.50,0.50,0.50,0.50
0.51,0.51,0.51,0.51
N/A,N/A,N/A,N/A
0.53,0.54,0.55,0.53
0.55,0.54,0.55,0.54
0.55,0.55,0.55,0.55
0.50,0.48,0.51,0.46
0.50,0.54,0.54,0.50
0.54,0.54,0.54,0.54
0.54,0.54,0.54,0.54
0.50,0.50,0.50,0.50
0.49,0.54,0.54,0.49
0.54,0.58,0.58,0.54
0.58,0.55,0.58,0.54
0.55,0.52,0.55,0.52
0.52,0.52,0.53,0.49
0.52,0.50,0.52,0.50
0.51,0.52,0.52,0.50
0.53,0.53,0.53,0.53
0.50,0.50,0.50,0.50
0.50,0.50,0.50,0.50
0.49,0.50,0.50,0.49
0.49,0.56,0.56,0.49
0.50,0.55,0.55,0.50
0.55,0.54,0.55,0.52
N/A,N/A,N/A,N/A
0.54,0.53,0.54,0.53
0.51,0.50,0.51,0.50
0.51,0.50,0.51,0.50
0.50,0.50,0.50,0.50
0.50,0.50,0.50,0.50
0.48,0.52,0.52,0.48
0.53,0.55,0.55,0.52
0.51,0.54,0.54,0.51
0.47,0.50,0.53,0.46
0.51,0.53,0.54,0.51
0.54,0.53,0.57,0.53
0.51,0.55,0.55,0.51
0.56,0.54,0.58,0.54
0.53,0.54,0.54,0.50
0.54,0.54,0.54,0.50
0.54,0.50,0.54,0.49
0.45,0.54,0.54,0.45
0.54,0.58,0.58,0.52
0.59,0.56,0.59,0.54
0.56,0.54,0.56,0.53
0.51,0.53,0.53,0.51
0.53,0.56,0.56,0.53
0.52,0.52,0.56,0.52
0.52,0.56,0.58,0.52
0.58,0.58,0.58,0.56
0.52,0.55,0.55,0.52
0.58,0.52,0.58,0.52
0.52,0.52,0.52,0.52
0.53,0.53,0.53,0.52
0.55,0.58,0.58,0.55
0.53,0.53,0.53,0.53
0.55,0.56,0.56,0.55
0.56,0.56,0.56,0.56
0.56,0.56,0.56,0.56
0.56,0.54,0.56,0.54
0.55,0.54,0.56,0.53
0.54,0.53,0.54,0.53
0.53,0.50,0.53,0.50
0.55,0.55,0.55,0.50
0.49,0.54,0.54,0.49
0.51,0.50,0.54,0.50
0.51,0.50,0.51,0.44
0.51,0.50,0.51,0.50
0.49,0.50,0.50,0.49
0.50,0.34,0.50,0.32
0.34,0.34,0.36,0.32
0.34,0.32,0.34,0.32
0.34,0.34,0.34,0.30
0.34,0.32,0.34,0.32
0.29,0.30,0.33,0.28
0.32,0.30,0.32,0.29
0.31,0.29,0.31,0.29
0.29,0.32,0.32,0.29
0.32,0.32,0.34,0.32
0.32,0.29,0.33,0.28
0.29,0.30,0.32,0.29
0.31,0.30,0.32,0.29
0.30,0.30,0.30,0.29
0.30,0.29,0.30,0.26
0.26,0.26,0.28,0.26
0.26,0.26,0.32,0.26
0.32,0.32,0.32,0.26
0.32,0.28,0.32,0.27
0.27,0.27,0.30,0.27
0.27,0.28,0.30,0.27
0.31,0.31,0.31,0.31
N/A,N/A,N/A,N/A
0.30,0.28,0.30,0.28
0.28,0.26,0.30,0.26
0.29,0.29,0.29,0.29
0.25,0.25,0.29,0.25
0.25,0.25,0.25,0.25
0.25,0.24,0.28,0.24
0.24,0.22,0.25,0.21
0.22,0.20,0.23,0.20
0.20,0.22,0.22,0.20
0.22,0.22,0.22,0.22
0.22,0.25,0.25,0.22
0.31,0.25,0.31,0.20
0.15,0.25,0.25,0.15
0.25,0.20,0.25,0.20
0.20,0.20,0.20,0.20
0.20,0.20,0.22,0.15
N/A,N/A,N/A,N/A
0.21,0.20,0.22,0.17
0.20,0.20,0.20,0.19
0.22,0.20,0.22,0.20
0.20,0.20,0.22,0.20
0.20,0.20,0.20,0.20
0.20,0.18,0.20,0.18
0.22,0.19,0.22,0.19
0.20,0.20,0.20,0.20
0.20,0.19,0.20,0.19
0.20,0.17,0.20,0.17
0.20,0.20,0.20,0.17
0.20,0.18,0.20,0.17
0.18,0.15,0.18,0.15
0.18,0.16,0.18,0.16
0.16,0.15,0.16,0.15
0.15,0.15,0.15,0.13
0.16,0.14,0.16,0.13
0.14,0.13,0.14,0.12
0.13,0.10,0.13,0.10
0.11,0.12,0.13,0.10
0.10,0.10,0.11,0.07
0.11,0.10,0.12,0.09
0.10,0.10,0.11,0.09
0.10,0.10,0.10,0.10
0.10,0.10,0.10,0.10
0.10,0.11,0.11,0.10
0.11,0.11,0.11,0.10
0.11,0.11,0.11,0.11
0.11,0.11,0.12,0.09
0.11,0.10,0.11,0.10
0.11,0.10,0.11,0.10
0.10,0.11,0.11,0.10
0.11,0.11,0.11,0.11
0.14,0.11,0.14,0.11
0.11,0.12,0.14,0.11
0.12,0.12,0.12,0.12
0.15,0.14,0.15,0.14
0.14,0.14,0.14,0.14
0.14,0.12,0.14,0.12
0.12,0.12,0.12,0.12
N/A,N/A,N/A,N/A
0.15,0.15,0.15,0.12
0.15,0.13,0.15,0.13
0.15,0.14,0.15,0.14
0.13,0.13,0.14,0.13
0.14,0.14,0.15,0.14
0.15,0.14,0.15,0.14
0.15,0.13,0.15,0.13
0.12,0.14,0.14,0.12
0.14,0.14,0.14,0.14
0.12,0.12,0.12,0.12
0.12,0.12,0.12,0.12
0.14,0.11,0.14,0.11
0.12,0.12,0.12,0.12
0.11,0.11,0.12,0.11
0.12,0.12,0.12,0.12
0.12,0.12,0.12,0.12
0.12,0.12,0.12,0.12
0.12,0.12,0.12,0.11
0.12,0.12,0.12,0.11
0.10,0.13,0.14,0.10
0.12,0.10,0.12,0.10
0.13,0.12,0.13,0.12
0.10,0.13,0.13,0.10
0.12,0.12,0.13,0.12
0.14,0.14,0.14,0.14
0.12,0.12,0.12,0.12
0.11,0.12,0.12,0.11
0.12,0.12,0.12,0.12
0.12,0.12,0.12,0.12
0.12,0.12,0.12,0.12
0.11,0.11,0.11,0.11
0.11,0.11,0.11,0.11
0.11,0.11,0.11,0.11
0.12,0.12,0.12,0.12
0.11,0.12,0.12,0.11
0.12,0.12,0.12,0.12
0.11,0.11,0.11,0.11
N/A,N/A,N/A,N/A
0.11,0.11,0.12,0.11
0.11,0.11,0.11,0.11
0.11,0.11,0.11,0.11
0.11,0.11,0.11,0.11
0.11,0.10,0.12,0.10
0.11,0.11,0.12,0.11
0.12,0.11,0.12,0.11
0.11,0.11,0.11,0.09
0.10,0.10,0.10,0.10
0.09,0.10,0.10,0.09
0.10,0.10,0.10,0.10
0.10,0.09,0.10,0.09
0.10,0.10,0.10,0.10
0.10,0.10,0.10,0.10
0.09,0.10,0.10,0.09
N/A,N/A,N/A,N/A
0.10,0.10,0.10,0.10
0.09,0.10,0.10,0.09
0.09,0.10,0.10,0.09
0.09,0.09,0.09,0.09
0.09,0.08,0.09,0.08
0.08,0.08,0.08,0.08
N/A,N/A,N/A,N/A
0.08,0.08,0.09,0.08
0.08,0.09,0.09,0.08
0.08,0.08,0.09,0.08
0.08,0.08,0.08,0.08
0.08,0.08,0.08,0.08
0.08,0.07,0.08,0.07
0.08,0.08,0.08,0.08
0.09,0.08,0.09,0.07
0.08,0.04,0.08,0.03
0.04,0.03,0.04,0.03
0.04,0.04,0.04,0.03
0.04,0.05,0.05,0.03
0.05,0.03,0.05,0.03
0.04,0.03,0.04,0.03
0.04,0.04,0.04,0.04
0.04,0.05,0.05,0.04
0.05,0.05,0.05,0.05
0.05,0.05,0.05,0.05
N/A,N/A,N/A,N/A
0.05,0.08,0.08,0.05
0.08,0.08,0.09,0.07
0.07,0.05,0.07,0.05
0.05,0.05,0.05,0.05
0.05,0.05,0.05,0.05
N/A,N/A,N/A,N/A
0.05,0.05,0.05,0.05
0.06,0.04,0.06,0.04
0.04,0.05,0.05,0.04
N/A,N/A,N/A,N/A
0.05,0.04,0.05,0.04
0.04,0.04,0.04,0.04
0.05,0.04,0.05,0.04
0.04,0.04,0.04,0.04
0.05,0.05,0.05,0.05
0.04,0.04,0.04,0.04
0.04,0.04,0.04,0.02
0.03,0.03,0.03,0.03
0.03,0.04,0.04,0.03
0.04,0.03,0.04,0.03
0.03,0.03,0.03,0.03
0.03,0.03,0.03,0.02
0.03,0.03,0.03,0.03
0.03,0.03,0.03,0.03
0.03,0.03,0.03,0.03
0.03,0.03,0.03,0.03
0.03,0.05,0.05,0.02
0.04,0.04,0.04,0.04
0.05,0.05,0.05,0.05
0.05,0.06,0.06,0.04
0.06,0.05,0.06,0.05
0.08,0.08,0.08,0.07
0.08,0.08,0.08,0.06
0.06,0.09,0.19,0.06
0.12,0.11,0.15,0.10
0.12,0.12,0.13,0.12
0.11,0.18,0.20,0.11
0.18,0.14,0.18,0.12
0.16,0.16,0.17,0.14
0.14,0.16,0.16,0.14
0.14,0.12,0.14,0.12
0.12,0.12,0.14,0.11
0.11,0.12,0.13,0.11
0.11,0.11,0.11,0.11
N/A,N/A,N/A,N/A
0.11,0.12,0.12,0.11
0.12,0.12,0.12,0.12
0.12,0.12,0.12,0.12
0.12,0.12,0.12,0.11
0.12,0.12,0.12,0.12
0.12,0.12,0.14,0.12
0.12,0.12,0.14,0.12
0.12,0.12,0.12,0.12
0.12,0.13,0.14,0.12
0.13,0.14,0.15,0.13
0.15,0.15,0.15,0.14
0.15,0.14,0.15,0.14
0.14,0.14,0.14,0.10
0.14,0.14,0.14,0.13
0.12,0.13,0.13,0.11
0.13,0.11,0.13,0.11
0.10,0.08,0.10,0.08
0.07,0.10,0.10,0.07
0.09,0.09,0.09,0.09
0.09,0.09,0.09,0.07
N/A,N/A,N/A,N/A
0.07,0.08,0.08,0.07
0.08,0.08,0.08,0.08
0.06,0.08,0.08,0.06
0.07,0.08,0.08,0.07
0.07,0.09,0.09,0.07
0.08,0.09,0.09,0.08
0.08,0.08,0.09,0.08
0.08,0.08,0.08,0.08
0.09,0.10,0.10,0.09
0.10,0.09,0.10,0.09
0.10,0.11,0.11,0.09
0.10,0.09,0.10,0.09
0.09,0.10,0.10,0.09
0.10,0.09,0.10,0.09
0.09,0.09,0.09,0.09
0.10,0.10,0.10,0.10
0.10,0.10,0.10,0.10
0.10,0.10,0.10,0.10
0.10,0.10,0.10,0.10
0.10,0.10,0.10,0.10
0.10,0.10,0.10,0.10
0.10,0.10,0.10,0.10
0.10,0.10,0.10,0.10
N/A,N/A,N/A,N/A
N/A,N/A,N/A,N/A
0.10,0.10,0.10,0.10
0.10,0.10,0.10,0.10
0.10,0.10,0.10,0.10
0.10,0.10,0.10,0.10
0.10,0.09,0.10,0.09
0.09,0.10,0.10,0.09
0.10,0.10,0.10,0.10
0.10,0.10,0.10,0.10
0.10,0.10,0.10,0.10
0.08,0.09,0.10,0.08
0.11,0.10,0.11,0.10
N/A,N/A,N/A,N/A
N/A,N/A,N/A,N/A
0.10,0.10,0.10,0.10
0.10,0.10,0.10,0.10
0.10,0.10,0.10,0.10
0.10,0.10,0.10,0.10
0.10,0.10,0.10,0.10
0.10,0.10,0.10,0.10
N/A,N/A,N/A,N/A
0.10,0.09,0.10,0.09
0.09,0.09,0.09,0.08
0.08,0.09,0.09,0.08
N/A,N/A,N/A,N/A
0.09,0.09,0.09,0.09
0.10,0.10,0.10,0.09
0.10,0.09,0.10,0.09
0.10,0.10,0.10,0.09
0.09,0.09,0.09,0.09
0.09,0.09,0.09,0.09
0.09,0.09,0.09,0.09
0.09,0.09,0.09,0.09
0.08,0.08,0.08,0.08
0.08,0.08,0.08,0.08
0.08,0.08,0.08,0.08
N/A,N/A,N/A,N/A
N/A,N/A,N/A,N/A
0.08,0.08,0.08,0.08
0.08,0.08,0.08,0.08
0.08,0.08,0.08,0.08
0.06,0.06,0.08,0.06
0.09,0.09,0.09,0.09
N/A,N/A,N/A,N/A
0.06,0.06,0.06,0.06
0.06,0.06,0.06,0.06
0.06,0.06,0.06,0.06
N/A,N/A,N/A,N/A
0.06,0.06,0.06,0.05
0.06,0.06,0.06,0.06
0.06,0.06,0.06,0.06
0.05,0.05,0.05,0.05
0.06,0.06,0.06,0.06
0.06,0.08,0.08,0.06
0.08,0.08,0.08,0.08
N/A,N/A,N/A,N/A
0.08,0.08,0.08,0.08
0.06,0.06,0.08,0.06
0.06,0.05,0.06,0.05
N/A,N/A,N/A,N/A
N/A,N/A,N/A,N/A
N/A,N/A,N/A,N/A
N/A,N/A,N/A,N/A
N/A,N/A,N/A,N/A
0.06,0.06,0.06,0.06
0.06,0.04,0.06,0.04
0.06,0.04,0.06,0.04
0.04,0.04,0.05,0.04
0.04,0.04,0.04,0.04
0.04,0.04,0.05,0.04
0.04,0.04,0.04,0.04
0.04,0.04,0.04,0.04
0.04,0.04,0.04,0.04
0.04,0.04,0.04,0.04
0.04,0.04,0.04,0.03
0.03,0.04,0.04,0.03
0.04,0.03,0.04,0.03
0.03,0.03,0.03,0.03
0.04,0.03,0.04,0.03
0.03,0.03,0.03,0.03
0.03,0.03,0.04,0.03
0.03,0.03,0.03,0.03
N/A,N/A,N/A,N/A
0.03,0.03,0.03,0.03
0.03,0.03,0.03,0.03
0.03,0.03,0.04,0.03
0.03,0.03,0.03,0.03
0.03,0.03,0.03,0.03
0.03,0.03,0.03,0.03
0.03,0.04,0.04,0.03
0.04,0.05,0.05,0.04
0.05,0.06,0.06,0.05
0.06,0.06,0.06,0.05
0.06,0.05,0.06,0.05
0.05,0.05,0.05,0.05
0.06,0.06,0.06,0.06
0.06,0.06,0.06,0.06
0.06,0.06,0.06,0.06
0.05,0.06,0.06,0.05
0.06,0.06,0.06,0.05
0.06,0.06,0.06,0.06
0.05,0.05,0.05,0.05
0.05,0.05,0.05,0.05
N/A,N/A,N/A,N/A
0.05,0.05,0.05,0.05
N/A,N/A,N/A,N/A
N/A,N/A,N/A,N/A
0.05,0.05,0.05,0.05
0.05,0.05,0.05,0.05
0.05,0.04,0.05,0.04
0.04,0.04,0.04,0.04
0.04,0.05,0.05,0.04
0.04,0.04,0.04,0.04
0.04,0.04,0.04,0.04
0.04,0.05,0.05,0.04
0.05,0.05,0.05,0.05
N/A,N/A,N/A,N/A
0.05,0.05,0.06,0.05
0.05,0.05,0.05,0.05
0.05,0.05,0.05,0.05
0.06,0.05,0.06,0.05
0.05,0.06,0.06,0.05
0.06,0.06,0.06,0.06
0.06,0.06,0.06,0.06
0.05,0.05,0.05,0.05
N/A,N/A,N/A,N/A
N/A,N/A,N/A,N/A
0.05,0.06,0.06,0.05
0.06,0.06,0.06,0.06
0.06,0.06,0.06,0.06
N/A,N/A,N/A,N/A
0.05,0.06,0.06,0.05
0.06,0.06,0.06,0.05
N/A,N/A,N/A,N/A
0.06,0.06,0.06,0.06
0.06,0.06,0.08,0.05
0.08,0.08,0.08,0.06
0.08,0.09,0.10,0.07
0.09,0.09,0.10,0.07
0.09,0.08,0.09,0.08
N/A,N/A,N/A,N/A
0.08,0.08,0.08,0.08
0.09,0.08,0.09,0.08
0.09,0.06,0.09,0.06
0.06,0.07,0.08,0.06
0.08,0.06,0.08,0.06
0.07,0.07,0.08,0.07
0.08,0.06,0.08,0.06
0.06,0.07,0.07,0.06
0.07,0.07,0.07,0.07
N/A,N/A,N/A,N/A
0.07,0.07,0.07,0.07
0.07,0.07,0.07,0.07
0.07,0.07,0.07,0.06
0.07,0.06,0.07,0.05
0.05,0.06,0.06,0.05
0.06,0.05,0.06,0.05
0.06,0.06,0.06,0.05
0.06,0.06,0.06,0.06
0.06,0.06,0.06,0.06
0.06,0.05,0.06,0.05
0.05,0.05,0.05,0.05
N/A,N/A,N/A,N/A
2.16,4.20,4.20,2.16
3.75,2.60,3.75,2.50
2.65,3.00,3.00,2.65
3.20,3.10,3.22,2.70
3.10,2.55,3.10,2.55
2.55,2.25,2.55,2.15
2.25,2.30,2.30,2.25
2.50,2.60,2.60,2.30
2.60,2.30,2.60,2.30
2.75,2.92,2.92,2.35
2.91,2.91,2.91,2.91
2.92,2.55,2.92,2.55
2.55,2.41,2.55,2.41
2.60,2.62,2.62,2.60
2.62,2.79,2.79,2.62
2.62,2.62,2.62,2.62
2.70,2.98,2.98,2.70
2.90,2.65,2.90,2.65
2.65,2.65,2.90,2.65
2.65,2.65,2.65,2.65
2.65,2.48,2.65,2.48
2.48,3.05,3.50,2.48
3.00,2.72,3.00,2.65
2.99,3.10,3.10,2.66
3.10,2.95,3.45,2.75
3.00,3.25,3.49,3.00
3.22,3.40,3.50,2.50
3.40,3.40,3.40,3.35
3.66,5.06,5.15,3.65
5.15,7.25,8.50,5.15
7.25,7.05,7.40,7.05
7.10,6.20,7.20,5.90
6.05,7.75,7.75,5.45
7.75,8.45,8.45,7.75
8.95,8.25,9.15,8.25
8.30,7.30,8.30,6.25
7.40,8.45,9.30,7.40
8.28,9.30,12.15,7.80
9.35,12.30,12.30,8.40
15.74,15.00,17.15,13.05
15.75,15.50,15.80,14.35
15.50,14.70,16.97,11.70
13.90,14.35,15.00,12.20
14.00,14.35,14.50,13.85
14.50,13.60,14.50,12.05
12.50,13.10,13.60,12.50
13.10,13.50,14.23,13.10
14.25,12.20,14.25,11.50
12.08,12.26,12.50,12.03
12.26,11.70,12.39,11.50
11.70,10.95,11.70,10.10
10.90,10.89,10.90,10.89
10.50,11.05,11.85,10.50
11.00,11.90,12.25,11.00
11.90,12.00,12.10,11.35
11.90,12.00,12.00,11.90
11.60,12.05,12.14,11.40
12.00,12.00,12.00,11.90
12.10,12.10,13.20,12.10
12.00,12.00,12.00,11.45
N/A,N/A,N/A,N/A
12.00,11.56,12.30,11.56
11.57,11.85,11.85,11.54
11.60,11.50,11.60,11.25
11.40,11.20,11.80,11.20
11.30,11.70,12.01,10.80
11.70,11.65,11.95,10.81
11.65,11.75,11.85,11.60
11.75,11.85,11.94,11.75
11.60,11.85,11.99,11.60
11.85,12.00,12.00,11.85
11.85,12.00,12.00,11.85
11.98,11.95,12.00,11.95
11.95,12.00,12.00,11.60
11.95,11.94,11.95,11.60
11.60,12.00,12.09,11.40
11.90,11.95,12.00,11.24
11.91,11.60,11.91,10.75
11.10,9.75,11.10,9.50
9.75,10.50,10.50,9.75
10.50,10.50,10.50,10.49
9.95,9.70,9.95,9.70
9.90,8.41,9.90,8.30
9.20,8.40,9.40,8.40
8.40,7.45,8.40,7.20
7.45,7.70,9.05,7.40
8.25,8.50,8.50,8.00
8.40,8.30,8.50,8.30
8.10,8.00,8.10,8.00
8.00,7.10,8.10,7.10
7.25,7.25,7.25,7.25
7.30,6.50,7.30,6.20
7.00,6.75,7.35,6.75
6.80,6.80,6.80,6.80
6.80,6.80,6.80,6.80
6.75,6.20,6.75,6.20
6.20,6.20,6.20,6.00
6.10,5.90,6.49,5.81
5.80,6.25,6.25,5.80
6.00,6.25,6.50,6.00
6.30,6.15,6.30,5.60
6.10,6.10,6.15,6.10
6.05,6.00,6.10,6.00
6.00,6.00,6.00,6.00
5.99,5.90,5.99,5.90
5.80,5.20,5.80,5.10
5.20,5.25,5.35,5.20
5.05,4.99,5.05,4.85
5.24,4.80,5.24,4.66
4.75,4.70,5.15,4.70
4.70,4.51,5.00,4.45
4.84,4.99,5.09,4.84
4.90,4.85,4.99,4.85
4.80,4.85,4.89,4.32
4.60,4.60,4.75,4.60
4.90,5.30,5.44,4.90
5.30,5.44,5.44,5.30
5.50,6.15,6.15,5.25
6.20,6.75,7.70,6.20
6.60,5.95,6.75,5.95
5.75,5.45,5.75,5.06
5.40,5.10,5.40,5.00
5.10,4.95,5.17,4.95
5.17,4.90,5.20,4.90
4.70,4.95,4.95,4.70
4.95,4.95,5.05,4.95
4.95,4.85,4.95,4.85
4.85,4.84,4.85,4.84
4.84,4.80,4.84,4.80
4.75,4.75,4.75,4.75
4.70,4.61,4.71,4.61
4.60,4.50,4.60,4.25
4.50,4.61,4.71,4.50
4.70,4.60,4.70,4.54
4.60,4.50,4.60,4.25
N/A,N/A,N/A,N/A
4.49,4.50,4.50,4.49
4.50,4.50,4.50,4.50
4.49,4.50,4.50,4.49
4.30,4.49,4.49,4.30
4.50,4.40,4.50,4.11
4.37,4.25,4.37,4.25
4.26,4.21,4.49,4.20
4.21,4.45,4.45,4.15
4.45,4.47,4.50,4.16
4.26,4.43,4.50,4.16
4.35,4.44,4.44,4.20
4.35,4.44,4.44,4.20
4.35,4.35,4.35,4.11
4.11,4.40,4.40,4.11
4.40,4.40,4.40,4.16
4.25,4.40,4.40,4.20
4.40,4.30,4.40,4.30
4.25,4.25,4.25,4.05
4.15,4.00,4.15,4.00
4.00,4.00,4.00,4.00
3.99,4.00,4.00,3.99
3.98,4.00,4.00,3.98
3.85,4.25,4.35,3.85
4.00,3.95,4.15,3.95
4.10,4.08,4.10,3.52
N/A,N/A,N/A,N/A
3.76,4.01,4.04,3.76
4.04,4.00,4.13,3.80
4.10,4.00,4.15,4.00
4.01,4.00,4.45,4.00
4.25,4.25,4.40,4.25
4.25,4.41,4.41,4.22
4.40,4.20,4.40,3.75
4.10,4.25,4.25,3.98
4.08,4.25,4.25,3.98
4.20,3.85,4.20,3.70
3.95,3.85,4.07,3.85
3.99,4.39,4.40,3.99
3.90,4.15,4.15,3.51
4.15,4.25,4.25,4.15
4.24,4.28,4.35,4.02
4.20,4.20,4.20,3.82
4.20,4.30,4.33,4.00
4.30,4.32,4.32,4.20
4.34,4.10,4.45,4.10
4.33,4.25,4.33,3.91
4.20,3.95,4.25,3.95
4.19,4.25,4.29,4.00
4.10,4.06,4.10,4.06
4.02,4.00,4.02,3.90
4.14,4.39,4.40,4.14
4.39,4.10,4.39,4.10
4.20,4.30,4.30,4.20
4.34,4.38,4.38,4.30
4.30,4.30,4.33,4.30
4.21,4.20,4.21,3.95
4.30,4.38,4.38,3.96
4.19,4.30,4.30,4.19
4.20,4.25,4.25,4.20
4.10,4.10,4.10,4.10
4.19,4.25,4.25,4.18
4.10,4.00,4.10,4.00
4.10,4.25,4.30,4.10
4.25,4.01,4.25,4.01
4.02,4.00,4.02,4.00
4.15,4.25,4.25,4.15
4.25,4.25,4.25,4.20
4.15,4.28,4.29,4.15
4.28,3.81,4.29,3.81
4.25,4.11,4.34,3.85
4.11,4.20,4.20,4.10
4.20,4.20,4.20,4.20
4.23,4.20,4.25,4.20
4.25,4.15,4.25,4.15
4.15,4.00,4.25,4.00
4.00,3.77,4.00,3.77
4.10,3.91,4.20,3.91
4.10,3.85,4.10,3.85
3.90,3.90,3.90,3.90
3.92,3.91,3.92,3.90
4.02,4.00,4.05,3.90
3.90,4.21,4.21,3.75
4.21,3.80,4.25,3.52
4.00,4.10,4.17,3.79
4.10,4.25,4.25,4.10
4.23,4.25,4.25,4.23
4.25,4.00,4.25,4.00
4.20,4.15,4.20,4.15
4.00,4.00,4.10,4.00
4.19,4.19,4.19,4.19
4.15,4.20,4.20,4.15
4.24,4.24,4.25,4.24
4.20,4.24,4.24,3.90
4.20,4.01,4.20,4.01
4.03,4.15,4.15,4.03
4.15,3.77,4.15,3.77
4.05,3.86,4.19,3.86
3.86,3.80,3.99,3.31
3.76,3.76,4.00,3.55
3.75,3.50,3.75,3.50
3.85,4.10,4.17,3.85
4.10,4.10,4.10,4.10
N/A,N/A,N/A,N/A
3.87,4.00,4.00,3.75
4.00,4.00,4.00,4.00
N/A,N/A,N/A,N/A
4.00,4.00,4.00,4.00
4.00,4.00,4.05,4.00
N/A,N/A,N/A,N/A
4.05,4.07,4.10,4.05
4.07,4.07,4.07,4.07
4.07,4.10,4.10,4.00
4.00,4.00,4.00,3.95
3.81,4.05,4.09,3.70
4.00,3.98,4.00,3.98
3.95,3.79,3.95,3.60
3.80,3.80,3.80,3.80
3.80,3.80,3.80,3.80
N/A,N/A,N/A,N/A
3.92,3.92,3.96,3.90
3.91,3.90,3.91,3.90
3.90,3.90,3.90,3.90
3.90,3.80,3.90,3.80
3.80,3.85,3.91,3.79
3.90,3.85,3.90,3.85
3.85,3.85,3.85,3.85
3.76,3.80,3.80,3.71
3.80,3.70,3.80,3.70
3.75,3.75,3.75,3.75
3.75,3.75,3.75,3.75
3.70,3.74,3.74,3.61
3.68,3.53,3.68,3.32
3.60,3.59,3.60,3.59
3.65,3.67,3.75,3.65
3.75,3.75,3.75,3.75
3.75,3.40,3.75,3.35
3.45,3.45,3.60,3.20
3.45,3.75,3.75,3.45
3.75,3.71,3.75,3.71
3.75,3.50,3.75,3.50
3.55,3.75,3.75,3.55
3.65,3.75,3.75,3.55
3.75,3.75,3.75,3.75
3.75,3.75,3.75,3.70
3.70,3.53,3.70,3.51
3.60,3.60,3.60,3.60
3.51,3.43,3.51,3.05
3.43,3.54,3.55,3.43
3.54,3.78,3.84,3.54
3.80,3.94,4.05,3.80
4.02,4.03,4.03,3.84
3.89,3.82,3.89,3.77
3.76,3.85,3.85,3.40
3.55,3.90,3.90,3.51
3.88,3.86,3.88,3.85
3.72,3.85,3.85,3.71
3.81,4.05,4.35,3.75
4.29,5.20,5.20,4.29
5.25,6.50,6.55,5.25
6.52,5.85,6.57,5.55
5.77,5.75,5.85,5.51
5.60,6.50,6.69,5.60
6.75,6.56,7.40,6.10
6.25,6.20,6.70,5.75
5.28,5.50,6.10,5.27
5.51,6.25,6.45,5.51
6.00,6.12,6.30,6.00
6.00,6.35,6.35,5.95
6.35,6.01,6.50,6.01
6.08,5.96,6.30,5.96
6.00,6.00,6.40,5.77
6.30,6.38,6.60,5.75
6.35,6.05,6.45,5.85
6.06,6.35,6.35,6.05
6.05,6.10,6.35,6.00
6.10,5.74,6.10,5.55
5.72,6.00,6.00,5.60
6.01,6.35,6.40,5.75
6.11,5.78,6.11,5.71
5.90,5.80,5.90,5.80
5.88,5.82,5.95,5.82
5.95,6.05,6.05,5.95
5.85,5.78,5.85,5.78
5.75,5.85,5.85,5.58
6.10,8.00,8.39,6.08
7.80,7.60,7.95,6.64
7.20,7.70,7.70,6.97
7.19,7.00,7.80,7.00
7.25,7.50,7.90,7.25
7.52,7.40,7.68,7.20
7.25,7.19,7.50,7.19
7.38,7.30,7.38,7.05
8.75,8.60,9.30,7.05
8.86,10.25,10.25,8.79
10.65,9.93,10.68,9.30
9.65,9.65,9.97,9.10
9.22,9.14,9.49,9.05
9.63,9.60,9.75,9.48
9.75,9.50,9.75,9.05
9.50,9.14,9.50,8.88
9.11,9.14,9.52,8.71
9.05,9.05,9.05,9.00
8.74,8.62,8.95,8.35
8.61,8.65,8.65,8.36
8.15,8.35,8.35,8.15
8.42,8.35,8.65,8.12
8.18,8.35,8.35,8.18
8.25,8.21,8.40,8.10
8.03,8.00,8.30,8.00
8.00,8.00,8.10,7.50
8.00,7.50,8.33,7.50
7.39,7.25,7.39,7.00
7.22,6.69,7.22,6.52
6.75,6.56,6.75,6.41
6.25,6.57,6.75,6.10
6.62,6.54,6.75,6.50
6.65,6.74,7.22,6.50
7.21,7.50,7.86,7.10
8.00,8.00,8.25,7.73
8.21,7.25,8.24,7.15
7.22,6.90,7.54,6.50
7.00,6.73,7.00,6.26
6.45,6.42,6.69,6.21
6.32,5.97,6.32,5.85
5.85,5.99,6.23,5.85
5.99,5.85,6.26,5.85
5.85,6.08,6.23,5.85
6.22,6.13,6.22,6.00
6.08,6.32,6.66,6.03
6.05,6.20,6.21,6.05
6.26,6.60,7.00,6.26
6.63,6.21,6.63,5.62
6.25,6.37,6.50,6.25
6.75,6.59,6.75,6.31
6.60,6.68,7.00,6.45
6.50,6.40,6.50,6.01
6.35,5.91,6.40,5.87
6.08,5.80,6.19,5.80
5.80,5.90,6.20,5.62
5.92,5.90,5.95,5.77
6.06,5.90,6.08,5.80
5.90,5.90,6.00,5.85
5.95,5.97,6.06,5.88
5.97,5.90,6.13,5.81
5.78,6.18,6.18,5.62
6.09,5.92,6.14,5.77
5.85,5.85,6.18,5.80
5.91,5.81,6.00,5.81
5.88,5.99,6.00,5.80
7.52,5.70,8.31,5.70
5.70,5.39,5.88,5.10
5.34,5.50,5.67,4.50
5.52,5.40,5.97,4.90
5.80,5.37,5.80,5.10
5.12,5.19,5.50,5.10
5.07,5.21,5.75,4.86
5.70,5.39,5.70,5.12
5.26,5.18,5.74,5.05
5.20,4.80,5.20,4.80
5.00,5.15,5.15,4.88
5.45,5.36,5.45,5.20
5.23,5.22,5.48,5.12
5.23,5.11,5.45,5.11
5.20,4.68,5.33,4.68
4.75,4.94,5.10,4.62
4.89,5.05,5.10,4.73
5.02,4.92,5.02,4.77
4.88,4.97,4.97,4.82
4.90,4.89,5.00,4.77
4.88,4.83,4.88,4.75
4.75,4.77,4.88,4.71
4.85,4.76,5.30,4.68
4.85,4.70,4.95,4.70
4.82,5.00,5.12,4.76
4.98,4.90,5.07,4.85
4.90,4.78,5.02,4.75
4.84,5.00,5.01,4.84
4.92,5.10,5.14,4.90
5.03,4.99,5.16,4.76
4.99,4.99,5.17,4.98
5.12,5.00,5.17,4.99
5.00,4.87,5.00,4.85
4.83,4.72,4.93,4.51
4.67,4.62,4.90,4.27
4.26,4.44,4.72,4.26
4.84,4.25,4.88,4.25
4.57,4.34,4.57,4.10
4.54,4.60,4.72,4.44
4.50,4.53,4.66,4.41
4.45,4.57,4.64,4.29
4.58,4.69,4.84,4.32
4.87,4.50,4.88,4.50
4.52,4.65,4.65,4.51
4.61,4.41,4.72,4.40
4.33,4.10,4.36,4.08
4.12,4.29,4.39,4.03
4.38,4.23,4.38,4.00
4.25,4.12,4.25,3.79
4.05,4.03,4.21,3.77
4.31,4.28,4.45,4.10
4.42,4.22,4.42,4.05
4.01,3.86,4.15,3.75
3.84,3.95,4.18,3.80
3.98,3.97,4.19,3.95
4.09,4.02,4.23,4.00
4.10,4.10,4.23,4.01
4.24,4.32,4.39,4.13
4.30,4.28,4.45,4.26
4.32,4.76,4.97,4.32
4.91,4.47,4.91,4.47
4.42,4.62,4.80,4.30
4.63,4.31,4.66,4.25
4.30,4.36,4.38,4.30
4.42,4.26,4.50,4.25
4.34,4.22,4.34,4.15
4.21,4.01,4.22,4.01
4.01,4.02,4.30,4.01
4.10,4.28,4.28,4.08
4.20,4.03,4.20,4.02
4.08,4.25,4.25,4.05
4.27,4.17,4.30,4.15
4.15,4.34,4.45,4.15
4.85,4.50,4.90,4.30
4.35,4.66,4.66,4.35
4.64,4.67,4.67,4.53
4.60,4.51,4.77,4.46
4.40,3.93,4.45,3.92
3.90,4.00,4.11,3.80
4.03,4.00,4.03,3.95
3.95,4.05,4.11,3.95
4.47,4.21,4.47,4.11
4.12,4.21,4.43,4.12
4.20,4.31,4.47,4.12
4.46,4.43,4.53,4.05
4.44,4.31,4.46,4.17
4.22,4.50,4.50,4.22
4.49,4.46,4.75,4.35
4.53,4.37,4.68,4.29
4.48,4.55,4.60,4.29
4.57,4.46,4.57,4.46
4.55,4.51,4.64,4.46
4.45,4.57,4.65,4.45
4.61,4.48,4.66,4.46
4.33,4.54,4.54,4.33
4.33,4.37,4.49,4.33
4.37,4.18,4.52,4.07
4.20,4.08,4.20,3.94
3.99,4.20,4.51,3.96
4.05,4.02,4.20,4.00
4.12,4.16,4.30,4.04
4.13,4.15,4.30,4.02
4.21,3.96,4.30,3.95
4.05,4.07,4.18,3.96
4.20,4.07,4.20,4.07
4.16,4.00,4.16,3.97
3.99,4.12,4.14,3.97
4.21,4.20,4.21,4.10
4.30,4.30,4.37,4.23
4.25,4.18,4.30,4.03
4.23,4.24,4.28,4.15
4.21,3.97,4.21,3.97
4.09,3.97,4.16,3.97
3.98,4.02,4.05,3.98
4.02,3.86,4.10,3.78
3.95,3.99,3.99,3.95
3.92,3.88,3.95,3.77
3.90,3.90,3.90,3.53
3.89,4.14,4.23,3.89
4.13,4.28,4.30,4.01
4.21,4.60,4.64,4.09
4.47,4.34,4.47,4.34
4.42,4.22,4.68,4.01
4.17,3.90,4.17,3.64
3.90,3.98,4.29,3.67
4.15,3.80,4.19,3.71
3.80,3.95,4.05,3.72
3.93,3.71,3.93,3.70
3.71,3.69,3.72,3.68
3.95,3.87,3.98,3.72
3.98,4.03,4.16,3.85
3.95,3.64,4.04,3.62
3.64,3.71,4.00,3.64
3.74,3.61,4.20,3.49
3.68,3.55,3.69,3.50
3.44,3.46,3.72,3.44
3.40,3.58,3.70,3.30
3.54,3.75,3.82,3.54
3.85,3.28,3.85,3.22
3.26,3.09,3.48,3.09
3.14,2.97,3.28,2.96
2.93,2.83,3.02,2.78
3.05,2.65,3.05,2.47
2.85,3.10,3.35,2.59
3.15,3.07,3.23,2.87
3.04,2.94,3.04,2.85
2.94,2.97,2.98,2.80
2.79,2.66,3.05,2.66
2.65,2.40,2.65,2.32
2.60,2.42,2.60,2.40
2.31,2.22,2.37,2.22
2.25,2.16,2.29,2.15
2.19,2.05,2.36,2.05
2.10,2.01,2.13,1.98
2.00,2.10,2.12,2.00
2.09,2.03,2.23,2.01
2.00,2.14,2.14,1.88
2.07,2.12,2.12,2.00
2.13,2.22,2.36,2.05
2.30,2.28,2.30,2.22
2.09,2.26,2.26,2.05
2.15,2.33,2.45,2.15
2.70,2.52,2.70,2.16
2.50,2.67,2.89,2.38
2.65,2.67,2.89,2.60
2.74,2.59,2.83,2.50
2.46,2.46,2.82,2.39
2.66,2.71,2.80,2.49
2.84,2.77,2.84,2.45
2.84,2.44,2.85,2.43
2.76,2.50,2.76,2.50
2.49,2.63,2.83,2.48
2.63,2.55,2.65,2.43
2.45,2.54,2.57,2.45
2.52,2.24,2.52,2.22
2.31,2.36,2.52,2.31
2.41,2.40,2.41,2.33
2.42,2.43,2.43,2.31
2.44,2.43,2.48,2.29
2.45,2.42,2.45,2.33
2.26,2.34,2.46,2.26
2.33,2.50,2.62,2.33
2.55,2.30,2.55,2.27
2.30,2.46,2.47,2.30
2.50,2.13,2.70,2.13
2.25,2.19,2.30,1.91
2.10,2.25,2.79,2.10
2.40,2.27,2.46,2.26
2.39,2.24,2.55,2.22
2.48,2.10,2.48,2.10
2.25,2.12,2.25,2.04
2.11,2.10,2.27,2.10
2.22,2.16,2.31,2.09
2.16,2.20,2.21,2.10
2.21,2.36,2.46,2.21
2.33,2.50,2.50,2.15
2.61,2.69,2.75,2.39
2.45,2.60,2.69,2.01
2.67,2.75,2.89,2.58
2.79,2.95,2.96,2.79
2.92,2.95,3.18,2.89
2.52,2.71,3.02,2.52
2.75,2.64,2.97,2.64
2.78,2.63,2.78,2.42
2.64,2.53,2.76,2.51
2.55,2.54,2.70,2.46
2.57,2.61,2.82,2.57
2.79,2.74,2.79,2.70
2.74,2.81,2.81,2.74
2.80,2.80,2.81,2.71
2.77,2.76,2.81,2.76
2.78,2.90,2.90,2.76
2.92,2.84,3.00,2.83
2.80,2.90,2.93,2.80
2.73,3.05,3.25,2.73
3.12,3.22,3.30,2.96
3.13,3.17,3.38,3.06
3.34,3.13,3.35,3.11
3.24,3.34,3.35,3.15
3.30,3.33,3.33,3.21
3.26,4.17,4.42,3.26
4.13,4.05,4.13,3.76
4.11,4.06,4.12,3.89
4.05,3.80,4.05,3.69
3.95,3.80,3.95,3.68
3.91,3.80,4.15,3.78
3.95,3.94,3.99,3.75
3.70,3.86,3.86,3.70
3.70,3.71,3.77,3.60
3.65,3.97,3.97,3.64
3.72,3.69,3.79,3.68
3.63,3.62,3.63,3.62
3.60,3.56,3.63,3.56
3.52,3.28,3.74,3.28
3.27,3.36,3.57,3.24
3.36,3.58,3.59,3.30
3.58,3.43,3.60,3.26
3.36,3.42,3.43,3.34
3.29,3.32,3.32,3.28
3.32,3.30,3.36,3.27
3.27,3.30,3.30,3.20
3.20,3.27,3.27,3.20
3.24,3.24,3.25,3.20
3.35,3.25,3.40,3.10
3.24,3.25,3.30,3.13
3.15,3.22,3.22,3.09
3.13,3.24,3.24,3.13
3.11,3.19,3.19,2.98
3.22,3.11,3.22,3.10
3.16,3.12,3.27,3.12
3.24,3.23,3.24,3.23
3.19,3.23,3.25,3.12
3.22,3.69,3.77,3.20
3.21,3.45,3.77,3.20
3.34,3.51,3.60,3.14
3.36,3.21,3.48,3.14
3.39,3.41,3.50,3.15
3.31,3.54,3.54,3.24
3.54,4.15,4.17,3.46
4.50,4.75,5.40,4.36
4.44,4.46,4.60,4.30
4.49,4.43,4.50,4.30
4.41,4.32,4.41,4.06
4.32,4.27,4.32,4.04
4.32,4.38,4.40,4.07
4.07,4.18,4.33,4.00
4.15,3.85,4.30,3.80
3.84,4.33,4.34,3.84
3.96,4.14,4.25,3.94
3.98,3.95,4.24,3.95
4.00,3.96,4.09,3.90
3.93,4.26,4.30,3.93
4.71,4.18,4.79,4.03
4.17,4.09,4.38,4.03
4.13,4.02,4.31,4.00
4.20,4.10,4.24,4.06
4.04,4.04,4.24,3.98
4.05,4.13,4.17,4.04
4.15,4.24,4.24,4.00
4.27,4.27,4.41,4.27
4.25,4.25,4.44,4.25
4.29,4.18,4.35,4.10
4.25,4.09,4.25,4.08
4.06,4.20,4.44,3.91
4.07,4.09,4.13,4.07
3.96,3.84,3.98,3.83
3.79,3.60,3.90,3.56
3.67,3.82,3.82,3.67
3.86,3.73,3.86,3.60
3.62,3.70,3.76,3.55
3.70,3.58,3.78,3.53
3.65,3.75,3.77,3.58
3.63,3.71,3.86,3.63
3.75,3.62,3.75,3.60
3.78,3.85,3.87,3.77
3.87,3.94,4.08,3.87
3.99,3.74,4.09,3.71
3.85,3.57,4.08,3.57
3.62,3.54,4.09,3.51
3.55,3.52,3.67,3.52
3.57,3.53,3.70,3.50
3.70,3.66,3.88,3.57
3.75,3.62,3.76,3.50
3.57,3.72,3.72,3.56
3.66,3.66,3.73,3.55
3.59,3.60,3.74,3.53
3.60,3.74,3.80,3.59
3.60,3.56,3.75,3.55
3.65,3.40,3.65,3.40
3.79,3.50,3.79,3.35
3.50,3.37,3.50,3.37
3.50,3.60,3.61,3.34
3.40,3.66,3.71,3.27
3.73,3.64,3.73,3.63
3.71,3.80,3.92,3.64
3.86,3.75,3.97,3.59
3.80,4.09,4.09,3.80
3.96,4.01,4.05,3.71
3.80,3.80,3.95,3.80
3.88,3.92,4.00,3.61
3.81,3.70,3.86,3.60
3.78,3.90,3.97,3.67
3.80,3.72,3.88,3.72
3.36,3.57,4.00,3.22
3.74,3.75,3.99,3.44
3.68,3.76,3.76,3.56
3.74,3.57,3.74,3.56
3.56,3.63,3.63,3.50
3.60,3.51,3.62,3.50
3.53,3.29,3.53,3.25
3.22,3.30,3.43,3.22
3.31,3.27,3.35,3.25
3.25,3.21,3.36,3.21
3.21,3.24,3.31,3.16
3.26,3.30,3.32,3.16
3.22,3.16,3.36,3.13
3.30,3.45,3.52,3.30
3.37,3.37,3.47,3.37
3.43,3.35,3.44,3.25
3.46,3.50,3.50,3.31
3.46,3.44,3.51,3.28
3.40,3.36,3.64,3.32
3.45,3.29,3.48,3.29
3.34,3.42,3.46,3.25
3.38,3.35,3.40,3.27
3.39,3.45,3.52,3.20
3.25,3.45,3.61,3.25
3.55,3.32,3.60,3.28
3.32,3.22,3.34,3.22
3.34,3.24,3.35,3.23
3.39,3.36,3.39,3.17
3.28,3.18,3.43,3.17
3.19,3.13,3.23,3.11
3.16,3.25,3.32,3.02
3.26,2.91,3.48,2.90
3.03,2.88,3.03,2.71
2.91,2.78,2.91,2.63
2.85,2.82,3.05,2.56
2.67,2.73,2.76,2.67
2.86,2.66,2.86,2.66
2.63,2.87,2.87,2.62
2.81,2.79,2.90,2.71
2.79,2.79,2.87,2.70
2.74,2.72,2.89,2.71
2.78,3.11,3.17,2.78
3.08,3.00,3.18,2.90
2.94,2.95,3.15,2.91
3.02,3.09,3.10,2.91
3.10,3.15,3.27,3.04
3.15,3.18,3.25,3.00
3.16,3.17,3.22,3.00
3.07,3.20,3.20,3.00
3.11,3.11,3.18,3.11
3.07,3.20,3.20,2.98
3.19,3.20,3.26,3.09
3.18,3.15,3.25,3.11
3.19,3.11,3.19,3.11
3.13,3.20,3.20,3.03
3.20,3.04,3.23,2.95
3.06,2.92,3.11,2.92
2.93,2.98,2.98,2.81
2.96,2.83,2.96,2.80
2.80,2.67,2.80,2.61
2.69,2.46,2.69,2.42
2.40,2.58,2.60,2.31
2.50,2.59,2.77,2.45
2.70,2.40,2.70,2.37
2.51,2.44,2.65,2.40
2.42,2.56,2.57,2.42
2.52,2.51,2.59,2.41
2.50,2.55,2.55,2.31
2.50,2.40,2.53,2.35
2.35,2.53,2.56,2.34
2.46,2.58,2.58,2.42
2.54,2.61,2.78,2.52
2.63,2.93,2.93,2.60
2.81,2.66,2.88,2.44
2.72,2.55,2.72,2.51
2.63,2.64,2.67,2.47
2.62,2.70,2.73,2.58
2.68,2.64,2.70,2.57
2.66,2.78,2.87,2.59
2.71,2.65,2.71,2.59
2.62,2.64,2.65,2.51
2.66,2.53,2.66,2.46
2.56,2.47,2.63,2.42
