DYN,Dynegy Inc. Common Stock,NASDAQ
9.25,9.65,9.65,9.25
9.65,9.45,9.85,9.30
9.45,9.95,9.95,9.40
9.95,9.75,10.15,9.70
9.75,9.70,9.90,9.45
9.85,9.70,9.90,9.45
9.65,9.40,9.70,9.35
9.60,9.50,9.60,9.35
9.50,9.25,9.50,9.10
9.25,9.20,9.40,9.05
9.25,9.30,9.40,9.20
9.25,9.20,9.35,9.05
9.25,9.05,9.25,8.80
9.05,9.15,9.15,8.80
9.15,8.95,9.15,8.85
8.95,8.85,9.00,8.85
8.90,8.60,8.95,8.55
8.65,8.35,8.65,8.25
8.40,8.10,8.50,8.05
8.30,8.15,8.30,7.95
8.15,8.25,8.25,8.00
8.25,8.30,8.40,8.10
8.25,7.90,8.30,7.90
8.00,8.05,8.10,7.65
8.20,8.00,8.20,7.90
8.05,8.05,8.15,7.95
8.05,8.10,8.20,7.85
8.20,8.10,8.20,7.90
8.00,8.25,8.25,7.85
8.20,7.85,8.30,7.85
7.95,7.90,8.02,7.70
7.90,8.15,8.25,7.85
8.10,8.25,8.45,8.10
8.40,8.35,8.50,8.10
8.25,8.25,8.40,8.10
8.30,8.35,8.40,8.15
7.90,7.60,8.10,7.55
7.50,7.50,7.55,7.15
7.45,7.30,7.55,7.25
7.30,7.10,7.40,7.00
7.15,7.20,7.25,6.80
7.00,7.20,7.40,7.00
7.40,7.30,7.42,7.20
7.20,7.70,7.70,7.20
7.70,7.65,7.80,7.60
7.65,7.90,8.05,7.60
7.95,7.75,7.95,7.60
7.75,7.75,7.85,7.65
7.70,7.55,7.85,7.55
7.55,7.50,7.70,7.45
7.55,7.55,7.65,7.45
7.55,7.25,7.65,7.20
7.30,7.00,7.35,6.95
7.00,7.10,7.20,6.95
7.10,7.00,7.20,6.90
7.00,7.00,7.15,6.95
7.00,6.50,7.10,6.50
6.60,6.10,6.70,6.10
6.30,6.35,6.40,6.20
6.60,6.55,6.60,6.10
6.40,6.30,6.45,6.25
6.30,6.25,6.40,6.10
6.40,6.35,6.40,6.25
6.30,6.50,6.55,6.25
6.50,6.25,6.55,6.20
6.25,6.00,6.25,5.90
6.05,6.00,6.10,5.95
6.10,6.10,6.40,6.00
6.15,6.10,6.20,5.95
6.10,6.45,6.50,6.00
6.45,6.30,7.05,6.30
6.35,6.00,6.45,5.90
6.00,5.85,6.05,5.75
5.85,6.00,6.10,5.85
6.05,6.10,6.20,6.00
6.10,6.45,6.50,6.00
6.50,6.30,6.55,6.25
6.35,6.75,6.75,6.25
6.70,6.50,6.70,6.35
6.50,6.65,6.65,6.40
6.65,6.60,6.85,6.60
6.65,6.65,7.05,6.60
6.75,6.80,6.80,6.60
6.80,6.70,6.80,6.40
6.40,6.50,6.70,6.25
6.50,6.25,6.65,5.85
6.30,5.95,6.30,5.90
6.80,6.75,6.85,6.25
6.65,6.45,6.75,6.35
6.45,6.65,6.65,6.45
6.65,6.65,6.80,6.55
6.70,6.50,6.70,6.45
6.50,6.60,6.60,6.30
6.60,6.30,6.65,6.30
6.25,6.05,6.40,6.00
6.00,5.55,6.00,5.50
5.60,5.60,5.85,5.40
1.15,1.01,1.15,1.01
4.62,5.02,5.02,4.50
5.03,5.08,5.27,4.90
5.19,5.11,5.26,5.02
nan,5.23,nan,nan
5.19,4.89,5.22,4.87
4.86,4.96,5.00,4.78
4.86,5.15,5.19,4.82
5.12,4.77,5.14,4.70
4.78,4.67,4.85,4.63
4.67,4.80,4.82,4.60
4.80,4.77,4.95,4.70
4.88,4.87,4.89,4.75
4.82,4.98,4.99,4.77
5.03,4.91,5.14,4.90
5.01,5.06,5.10,4.95
5.04,5.03,5.09,4.93
5.07,4.95,5.07,4.90
4.96,4.92,4.96,4.87
4.98,4.85,5.04,4.80
4.85,4.81,4.98,4.76
4.82,4.76,4.85,4.75
4.76,4.71,4.82,4.57
4.71,4.65,4.78,4.62
4.61,4.42,4.68,4.40
4.38,4.09,4.38,3.95
4.10,3.85,4.10,3.80
3.83,3.74,3.86,3.66
nan,3.62,nan,nan
3.68,3.57,3.76,3.52
3.55,3.86,3.88,3.54
3.91,3.72,3.91,3.62
3.70,3.79,3.80,3.66
3.79,3.75,3.80,3.69
3.80,3.82,3.82,3.72
3.82,3.78,3.83,3.75
3.79,3.69,3.80,3.62
3.67,3.47,3.67,3.46
3.50,3.58,3.62,3.48
3.52,3.62,3.62,3.50
3.62,3.64,3.74,3.60
3.67,3.71,3.82,3.65
3.70,3.70,3.74,3.62
3.68,3.74,3.77,3.64
3.77,3.74,3.83,3.63
3.72,3.61,3.75,3.61
3.65,3.52,3.69,3.50
3.48,3.55,3.60,3.47
3.62,3.69,3.71,3.60
3.68,3.47,3.72,3.47
3.48,3.53,3.64,3.48
3.52,3.69,3.74,3.51
3.59,3.59,3.59,3.45
3.60,3.43,3.60,3.40
3.43,3.23,3.46,3.23
3.21,2.92,3.21,2.90
2.91,2.78,2.98,2.76
4.49,4.53,4.58,4.39
4.57,4.74,4.75,4.46
4.64,4.87,4.96,4.64
4.79,4.79,4.83,4.67
4.71,4.79,4.79,4.65
4.72,4.78,4.79,4.69
4.74,4.78,4.87,4.73
4.71,4.94,4.97,4.69
4.85,4.88,4.95,4.84
4.88,4.84,4.95,4.84
4.82,4.81,4.88,4.75
4.80,4.82,4.88,4.77
4.85,4.93,4.98,4.81
4.93,5.05,5.12,4.91
5.02,5.10,5.11,4.99
nan,5.04,nan,nan
4.93,4.86,5.01,4.83
4.88,5.03,5.03,4.85
5.01,5.03,5.05,4.94
5.02,5.05,5.07,4.98
5.05,5.06,5.09,5.01
5.07,5.04,5.11,5.01
5.06,4.90,5.06,4.90
4.90,4.67,4.93,4.66
4.68,4.79,4.82,4.65
4.78,4.81,4.86,4.69
4.84,4.71,4.84,4.71
4.77,4.63,4.77,4.53
4.50,4.52,4.55,4.47
4.53,4.53,4.60,4.52
4.53,4.80,4.87,4.53
4.80,4.88,4.88,4.68
4.76,4.85,4.89,4.76
4.88,4.87,4.89,4.83
4.89,4.70,4.89,4.67
4.67,4.76,4.77,4.61
4.78,4.69,4.78,4.66
4.65,4.64,4.68,4.58
4.65,4.79,4.79,4.58
4.70,4.71,4.82,4.65
4.69,4.75,4.81,4.69
4.90,4.87,4.92,4.75
4.91,4.96,4.99,4.88
4.92,4.88,4.95,4.85
4.90,4.79,4.90,4.78
4.77,4.85,4.92,4.77
4.76,4.82,4.93,4.74
4.80,4.84,4.85,4.76
4.84,4.77,4.84,4.76
4.77,4.76,4.78,4.73
4.79,4.79,4.84,4.75
4.76,4.75,4.78,4.73
4.76,4.75,4.80,4.69
4.77,4.63,4.79,4.60
4.63,4.64,4.67,4.56
4.72,4.57,4.72,4.55
4.57,4.56,4.71,4.54
4.54,4.55,4.59,4.48
4.56,4.49,4.64,4.45
4.49,4.44,4.52,4.43
4.44,4.46,4.50,4.44
4.48,4.44,4.50,4.43
4.45,4.50,4.52,4.44
4.50,4.63,4.72,4.49
4.63,4.69,4.77,4.62
4.84,4.63,4.88,4.59
4.67,5.02,5.75,4.60
5.07,5.06,5.15,4.92
5.08,5.15,5.18,5.07
5.15,5.11,5.17,5.07
5.17,5.14,5.23,4.98
5.03,5.00,5.05,4.86
nan,5.13,nan,nan
5.12,5.05,5.17,5.05
5.08,5.07,5.16,5.05
5.05,5.09,5.11,5.01
5.15,5.15,5.21,5.10
5.15,5.26,5.40,5.10
5.25,5.27,5.31,5.19
5.29,5.24,5.41,5.24
5.33,5.16,5.37,5.12
5.18,5.53,5.55,5.18
5.54,5.70,5.87,5.52
5.71,5.54,5.71,5.43
5.63,5.68,5.75,5.52
5.71,5.45,5.71,5.36
5.67,5.63,5.68,5.58
5.59,5.59,5.65,5.58
5.63,5.63,5.64,5.61
5.63,5.67,5.70,5.62
5.69,5.85,5.85,5.65
5.70,5.89,5.92,5.69
nan,5.86,nan,nan
5.81,5.87,5.89,5.76
5.87,5.70,5.89,5.70
5.72,5.76,5.78,5.70
5.73,5.69,5.75,5.69
5.67,5.62,5.73,5.60
5.65,5.64,5.72,5.61
5.61,5.69,5.70,5.61
5.66,5.71,5.73,5.63
5.68,5.72,5.74,5.68
5.70,5.73,5.77,5.64
5.68,5.81,5.85,5.63
5.77,5.83,5.85,5.73
5.84,5.83,5.86,5.77
5.79,5.88,5.89,5.77
nan,5.80,nan,nan
5.81,5.78,5.83,5.59
5.72,5.67,5.74,5.61
5.62,5.60,5.65,5.53
5.60,5.64,5.67,5.56
5.62,5.88,5.94,5.60
5.68,5.73,5.86,5.63
5.69,5.89,5.98,5.66
5.87,6.03,6.05,5.78
6.02,6.08,6.09,5.90
6.09,6.29,6.30,6.03
6.27,6.22,6.28,6.19
6.15,6.18,6.18,6.05
6.16,6.12,6.22,6.06
6.13,6.10,6.15,5.87
6.07,6.07,6.12,6.06
6.05,5.92,6.09,5.88
5.83,5.71,5.85,5.69
5.79,5.74,5.83,5.70
5.73,5.67,5.76,5.67
5.63,5.81,5.85,5.60
5.86,5.84,5.87,5.79
5.82,5.94,6.02,5.80
5.90,6.05,6.09,5.90
nan,6.01,nan,nan
5.95,5.89,6.03,5.87
5.88,5.70,5.91,5.63
5.74,5.63,5.79,5.55
5.67,5.79,5.80,5.56
5.80,5.79,5.89,5.74
5.77,5.74,5.93,5.71
5.73,5.57,5.81,5.53
5.60,5.70,5.75,5.58
5.70,5.60,5.73,5.57
5.60,5.80,5.82,5.60
5.74,5.79,5.88,5.69
5.65,5.62,5.83,5.57
5.59,5.46,5.60,5.46
5.38,5.55,5.58,5.38
5.48,5.44,5.58,5.42
5.38,5.59,5.62,5.32
5.59,5.49,5.67,5.45
5.55,5.54,5.68,5.48
5.59,5.66,5.66,5.53
5.60,5.92,5.93,5.59
5.89,5.96,5.98,5.86
5.91,5.96,6.00,5.90
5.97,6.04,6.05,5.89
5.91,5.78,5.97,5.76
5.77,5.75,5.86,5.74
5.74,5.84,5.84,5.70
5.84,5.63,5.84,5.63
5.65,5.69,5.70,5.60
5.73,5.72,5.73,5.67
5.70,5.54,5.76,5.48
5.58,5.61,5.69,5.54
5.61,5.63,5.65,5.50
5.65,5.70,5.72,5.61
5.73,5.73,5.74,5.70
5.76,5.74,5.76,5.70
5.70,5.66,5.71,5.62
5.66,5.70,5.97,5.48
5.64,5.73,5.74,5.51
5.71,5.75,5.75,5.64
5.68,5.74,5.76,5.62
5.74,5.76,5.77,5.73
5.73,5.71,5.77,5.65
nan,5.74,nan,nan
5.71,5.93,6.13,5.69
5.92,6.24,6.25,5.87
6.20,6.14,6.23,6.03
6.16,6.38,6.38,6.06
6.38,6.34,6.48,6.30
6.33,6.40,6.41,6.32
6.41,6.45,6.64,6.32
6.48,6.45,6.67,6.35
6.45,6.22,6.45,6.06
6.28,6.41,6.47,6.27
6.36,6.28,6.36,6.21
6.34,6.10,6.34,6.04
6.10,5.85,6.10,5.80
5.88,5.79,5.88,5.69
5.78,5.62,5.83,5.58
5.61,5.79,5.99,5.58
5.74,5.77,5.81,5.69
5.74,5.81,5.82,5.71
5.81,5.81,5.83,5.66
5.77,5.95,6.00,5.76
5.86,5.70,5.93,5.66
5.73,5.67,5.99,5.66
5.67,5.81,5.84,5.66
5.78,5.91,5.98,5.71
nan,5.92,nan,nan
5.92,6.06,6.20,5.92
6.03,5.97,6.06,5.85
5.97,5.97,6.08,5.90
5.89,5.74,6.06,5.71
5.75,5.79,5.88,5.67
5.82,5.86,5.90,5.79
5.83,6.02,6.17,5.83
6.08,6.02,6.09,5.93
5.98,5.84,6.04,5.82
5.85,5.92,5.97,5.81
5.96,5.90,5.98,5.75
5.83,5.85,5.90,5.69
5.88,5.85,6.02,5.80
5.87,5.93,6.06,5.86
5.93,5.97,6.03,5.90
6.02,6.05,6.10,5.97
6.02,5.95,6.07,5.94
5.95,6.02,6.08,5.90
6.01,5.97,6.10,5.97
5.98,6.07,6.10,5.95
6.08,6.17,6.25,6.07
6.20,6.23,6.25,6.16
6.22,6.19,6.28,6.15
nan,6.25,nan,nan
6.25,6.25,6.27,6.14
6.22,6.23,6.27,6.10
6.27,6.24,6.35,6.19
6.17,6.62,6.77,6.16
6.56,6.25,6.60,6.23
6.21,6.37,6.44,6.18
6.38,6.64,6.92,6.37
6.67,6.15,6.67,6.12
6.27,6.15,6.37,6.00
6.14,5.99,6.14,5.99
6.02,6.03,6.11,5.98
6.04,5.97,6.09,5.93
5.97,5.90,6.07,5.89
5.80,5.69,5.83,5.67
5.66,5.71,5.83,5.65
5.87,5.82,5.98,5.70
5.83,5.74,5.83,5.72
5.73,5.91,6.04,5.66
5.85,5.72,5.94,5.72
5.82,5.64,5.88,5.57
5.65,5.42,5.69,5.42
5.45,5.46,5.47,5.37
5.46,5.16,5.46,5.15
5.22,4.90,5.30,4.69
4.55,4.36,4.89,4.33
4.42,4.57,4.58,4.20
4.45,4.09,4.47,4.08
4.05,4.37,4.38,4.05
4.40,4.24,4.48,4.23
4.27,4.34,4.37,4.26
4.32,4.24,4.35,4.17
4.26,4.10,4.32,4.06
3.97,3.77,4.00,3.72
3.72,3.55,3.82,3.54
3.63,3.79,3.83,3.54
3.80,4.01,4.02,3.70
3.96,3.93,3.97,3.80
3.94,3.71,3.95,3.64
3.67,3.79,3.83,3.63
3.85,4.08,4.10,3.83
4.07,4.03,4.09,3.96
4.03,4.40,4.61,4.00
4.43,4.63,4.73,4.42
4.54,4.91,5.05,4.50
4.69,5.32,5.36,4.69
5.43,5.40,5.56,5.32
5.27,5.28,5.39,5.01
5.22,5.10,5.29,5.03
5.03,5.17,5.22,4.93
5.17,5.52,5.53,5.13
5.53,5.54,5.64,5.42
5.59,5.65,5.70,5.48
5.70,5.56,5.99,5.45
5.41,5.40,5.42,5.19
5.45,5.24,5.46,5.19
5.24,5.08,5.29,5.07
4.87,4.82,5.01,4.71
4.81,4.71,4.94,4.54
4.78,4.80,4.84,4.51
4.89,4.73,5.10,4.65
4.70,4.40,4.79,4.39
4.51,4.50,4.59,4.32
4.43,4.12,4.47,4.11
4.06,3.50,4.10,3.50
3.50,3.45,3.51,3.00
3.40,3.77,3.77,3.22
3.62,3.65,3.80,3.39
3.63,3.43,3.66,3.30
3.51,3.62,3.86,3.42
3.59,3.85,3.88,3.48
3.93,3.80,3.99,3.72
3.76,3.69,3.79,3.58
3.72,3.89,4.00,3.72
3.83,3.70,3.93,3.65
3.72,3.58,3.72,3.47
3.56,3.39,3.66,3.35
3.39,3.42,3.49,3.32
3.51,3.56,3.63,3.36
3.63,3.69,3.71,3.56
3.67,3.57,3.70,3.41
3.68,3.54,3.68,3.44
3.71,3.85,3.86,3.66
3.75,3.74,3.82,3.63
3.70,3.67,3.74,3.60
3.57,3.40,3.73,3.30
3.44,3.48,3.49,3.30
3.52,3.73,3.82,3.43
3.68,3.30,3.72,3.30
3.30,2.95,3.37,2.35
3.70,3.76,4.13,3.52
3.58,3.37,3.66,3.35
3.39,2.96,3.45,2.95
2.96,2.95,3.10,2.89
2.54,2.83,2.98,2.53
2.74,2.69,2.77,2.60
2.62,2.69,2.80,2.59
2.63,2.61,2.70,2.56
2.61,2.65,2.73,2.59
2.61,2.55,2.69,2.55
2.53,2.40,2.55,2.40
nan,2.29,nan,nan
2.23,2.24,2.32,2.22
2.38,2.42,2.44,2.30
2.41,2.71,2.91,2.38
2.94,2.95,3.03,2.70
2.92,2.94,3.05,2.91
2.80,3.15,3.25,2.80
3.21,3.15,3.32,3.12
3.14,2.71,3.15,2.71
2.72,2.84,2.93,2.60
2.82,2.64,2.83,2.54
2.65,3.00,3.12,2.64
3.10,2.76,3.10,2.73
2.78,2.72,3.04,2.66
2.71,2.50,2.78,2.40
2.57,2.59,2.67,2.50
3.06,2.62,3.06,2.55
2.62,2.48,2.69,2.41
2.54,2.56,2.58,2.48
2.54,2.65,2.66,2.51
2.65,2.90,2.91,2.61
nan,2.76,nan,nan
2.76,2.75,2.81,2.66
2.73,2.67,2.76,2.61
2.68,2.81,2.85,2.66
nan,2.77,nan,nan
2.86,2.85,2.90,2.79
2.84,2.75,2.88,2.73
2.72,2.74,2.82,2.65
2.75,2.74,2.76,2.69
2.74,2.67,2.75,2.56
2.72,2.64,2.72,2.59
2.62,2.65,2.72,2.57
2.65,2.58,2.65,2.52
nan,2.53,nan,nan
2.55,2.57,2.57,2.53
2.56,2.45,2.56,2.44
2.46,2.36,2.51,2.36
2.35,2.23,2.39,2.21
2.26,2.07,2.27,2.06
2.08,2.11,2.14,2.03
2.11,2.05,2.12,2.05
2.07,2.04,2.12,2.02
2.05,1.99,2.08,1.93
2.02,1.92,2.03,1.91
1.94,1.86,1.98,1.80
1.87,1.77,1.90,1.77
1.79,1.73,1.79,1.66
1.79,1.76,1.81,1.73
1.79,1.65,1.79,1.59
1.65,1.75,1.77,1.60
1.75,1.67,1.76,1.66
1.68,1.68,1.73,1.67
1.68,1.65,1.69,1.60
1.68,1.61,1.68,1.60
1.61,1.61,1.65,1.60
1.62,1.50,1.62,1.46
1.50,1.48,1.50,1.38
1.50,1.41,1.52,1.40
1.43,1.46,1.50,1.39
1.46,1.38,1.46,1.37
1.37,1.42,1.46,1.36
1.42,1.47,1.51,1.41
1.50,1.39,1.54,1.38
1.40,1.37,1.41,1.37
1.37,1.30,1.41,1.28
1.30,1.26,1.30,1.23
1.27,1.37,1.45,1.23
1.36,1.31,1.36,1.29
1.29,1.25,1.31,1.21
1.25,1.24,1.28,1.23
1.23,1.18,1.25,1.13
1.19,0.76,1.21,0.59
0.71,0.50,0.77,0.49
0.47,0.55,0.61,0.42
0.56,0.53,0.57,0.50
0.53,0.63,0.64,0.52
0.65,0.89,1.00,0.65
0.97,0.70,1.00,0.68
0.71,0.63,0.71,0.62
0.63,0.64,0.71,0.63
0.66,0.64,0.67,0.61
0.63,0.68,0.68,0.61
0.69,0.67,0.74,0.65
0.68,0.63,0.70,0.61
0.63,0.68,0.69,0.63
0.67,0.58,0.67,0.55
0.58,0.56,0.60,0.55
0.56,0.52,0.57,0.50
0.52,0.52,0.58,0.50
0.52,0.39,0.54,0.35
0.41,0.45,0.47,0.41
0.45,0.44,0.46,0.40
0.44,0.40,0.44,0.36
0.41,0.40,0.44,0.40
0.40,0.38,0.42,0.37
0.38,0.37,0.39,0.36
0.38,0.36,0.38,0.33
0.36,0.36,0.36,0.34
0.36,0.35,0.38,0.34
0.35,0.34,0.35,0.31
0.35,0.35,0.39,0.34
0.34,0.34,0.35,0.33
0.34,0.33,0.34,0.30
0.33,0.32,0.34,0.31
0.31,0.38,0.38,0.31
0.38,0.39,0.42,0.36
0.39,0.41,0.41,0.38
0.41,0.40,0.43,0.39
0.40,0.42,0.44,0.36
0.39,0.40,0.42,0.36
0.40,0.41,0.44,0.40
0.43,0.40,0.43,0.39
0.40,0.40,0.40,0.38
0.39,0.38,0.40,0.38
0.39,0.44,0.48,0.38
0.44,0.46,0.46,0.40
0.46,0.46,0.48,0.42
0.46,0.46,0.48,0.44
0.47,0.44,0.51,0.44
0.45,0.42,0.48,0.42
0.41,0.38,0.45,0.38
0.38,0.42,0.44,0.38
0.42,0.43,0.44,0.38
0.42,0.44,0.46,0.41
0.45,0.43,0.46,0.42
0.44,0.41,0.44,0.41
0.42,0.42,0.44,0.41
0.42,0.45,0.49,0.42
0.46,0.48,0.59,0.45
0.48,0.54,0.55,0.46
0.54,0.52,0.55,0.50
0.52,0.58,0.58,0.52
0.58,0.61,0.64,0.57
0.63,0.57,0.64,0.52
0.57,0.60,0.62,0.55
0.64,0.58,0.64,0.56
0.59,0.59,0.59,0.56
0.57,0.58,0.59,0.56
0.59,0.59,0.60,0.57
0.59,0.58,0.60,0.57
0.57,0.59,0.59,0.57
0.59,0.58,0.61,0.56
0.58,0.58,0.59,0.57
0.57,0.56,0.58,0.56
0.57,0.51,0.57,0.50
0.48,0.53,0.54,0.45
0.54,0.57,0.57,0.54
0.57,0.58,0.58,0.55
0.59,0.57,0.59,0.57
0.57,0.58,0.59,0.57
0.59,0.58,0.60,0.58
0.58,0.59,0.60,0.58
0.59,0.59,0.61,0.58
N/A,N/A,N/A,N/A
N/A,N/A,N/A,N/A
N/A,N/A,N/A,N/A
N/A,N/A,N/A,N/A
N/A,N/A,N/A,N/A
N/A,N/A,N/A,N/A
N/A,N/A,N/A,N/A
N/A,N/A,N/A,N/A
N/A,N/A,N/A,N/A
N/A,N/A,N/A,N/A
N/A,N/A,N/A,N/A
N/A,N/A,N/A,N/A
N/A,N/A,N/A,N/A
N/A,N/A,N/A,N/A
N/A,N/A,N/A,N/A
N/A,N/A,N/A,N/A
N/A,N/A,N/A,N/A
N/A,N/A,N/A,N/A
N/A,N/A,N/A,N/A
N/A,N/A,N/A,N/A
N/A,N/A,N/A,N/A
N/A,N/A,N/A,N/A
N/A,N/A,N/A,N/A
N/A,N/A,N/A,N/A
N/A,N/A,N/A,N/A
N/A,N/A,N/A,N/A
N/A,N/A,N/A,N/A
N/A,N/A,N/A,N/A
N/A,N/A,N/A,N/A
N/A,N/A,N/A,N/A
N/A,N/A,N/A,N/A
N/A,N/A,N/A,N/A
N/A,N/A,N/A,N/A
N/A,N/A,N/A,N/A
N/A,N/A,N/A,N/A
N/A,N/A,N/A,N/A
N/A,N/A,N/A,N/A
N/A,N/A,N/A,N/A
N/A,N/A,N/A,N/A
N/A,N/A,N/A,N/A
N/A,N/A,N/A,N/A
N/A,N/A,N/A,N/A
N/A,N/A,N/A,N/A
N/A,N/A,N/A,N/A
N/A,N/A,N/A,N/A
N/A,N/A,N/A,N/A
N/A,N/A,N/A,N/A
N/A,N/A,N/A,N/A
N/A,N/A,N/A,N/A
N/A,N/A,N/A,N/A
N/A,N/A,N/A,N/A
N/A,N/A,N/A,N/A
N/A,N/A,N/A,N/A
N/A,N/A,N/A,N/A
N/A,N/A,N/A,N/A
N/A,N/A,N/A,N/A
N/A,N/A,N/A,N/A
N/A,N/A,N/A,N/A
N/A,N/A,N/A,N/A
N/A,N/A,N/A,N/A
N/A,N/A,N/A,N/A
N/A,N/A,N/A,N/A
20.00,19.30,20.75,18.55
19.30,19.23,19.30,18.66
19.42,18.72,19.42,18.25
18.63,18.50,18.66,18.34
18.49,18.25,18.49,18.20
18.00,17.35,18.04,17.00
17.50,17.39,17.78,17.26
17.17,18.01,18.43,17.17
18.02,18.73,18.87,18.02
18.55,18.96,19.29,18.49
18.90,18.71,19.25,18.63
18.70,19.35,19.35,18.65
19.35,18.95,19.53,18.76
18.90,18.47,18.95,18.41
18.47,18.40,18.54,17.95
18.35,18.65,18.66,18.10
18.99,18.87,18.99,18.50
18.90,18.60,18.95,18.25
18.25,18.70,18.92,18.23
19.23,18.61,19.23,18.50
18.80,18.32,18.80,18.29
18.40,18.32,18.40,18.10
18.50,18.44,18.95,18.30
18.47,18.00,18.47,17.83
17.75,18.00,18.11,17.75
17.91,18.21,18.49,17.91
18.10,18.04,18.16,18.00
17.85,18.06,18.24,17.85
18.50,18.29,18.64,18.27
18.38,18.04,18.52,17.91
18.01,18.05,18.06,17.73
17.91,17.96,18.12,17.91
17.87,18.04,18.16,17.86
17.95,17.97,18.06,17.89
17.95,18.07,18.12,17.87
18.14,18.43,18.56,18.09
18.33,18.57,18.78,18.26
18.65,18.51,18.73,18.39
18.35,18.57,18.69,18.35
18.54,18.50,18.54,18.21
18.35,18.27,18.42,18.22
18.40,18.23,18.40,18.12
18.20,18.23,18.32,18.20
18.35,18.23,18.36,18.09
18.35,18.50,18.75,18.18
18.50,18.53,18.63,18.43
18.37,18.72,18.72,18.32
18.75,18.77,18.77,18.50
18.68,18.73,18.75,18.59
18.75,18.92,18.93,18.71
18.90,18.84,19.02,18.76
18.84,18.79,18.91,18.65
18.75,18.54,18.75,18.45
18.65,18.64,18.84,18.64
18.47,19.01,19.01,18.47
19.03,18.98,19.15,18.94
18.95,19.03,19.04,18.83
19.06,19.20,19.36,18.96
19.20,19.14,19.20,18.99
19.13,19.13,19.17,18.92
19.28,19.39,19.62,19.10
19.40,19.57,19.75,19.33
19.59,20.15,20.48,19.48
20.15,20.17,20.54,20.08
20.30,20.25,20.34,20.07
20.25,20.19,20.30,20.10
20.09,20.11,20.18,19.73
20.16,20.22,20.59,20.08
20.25,20.22,20.42,19.97
20.08,20.23,20.27,20.00
20.26,20.43,20.71,20.15
20.56,20.34,21.05,20.29
20.41,20.05,20.47,19.83
20.15,20.06,20.46,19.98
20.15,20.08,20.17,19.92
20.02,20.03,20.28,19.95
20.00,20.03,20.20,19.94
20.15,20.14,20.15,19.94
20.15,20.20,20.40,20.12
20.29,20.20,20.29,20.03
20.21,20.00,20.23,19.67
20.06,20.26,20.29,19.97
20.17,20.02,20.17,19.94
20.15,20.02,20.15,19.93
19.94,19.98,20.12,19.94
20.08,19.89,20.08,19.84
19.90,19.84,20.03,19.79
19.80,19.58,19.80,19.34
19.64,19.92,19.99,19.43
19.56,19.78,19.91,19.56
19.66,19.62,19.66,19.45
19.55,19.87,20.00,19.52
19.83,19.75,20.00,19.73
19.80,19.69,20.00,19.63
19.62,19.67,19.80,19.41
19.68,19.95,19.97,19.42
19.95,19.87,20.04,19.74
19.86,19.96,20.03,19.80
19.90,19.83,20.02,19.74
19.78,19.57,19.85,19.53
19.51,19.76,19.80,19.50
19.76,19.79,20.00,19.59
19.83,19.93,19.99,19.80
20.04,19.94,20.04,19.90
19.93,20.02,20.17,19.90
20.07,19.58,20.07,19.28
19.64,19.70,19.98,19.52
19.75,20.10,20.20,19.73
20.17,20.18,20.19,19.97
21.49,22.01,22.21,20.88
22.20,22.90,23.10,21.86
22.82,23.10,23.27,22.49
23.14,23.13,23.50,22.85
23.22,23.01,23.22,22.91
23.02,23.08,23.08,22.93
23.08,23.27,23.27,22.99
23.40,23.29,23.40,23.11
23.38,23.50,23.57,23.30
23.31,23.76,23.76,23.27
23.80,23.99,24.10,23.73
23.96,24.12,24.12,23.91
24.15,24.32,24.60,24.14
24.36,24.29,24.36,24.11
24.29,24.37,24.45,24.11
24.12,24.13,24.29,24.03
24.13,24.05,24.19,23.78
24.08,24.55,24.59,24.05
24.51,24.44,24.55,24.23
24.45,24.43,24.74,24.26
24.36,24.34,24.54,24.33
24.17,23.98,24.22,23.86
24.06,23.93,24.10,23.83
23.90,23.19,23.99,23.15
23.19,23.00,23.25,22.79
22.99,23.39,23.50,22.95
23.39,23.39,23.49,23.21
23.37,23.71,23.80,23.32
23.62,23.88,24.00,23.62
23.99,23.85,24.00,23.84
23.85,24.34,24.42,23.72
24.34,24.55,24.78,24.15
24.51,24.71,24.76,24.37
24.72,24.36,24.81,24.26
24.32,23.74,24.39,23.41
23.83,23.91,23.95,23.66
23.90,23.77,24.11,23.73
23.70,23.50,23.84,23.24
23.50,23.34,23.60,23.18
23.29,23.20,23.62,23.10
23.18,23.23,23.28,22.92
23.23,22.96,23.23,22.70
23.04,23.15,23.24,22.94
23.29,23.62,23.68,22.97
23.59,23.60,23.92,23.50
23.56,23.90,23.99,23.55
23.88,24.48,24.87,23.88
24.39,24.76,24.80,24.29
24.73,24.51,25.18,24.22
24.35,24.35,24.45,23.93
24.34,23.95,24.34,23.85
23.74,23.96,24.41,23.53
23.84,23.93,24.04,23.75
23.91,24.15,24.24,23.72
23.95,24.37,24.56,23.95
24.30,24.19,24.61,24.01
24.26,23.94,24.33,23.87
23.86,23.77,24.02,23.67
23.78,23.56,24.11,23.23
23.50,23.70,23.75,23.09
23.66,23.08,23.84,22.90
22.93,22.80,23.07,22.40
22.86,22.18,23.01,22.09
22.08,22.72,22.79,21.73
22.67,22.47,22.67,22.22
22.58,23.00,23.10,22.55
22.94,23.04,23.27,22.80
22.97,22.51,23.00,22.43
22.26,22.01,22.28,21.56
22.10,22.37,22.37,21.75
22.08,22.33,22.54,21.88
22.45,22.23,22.53,21.99
22.30,22.06,22.66,21.76
22.16,22.00,22.32,21.53
21.98,22.55,22.93,21.93
22.58,21.35,23.03,21.35
21.11,20.92,21.11,20.41
20.81,20.75,20.81,20.48
20.87,20.92,21.27,20.27
20.98,21.14,21.52,20.82
21.28,21.16,21.53,21.09
21.11,21.46,21.46,21.05
21.67,21.86,21.93,21.45
21.81,21.80,21.97,21.64
21.79,22.16,22.25,21.71
22.20,22.01,22.34,21.95
22.09,22.23,22.50,22.08
22.26,22.62,23.17,22.26
22.58,22.39,23.14,22.35
22.38,22.79,22.94,22.38
22.78,22.72,23.22,22.63
22.74,21.87,22.74,21.79
21.79,21.53,22.10,21.36
21.35,21.63,21.76,21.19
21.54,21.40,21.59,21.21
21.53,20.95,21.53,20.85
20.96,20.84,21.23,20.74
20.79,20.02,20.79,19.47
20.00,19.88,20.16,19.76
19.80,19.59,19.91,19.50
19.49,19.69,19.72,19.37
19.59,19.46,19.76,19.44
19.57,19.79,19.85,19.57
19.71,19.80,19.94,19.71
19.75,19.77,19.80,19.52
19.71,19.74,19.85,19.67
19.70,19.71,19.76,19.42
19.47,19.54,19.70,19.41
19.37,19.45,19.61,19.36
19.40,19.11,19.53,19.00
19.13,19.42,19.52,18.97
19.36,19.36,19.50,19.01
19.44,19.79,19.89,19.40
19.77,19.48,19.87,19.37
19.48,19.25,19.48,19.02
19.14,19.39,19.44,19.03
19.37,19.22,19.43,19.14
19.22,19.47,19.53,19.15
19.40,19.43,19.61,19.08
19.59,19.27,19.62,19.15
19.23,19.18,19.27,18.91
19.14,19.09,19.31,18.88
19.20,19.13,19.93,19.09
19.19,19.58,19.68,18.96
19.67,19.70,19.78,19.44
19.65,19.57,19.72,19.39
19.55,19.42,19.71,19.37
19.53,19.36,19.67,19.21
19.56,19.79,19.87,19.23
19.80,19.88,19.99,19.79
19.82,19.97,20.37,19.44
20.05,19.63,20.19,19.54
19.73,19.68,19.85,19.24
19.68,19.64,19.89,19.42
19.60,19.49,19.63,19.19
19.46,19.59,19.66,19.40
19.66,19.55,19.80,19.40
19.42,19.38,19.53,19.18
19.26,19.32,19.33,19.12
19.27,19.52,19.61,19.27
19.47,19.28,19.51,19.14
19.20,18.93,19.34,18.12
18.87,19.37,19.49,18.67
19.28,19.04,19.28,18.92
19.02,19.00,19.41,18.97
19.08,19.19,19.53,18.93
19.41,19.57,19.87,19.18
19.50,19.88,19.95,19.40
20.11,19.67,20.23,19.41
19.58,19.18,19.60,19.15
19.23,19.16,19.29,19.10
18.93,19.17,19.35,18.11
19.38,19.20,19.42,19.13
19.25,19.26,19.51,19.16
19.26,19.10,19.52,19.05
18.99,18.50,19.62,18.44
18.57,19.32,19.32,18.51
19.40,19.67,19.74,19.13
19.68,19.33,19.68,19.24
19.40,19.58,19.79,19.15
19.64,19.41,19.84,19.25
19.36,19.43,19.77,19.09
19.38,19.26,19.55,19.00
19.33,19.31,19.44,19.04
19.21,19.31,19.63,19.21
19.42,19.49,19.53,19.21
20.25,19.73,21.11,19.36
19.69,20.28,20.35,19.42
20.30,20.36,21.36,20.10
20.26,20.05,20.41,19.63
19.91,20.77,20.79,19.77
20.79,21.00,21.11,20.60
20.96,21.10,21.18,20.73
21.11,20.89,21.22,20.67
20.83,21.13,21.15,20.65
21.20,21.18,21.51,21.09
21.29,21.01,21.55,20.92
21.07,21.30,21.51,20.93
21.38,21.34,21.59,21.10
21.25,21.45,21.65,21.15
21.45,21.40,21.50,21.18
21.52,21.41,21.52,21.30
21.37,21.05,21.44,20.96
20.97,21.20,21.26,20.90
21.18,21.55,21.57,21.17
21.59,21.66,22.05,21.41
21.81,21.93,22.08,21.80
21.93,21.67,21.99,21.37
21.60,20.87,21.60,20.83
20.96,20.42,20.96,20.19
20.39,20.48,20.58,20.37
20.54,20.60,20.70,20.40
20.65,20.85,20.98,20.42
21.11,21.14,21.23,20.87
21.29,21.20,21.33,20.80
21.23,21.21,21.43,21.01
21.05,21.69,21.72,20.97
21.70,21.50,21.79,21.35
21.46,21.50,21.66,21.24
21.52,21.56,21.71,21.40
21.61,21.60,21.67,21.43
21.55,21.70,21.78,21.48
21.81,21.52,21.81,21.48
21.42,21.20,21.42,20.98
21.19,20.85,21.35,20.77
20.92,21.10,21.23,20.74
21.22,21.34,21.46,21.16
21.28,21.00,21.46,20.85
21.12,20.40,21.17,20.29
20.46,20.17,20.56,20.06
20.07,19.57,20.12,19.40
19.67,19.59,19.80,19.45
19.65,19.57,19.74,19.55
19.53,19.86,19.91,19.49
19.78,20.18,20.23,19.65
20.32,20.68,20.77,20.08
20.68,20.90,21.40,20.62
20.74,20.21,20.74,19.95
20.03,20.16,20.49,19.94
20.22,19.98,20.36,19.84
19.99,20.37,20.53,19.90
20.24,20.49,21.12,20.21
20.65,21.12,21.30,20.44
20.72,20.36,21.02,20.30
20.23,20.30,20.42,19.84
20.35,20.45,20.60,20.02
20.33,20.16,20.35,19.90
20.24,20.67,20.99,20.22
20.73,20.65,21.16,20.63
20.57,20.02,20.57,19.80
20.06,20.41,20.72,20.00
20.41,20.54,20.70,20.36
20.49,21.12,21.31,20.45
21.16,21.30,21.38,20.68
21.29,21.92,22.08,21.29
21.82,21.96,22.10,21.77
22.01,22.44,22.48,22.01
22.27,22.70,23.20,21.99
22.69,22.77,23.19,22.57
22.83,22.99,23.15,22.65
23.10,23.32,23.36,23.01
23.59,22.87,24.14,22.75
24.79,23.39,25.25,23.07
23.26,23.03,23.65,22.69
23.35,23.49,23.77,23.35
23.37,23.64,23.71,23.25
23.76,23.86,23.91,23.50
24.12,23.97,24.14,23.76
24.01,24.25,24.37,23.94
24.30,24.11,24.43,23.86
23.94,24.39,24.45,23.94
24.48,24.18,24.58,24.11
24.02,24.38,24.64,24.02
24.57,24.44,24.62,24.39
24.37,24.35,24.49,24.17
24.35,23.97,24.42,23.92
24.01,24.19,24.26,23.87
24.23,24.48,24.55,24.13
24.58,24.48,24.64,24.12
24.54,24.39,24.69,24.30
24.40,24.28,24.60,24.24
24.32,24.71,24.72,24.32
24.68,24.74,24.99,24.55
24.94,24.94,25.12,24.85
25.04,24.82,25.08,24.67
24.84,24.99,25.09,24.75
25.02,24.90,25.21,24.86
25.65,25.39,25.65,25.00
25.39,25.40,25.68,25.16
25.52,25.36,25.52,25.25
25.47,25.65,25.70,25.12
25.65,25.45,25.85,25.33
25.14,25.20,25.51,24.99
25.88,25.20,25.99,25.09
25.28,24.80,25.51,24.58
24.95,25.50,25.72,24.95
25.43,25.69,25.85,25.32
26.12,26.30,26.44,25.71
26.43,26.27,26.43,26.10
26.33,27.61,27.75,26.14
27.66,27.43,27.66,27.06
27.40,27.43,27.56,27.23
27.52,28.00,28.16,27.30
28.15,28.20,28.35,27.82
28.18,28.45,28.61,28.06
28.53,29.26,29.34,28.13
29.56,29.65,30.15,29.47
29.47,30.26,30.28,29.43
30.24,30.32,30.37,30.04
30.38,31.00,31.24,30.30
31.46,31.59,32.47,30.88
31.52,31.89,32.00,31.41
32.08,32.39,32.66,31.91
32.71,31.50,32.71,31.46
31.49,31.37,31.72,30.86
31.35,31.12,31.52,30.87
31.14,31.53,31.64,31.04
31.52,31.58,31.82,31.40
31.36,31.63,31.80,31.04
31.66,31.55,31.81,31.33
31.61,31.77,31.86,31.51
31.86,31.78,32.23,31.62
32.46,32.20,32.81,32.08
32.21,32.42,32.65,32.15
32.50,32.84,32.92,32.36
32.97,33.70,33.79,32.86
33.80,33.73,33.97,33.35
33.74,33.90,34.07,33.24
33.85,34.38,34.40,33.67
34.47,34.88,35.14,34.40
35.05,34.96,35.25,34.93
34.81,35.55,35.63,34.79
35.62,35.89,35.98,35.40
35.71,35.62,36.06,35.52
35.59,35.85,36.03,35.09
35.91,36.00,36.25,35.59
36.03,36.01,36.33,35.92
36.03,35.88,36.32,35.83
35.88,36.14,36.21,35.74
36.14,35.90,36.57,35.89
35.76,35.10,35.89,35.06
35.26,34.63,35.60,34.57
34.71,33.90,34.76,33.85
33.69,34.70,34.74,33.49
34.65,34.44,34.97,34.26
34.31,34.51,34.87,34.31
34.58,34.80,35.06,34.35
34.89,34.28,34.99,34.26
34.23,33.74,34.35,33.50
33.86,33.43,33.95,33.28
33.42,33.54,33.68,33.15
33.58,33.59,33.85,33.48
33.73,33.60,33.88,33.37
33.16,32.96,33.20,32.35
33.05,31.83,33.30,31.54
31.39,29.96,31.40,29.92
30.07,29.08,30.18,28.96
29.11,29.00,29.48,28.81
28.90,28.39,29.00,28.28
28.31,28.54,29.09,28.07
28.29,28.21,28.43,27.86
28.18,27.52,28.18,27.38
27.60,27.51,27.82,27.22
27.46,27.43,27.68,27.34
27.26,26.68,27.40,26.58
27.29,27.32,27.55,26.98
27.31,26.87,27.37,26.85
26.95,26.62,27.08,26.52
26.46,26.55,26.66,26.17
26.57,26.87,27.16,26.35
26.90,27.09,27.15,26.36
26.87,27.18,27.52,26.82
27.08,26.59,27.08,26.41
25.75,26.60,27.13,25.30
26.59,27.66,27.67,26.51
27.71,27.95,27.98,27.66
27.81,27.78,28.07,27.59
27.75,27.78,27.79,27.52
27.74,28.22,28.24,27.58
28.40,28.20,28.62,27.78
28.36,28.70,28.78,28.25
28.70,29.38,29.40,28.61
29.35,29.64,29.69,29.18
29.62,29.72,30.03,29.58
35.17,32.32,36.45,31.33
32.30,32.58,33.07,31.44
32.63,32.95,33.08,32.42
33.13,33.00,33.25,32.81
32.90,32.62,33.00,32.51
32.63,32.68,32.86,32.51
32.75,32.37,33.01,32.23
32.40,31.88,32.51,31.79
31.92,30.64,31.92,30.57
30.60,31.03,31.14,30.41
31.16,30.53,31.16,30.49
30.50,30.49,30.76,30.31
30.60,30.48,30.66,29.99
30.30,30.17,30.36,29.92
30.07,29.53,30.27,29.31
29.60,29.48,29.68,29.24
29.52,29.24,29.72,29.20
29.26,29.42,29.83,29.18
29.41,29.79,29.92,29.28
29.73,30.04,30.40,29.59
29.87,29.17,29.99,29.11
29.27,29.38,30.08,29.24
29.34,29.12,29.37,28.71
29.08,28.61,29.30,28.59
28.59,28.93,29.00,28.46
28.74,29.31,29.38,28.72
29.38,28.86,29.59,28.66
29.68,30.00,30.30,29.42
29.94,30.39,30.50,29.66
30.65,31.27,31.51,30.41
31.29,31.30,31.58,31.05
30.79,31.20,32.28,30.44
31.13,31.04,31.27,30.38
30.92,30.00,31.18,29.44
29.90,29.57,30.67,29.36
29.50,28.11,29.79,28.06
28.54,27.46,28.78,27.14
26.98,27.13,27.22,25.36
26.78,27.98,28.69,26.67
28.31,28.16,29.10,28.13
27.98,28.43,28.48,27.71
28.69,29.01,29.03,28.44
29.02,29.49,30.15,29.02
29.56,29.82,30.14,29.37
29.89,29.75,30.01,29.40
29.57,28.77,29.57,28.71
28.82,28.82,28.91,28.20
28.92,28.86,29.85,28.41
28.73,29.62,32.25,28.73
30.04,30.50,30.50,29.62
30.50,31.14,31.59,30.47
30.99,31.38,31.41,30.36
31.56,32.80,32.81,31.45
32.50,33.93,34.00,31.54
34.24,34.76,34.82,34.23
34.67,34.49,35.00,34.42
34.67,34.70,34.81,34.20
34.64,34.14,34.64,33.84
34.16,33.22,34.38,33.14
33.26,33.05,33.50,32.83
33.03,33.96,34.16,32.64
33.90,33.95,34.31,33.86
33.84,33.58,33.97,33.27
33.46,33.99,34.13,33.38
34.07,34.23,34.39,34.01
34.18,33.45,34.21,33.30
33.39,32.93,33.51,32.44
32.93,33.09,33.30,32.56
32.60,33.15,33.63,32.60
33.09,32.83,33.24,32.77
32.87,32.58,33.09,32.37
32.57,31.58,32.57,30.94
31.58,30.87,31.99,30.70
30.73,30.43,31.00,30.28
30.26,29.75,30.36,29.56
29.39,30.10,30.24,29.34
29.96,29.15,29.97,28.43
29.19,29.15,29.62,28.90
28.90,28.58,28.90,28.35
28.72,27.74,28.84,27.72
27.66,28.32,28.84,27.52
28.45,30.58,30.58,28.45
30.90,30.96,31.46,30.45
30.92,30.75,31.17,30.48
30.70,29.03,30.71,28.47
29.01,29.30,29.50,28.70
29.38,29.42,30.04,29.36
29.47,29.59,29.71,29.36
29.59,31.08,31.15,29.59
30.94,30.80,31.16,30.62
30.98,30.35,31.14,29.95
30.43,30.72,30.76,30.05
30.49,29.54,30.49,29.43
29.53,29.80,30.12,28.99
30.05,29.38,30.19,29.26
29.27,29.21,29.59,29.12
29.26,29.58,29.69,28.94
29.49,29.46,29.86,29.22
29.85,30.72,30.96,29.69
30.50,31.35,31.51,30.29
31.58,31.03,32.15,30.59
30.97,31.39,31.56,30.75
31.16,28.74,31.20,28.65
28.82,29.51,29.75,28.67
29.57,28.91,29.68,28.22
28.76,28.85,29.27,28.63
28.77,29.22,29.28,28.50
28.99,29.12,29.57,28.96
29.13,28.36,29.24,28.23
28.37,27.93,28.50,27.80
27.61,27.32,27.98,27.30
27.46,27.45,27.84,27.16
27.60,28.24,28.32,27.33
27.97,28.29,28.42,27.50
28.54,28.45,28.83,28.10
28.44,27.38,28.55,27.12
27.42,28.50,29.30,27.32
28.55,28.67,28.78,28.12
28.65,28.49,29.43,28.26
28.52,28.38,28.75,28.15
28.42,28.39,28.93,28.23
28.33,27.76,28.39,27.58
27.80,28.59,28.78,27.71
28.44,28.31,28.73,28.21
28.19,29.31,29.33,28.10
29.20,30.07,30.08,29.20
30.00,30.39,31.09,29.91
29.88,29.55,30.71,28.90
29.62,28.30,29.73,28.07
28.34,27.87,28.44,27.67
27.66,27.21,27.66,26.63
27.16,27.24,27.52,26.94
27.28,27.09,27.59,26.74
27.15,27.29,27.82,26.95
26.94,27.07,27.30,26.73
27.07,26.50,27.07,26.36
26.18,26.13,26.87,26.13
26.20,26.06,26.29,25.77
26.18,26.20,26.39,25.60
26.10,26.81,27.09,25.97
27.05,27.17,27.30,26.85
27.22,27.98,28.28,27.22
27.77,28.84,29.00,27.70
28.57,27.90,28.79,27.88
28.05,28.08,28.19,27.70
28.05,28.30,28.57,27.82
28.32,27.98,28.40,27.71
27.96,27.80,28.11,27.38
27.82,28.05,28.42,27.67
28.03,28.29,28.46,28.01
29.85,30.88,31.00,29.34
30.78,31.43,31.59,30.73
29.78,30.30,30.85,28.72
30.52,31.29,31.58,30.44
31.25,31.67,32.14,31.14
31.60,31.70,31.96,30.70
32.19,31.01,32.38,30.93
31.00,30.85,31.11,30.44
31.05,31.31,31.47,30.63
31.35,30.89,31.56,30.85
31.03,30.53,31.28,30.48
32.16,32.37,32.80,31.61
32.22,32.69,32.78,31.98
32.58,32.32,32.83,32.14
32.65,32.94,33.63,32.65
32.94,33.04,33.48,32.79
33.15,33.28,33.70,32.91
33.25,32.67,33.48,32.45
32.66,33.53,34.69,32.20
33.43,33.08,33.73,32.96
33.02,33.20,33.26,32.79
33.01,33.60,33.66,32.83
33.43,33.27,33.95,32.57
33.28,33.99,34.01,33.10
34.06,34.16,34.65,33.75
34.14,33.40,34.23,33.06
33.41,32.73,33.58,32.32
31.86,32.48,33.97,31.86
33.52,33.07,33.52,32.71
32.89,32.56,33.31,32.28
32.46,32.87,33.04,31.99
32.98,32.38,33.12,32.22
32.47,32.40,32.57,31.81
32.65,33.85,34.11,32.64
33.69,33.60,34.04,33.35
33.44,33.07,33.44,32.61
33.01,32.59,33.08,32.35
32.89,32.98,33.41,32.65
32.93,32.69,32.93,32.03
32.61,32.36,32.69,32.05
32.41,32.51,32.62,32.25
32.38,32.72,32.76,32.30
32.59,32.34,32.76,32.01
32.38,32.16,32.48,31.98
32.12,32.29,32.37,31.82
32.20,32.42,32.54,31.60
32.28,32.18,32.59,31.75
31.98,31.96,32.22,31.66
32.08,31.53,32.08,31.47
31.48,31.94,32.02,31.04
33.62,33.65,34.50,33.30
33.73,33.76,34.00,33.36
33.57,33.16,33.86,32.84
33.28,33.87,33.92,32.86
33.75,34.00,34.08,33.57
34.23,33.37,34.23,32.93
33.36,33.54,33.92,33.36
33.55,33.31,33.73,33.24
33.29,33.44,33.72,33.23
33.30,32.90,33.45,32.85
32.92,32.71,33.09,32.67
32.78,32.06,33.00,32.04
32.10,30.58,32.10,30.43
30.49,29.51,30.89,29.51
29.63,29.25,29.76,28.68
29.40,29.40,30.08,29.00
29.84,30.07,30.12,29.43
29.89,29.89,30.11,29.52
29.92,29.56,29.93,29.18
29.16,28.61,29.52,28.36
28.75,28.43,29.08,28.22
28.16,28.70,28.98,28.00
28.89,29.50,29.59,28.45
29.57,29.49,29.70,29.18
29.48,29.47,29.61,29.17
29.21,29.42,29.79,29.21
29.52,29.37,30.18,29.29
28.90,28.28,29.24,28.10
28.30,27.10,28.62,27.04
27.05,27.58,28.01,26.83
27.20,26.22,27.26,26.12
26.08,24.94,26.30,24.84
25.05,24.20,25.09,23.97
24.15,24.95,24.96,24.12
25.00,25.35,25.44,24.39
25.34,25.88,26.01,25.09
25.92,26.05,26.70,25.87
26.19,25.16,26.19,25.01
25.20,24.45,25.20,23.99
24.62,24.23,25.07,24.07
23.76,23.39,24.29,23.22
17.34,22.72,25.00,17.34
22.94,23.66,23.72,22.37
23.50,23.14,23.72,22.74
22.91,24.49,24.78,22.68
24.38,24.84,25.40,24.25
24.97,25.52,25.81,24.90
25.40,26.08,26.25,25.24
25.90,26.26,26.40,25.33
26.01,26.48,26.89,25.62
26.17,25.55,26.46,25.45
24.48,25.32,25.64,24.01
25.36,24.71,26.52,24.34
25.52,23.93,25.79,23.90
24.58,24.22,24.61,23.62
24.11,25.41,25.88,24.02
25.43,25.81,26.27,25.13
25.77,25.75,25.85,25.11
25.26,25.25,26.18,24.95
25.66,24.67,25.69,24.17
24.69,25.15,25.59,24.10
24.75,24.19,24.86,24.18
24.47,24.78,25.18,24.23
25.04,24.86,25.60,24.80
24.79,24.85,25.38,24.72
24.66,24.60,25.22,24.29
24.57,24.71,24.82,24.26
24.84,25.12,25.57,24.74
25.01,25.49,25.64,24.84
25.51,25.81,26.62,25.32
25.37,24.72,25.73,24.58
24.87,22.85,24.98,22.70
22.68,21.57,22.74,20.32
21.75,20.52,22.18,20.42
20.25,19.68,20.40,18.96
19.74,20.67,21.02,19.68
20.33,20.00,20.96,19.75
19.95,19.93,20.51,19.70
20.02,20.67,20.74,19.87
20.73,21.47,21.65,20.63
21.41,21.65,21.66,20.21
21.95,23.03,23.14,21.71
23.10,23.01,23.57,22.83
23.29,23.29,24.15,22.80
23.36,23.70,24.25,23.18
23.79,23.14,24.00,23.04
23.07,23.35,23.48,22.89
23.08,23.25,24.05,23.08
23.34,23.22,23.83,23.01
23.24,23.62,23.69,22.85
23.59,23.22,23.73,22.90
22.96,23.12,23.30,22.66
23.14,23.07,23.79,23.04
22.98,21.88,22.99,21.83
22.01,21.75,22.19,21.20
21.81,20.49,22.12,20.19
20.26,19.17,20.41,18.83
19.10,18.38,19.10,17.34
18.47,19.11,19.61,18.21
18.94,19.46,19.56,18.78
19.44,19.43,19.62,19.16
19.36,19.70,19.71,19.01
19.43,20.01,20.35,19.43
20.16,20.52,21.02,20.01
20.60,18.98,20.60,18.92
18.59,18.10,18.86,17.70
17.95,17.52,18.33,17.25
17.55,17.74,17.88,17.32
17.75,16.87,17.80,16.80
16.68,16.71,17.36,16.45
16.70,16.88,17.34,16.57
16.79,17.22,17.38,16.64
17.40,16.47,17.65,16.44
16.43,16.99,17.10,16.32
16.99,16.75,17.18,16.59
16.90,16.39,17.19,16.33
16.34,16.31,16.48,16.06
16.27,16.65,16.73,16.11
16.50,16.71,17.51,16.46
16.67,15.97,16.91,15.94
16.05,16.12,16.41,15.77
16.14,16.28,16.68,15.81
16.21,14.46,16.21,14.26
14.42,13.93,14.89,13.85
13.79,11.44,13.95,11.33
11.33,11.53,11.59,11.17
11.33,11.58,11.72,10.88
11.52,11.50,11.95,11.26
11.50,11.65,11.80,11.35
11.55,11.03,11.74,10.99
10.82,10.02,10.96,9.62
10.17,10.37,10.62,10.17
10.54,10.29,10.65,10.09
10.37,10.25,10.40,9.97
10.25,11.21,11.27,10.18
11.25,12.02,12.28,11.21
11.92,12.20,12.67,11.81
12.30,13.03,13.29,12.25
12.94,13.03,13.16,12.80
13.04,12.90,13.28,12.85
12.99,13.21,13.35,12.56
13.01,12.79,13.30,12.60
12.91,13.40,13.65,12.81
13.13,12.87,13.29,12.60
12.89,13.02,13.07,12.36
12.84,12.53,12.91,12.32
12.36,12.53,13.10,12.26
12.56,13.09,13.41,12.22
13.16,12.46,13.16,12.16
12.43,12.24,12.80,11.61
12.29,11.76,12.95,11.64
11.87,12.61,12.90,11.60
12.21,11.32,12.30,11.09
11.42,10.96,11.42,10.69
10.69,10.55,10.86,9.91
10.55,10.58,11.25,10.54
10.65,11.17,11.20,10.38
10.86,9.88,11.20,9.86
10.12,10.79,10.93,9.67
10.57,11.07,11.39,10.38
11.30,11.37,11.58,11.06
11.32,11.84,12.01,11.32
11.79,11.93,12.02,11.17
11.71,11.05,11.87,10.87
11.27,12.00,12.02,11.18
12.01,12.17,12.77,11.85
12.02,12.11,12.60,11.71
11.93,10.90,11.98,10.55
10.53,10.96,11.12,10.29
10.64,10.31,10.73,9.89
9.89,8.86,9.98,8.74
9.09,8.45,9.15,8.18
8.44,8.05,8.50,7.79
8.05,8.46,8.91,8.04
8.28,8.08,8.35,7.84
8.01,7.81,8.05,7.50
7.86,7.43,7.94,7.33
7.35,7.82,7.90,7.20
7.66,8.32,8.44,7.41
8.81,9.49,9.69,8.51
9.58,9.78,10.37,9.51
10.22,10.08,10.59,9.92
10.19,10.37,10.39,9.87
10.62,11.83,11.89,10.50
11.67,11.60,12.14,11.45
11.60,11.13,11.85,10.98
11.22,11.65,12.02,11.13
11.58,11.05,11.62,10.86
11.42,11.69,11.75,10.95
11.69,12.20,12.25,11.45
12.39,12.28,12.64,12.14
12.14,12.64,12.69,11.95
12.58,12.50,12.67,12.09
12.37,12.95,13.24,12.33
13.01,13.56,13.80,12.76
13.82,13.41,14.03,13.22
13.27,13.35,13.78,13.16
13.48,13.63,13.74,13.16
13.68,13.28,13.71,13.28
13.22,13.71,13.72,12.75
13.73,13.18,13.80,12.86
13.18,13.86,13.99,12.82
13.89,13.78,14.23,13.37
13.85,14.37,14.44,13.67
14.12,14.92,15.07,13.71
14.93,14.26,15.08,14.14
14.13,14.16,14.38,13.98
13.87,14.34,14.35,13.84
14.32,14.42,14.59,14.18
14.59,15.09,15.45,14.59
15.00,15.18,15.48,14.90
15.18,15.26,15.28,14.80
15.46,14.97,15.75,14.95
14.89,14.84,15.22,14.76
14.87,15.58,15.79,14.87
15.41,16.02,16.11,15.35
16.08,17.05,17.08,15.96
17.15,16.96,17.17,16.42
16.93,16.78,17.33,16.64
16.89,17.14,17.49,16.85
17.08,16.36,17.29,16.22
16.31,16.87,16.90,16.13
16.96,17.33,17.52,16.84
17.67,17.30,18.25,17.26
17.34,17.63,17.72,17.08
17.57,17.11,17.81,16.90
16.95,16.60,17.11,16.23
16.95,17.90,18.16,16.88
18.08,18.48,19.20,17.99
18.41,19.02,19.04,18.23
19.05,19.17,19.46,18.88
19.25,19.67,19.82,19.00
19.63,19.43,19.97,19.38
19.53,18.67,19.74,18.59
18.30,18.25,18.52,17.98
18.34,18.31,19.01,18.11
18.32,18.87,19.21,18.05
18.68,18.29,18.85,18.04
18.01,18.18,18.42,17.77
18.30,18.74,18.84,18.26
18.97,18.83,19.09,18.54
18.96,18.59,18.97,18.47
17.79,17.69,18.44,17.09
17.86,17.42,17.90,17.27
17.43,18.07,18.15,17.35
18.06,18.84,18.97,17.93
18.76,19.74,20.00,18.69
19.61,20.16,20.30,19.20
20.55,20.67,20.95,19.91
20.82,21.09,21.12,20.56
21.24,21.51,21.56,21.00
21.71,21.25,22.01,21.23
20.66,20.74,20.88,19.84
20.05,18.27,20.05,18.11
18.09,18.14,18.63,17.91
17.80,16.85,18.10,16.23
15.60,16.13,16.83,15.48
15.87,16.03,16.05,15.52
16.03,16.92,17.07,16.03
16.99,16.47,17.51,16.43
16.51,16.69,16.86,16.19
16.64,15.97,16.78,15.91
15.73,16.38,16.43,15.73
15.96,15.56,16.11,15.47
15.79,14.62,15.79,14.37
14.96,15.93,16.31,14.90
16.77,17.03,17.39,16.66
17.02,17.24,17.25,16.76
17.32,17.10,17.43,16.77
17.03,16.49,17.05,16.04
16.22,16.56,16.86,16.19
16.54,16.56,16.96,16.29
16.68,17.12,17.15,16.64
17.19,17.55,17.77,16.96
17.72,18.09,18.39,17.72
18.21,17.91,18.34,17.45
17.89,18.00,18.32,17.78
18.06,17.98,18.16,17.68
17.99,17.74,18.00,17.56
17.82,16.80,17.82,16.61
16.80,16.71,16.88,16.20
16.77,16.42,16.93,16.34
16.70,16.73,16.98,16.30
16.73,16.46,16.94,16.27
16.35,16.68,16.79,16.08
16.79,15.93,17.04,15.91
15.85,15.97,16.17,15.60
16.06,15.13,16.11,14.87
15.15,14.86,15.33,14.62
14.90,14.66,14.99,14.54
14.71,15.26,15.42,14.54
15.04,14.36,15.59,13.97
14.33,13.96,14.45,13.74
13.98,13.67,14.30,13.66
13.67,12.61,13.77,12.56
12.71,12.45,12.84,11.93
12.40,12.38,12.49,12.07
12.44,12.47,12.75,12.40
12.42,12.72,13.04,12.31
12.72,12.36,12.72,12.33
12.29,12.34,12.53,12.10
12.31,12.53,12.54,12.25
12.45,12.14,12.45,11.96
12.07,12.48,12.52,11.94
12.56,13.13,13.26,12.51
13.01,12.96,13.27,12.83
12.92,12.85,13.12,12.70
12.92,13.03,13.52,12.75
12.99,13.00,13.29,12.99
13.00,12.66,13.22,12.57
12.68,12.67,12.88,12.18
12.64,12.28,12.73,12.13
12.28,12.47,12.78,12.28
12.46,12.78,12.82,12.46
12.93,13.25,13.34,12.93
13.25,14.09,14.34,13.16
13.89,13.26,13.95,13.26
13.14,13.75,13.87,12.89
13.18,12.30,13.40,12.06
12.16,12.12,12.67,11.85
12.02,12.36,12.76,11.99
12.24,12.37,12.45,11.96
12.42,12.54,12.80,12.26
12.59,12.90,12.98,12.45
13.00,13.11,13.38,12.90
13.24,13.27,13.39,12.87
13.13,12.97,13.42,12.92
12.93,12.87,13.19,12.74
12.81,12.69,12.89,12.44
12.76,12.36,12.90,12.34
12.30,12.04,12.43,11.94
12.03,12.39,12.40,11.69
12.61,13.13,13.31,12.48
13.12,13.00,13.81,12.78
12.97,13.08,13.26,12.87
13.00,12.76,13.26,12.74
12.85,12.86,12.99,12.67
12.94,13.38,13.43,12.94
13.37,12.70,13.43,12.56
12.74,12.28,12.81,12.26
12.14,12.61,12.67,11.72
12.61,12.55,13.00,12.20
12.62,12.51,12.80,12.24
12.88,12.87,13.46,12.73
12.80,13.37,13.59,12.80
12.97,12.90,13.25,12.60
12.70,12.47,12.89,12.37
12.46,11.87,12.57,11.68
11.91,11.42,12.16,11.27
11.27,10.72,11.33,10.56
10.67,10.79,11.10,10.66
10.84,10.81,11.01,10.58
10.89,10.65,11.05,10.65
10.64,10.72,11.00,10.53
9.32,7.34,9.48,7.01
7.31,7.85,8.03,7.31
8.01,8.31,8.62,7.91
8.56,8.58,8.74,8.33
8.73,8.61,8.89,8.60
9.36,9.07,9.40,8.63
9.18,8.38,9.40,8.21
8.43,8.33,8.51,8.05
8.55,8.77,8.93,8.34
8.75,9.01,9.06,8.62
8.93,9.09,9.12,8.84
9.21,9.48,9.70,9.21
9.51,9.22,9.55,9.12
9.14,9.33,9.42,9.02
9.45,8.86,9.49,8.85
8.75,9.21,9.23,8.71
9.19,9.17,9.29,9.02
9.20,9.35,9.43,9.10
9.27,8.95,9.31,8.87
9.00,8.65,9.03,8.50
8.70,8.17,8.72,8.10
8.18,7.74,8.33,7.67
7.74,8.30,8.32,7.62
8.28,8.40,8.49,8.10
8.39,8.12,8.50,8.04
8.09,8.21,8.31,7.84
8.40,8.98,9.09,8.40
8.89,8.32,9.23,8.30
8.44,8.52,8.57,8.22
8.48,8.37,8.94,8.34
8.38,8.41,8.46,8.00
8.42,8.71,8.79,8.41
8.86,8.60,8.86,8.46
8.17,8.25,8.50,8.17
8.34,8.35,8.40,8.17
8.30,8.01,8.32,8.00
8.14,8.31,8.35,7.98
8.34,8.60,8.68,8.22
8.58,8.46,8.68,8.34
8.47,8.54,8.80,8.44
8.51,8.46,8.54,8.42
8.47,8.29,8.58,8.08
8.23,8.89,8.91,8.23
8.95,8.95,9.02,8.75
9.00,9.24,9.25,8.76
9.09,9.10,9.16,8.84
9.11,9.32,9.38,8.98
9.47,9.67,9.82,9.41
9.59,9.48,9.75,9.21
9.46,9.86,9.97,9.45
