FCNCA,First Citizens BancShares,NASDAQ
166.80,170.04,170.04,166.71
169.77,174.31,174.66,169.18
173.00,179.70,179.71,170.76
179.01,178.59,183.97,178.13
176.62,177.18,179.83,174.23
179.47,178.67,179.99,174.38
175.72,178.08,179.43,175.72
173.03,178.99,179.55,173.03
179.20,179.99,180.21,176.04
178.03,177.00,179.64,173.44
175.10,178.66,178.95,175.10
177.93,176.86,178.71,176.43
175.41,175.03,176.50,170.21
173.23,173.82,176.22,173.23
174.51,176.76,179.28,174.51
174.29,173.02,179.49,172.03
172.01,176.12,176.12,172.01
177.38,172.64,177.38,172.00
172.83,167.71,173.27,167.37
170.39,171.15,174.69,170.39
172.92,172.27,174.00,170.50
174.98,172.00,174.98,171.00
172.73,168.24,172.73,168.24
169.00,170.15,173.28,164.26
171.20,169.21,171.91,169.21
170.41,170.00,174.82,168.83
170.50,171.87,171.87,169.40
171.06,171.88,172.71,170.79
170.00,172.17,172.17,169.22
174.99,175.85,175.85,173.59
175.85,175.43,175.89,173.06
174.83,174.84,176.85,172.39
175.11,175.61,176.25,174.06
176.63,177.04,177.37,173.65
177.00,181.14,181.14,176.25
181.14,181.60,183.77,179.35
179.21,181.00,182.90,178.65
180.31,182.99,183.00,179.82
183.10,180.50,184.84,179.63
182.31,180.77,182.89,180.00
180.57,180.00,182.43,179.10
181.31,180.59,181.31,180.00
180.73,185.40,186.00,180.61
186.00,196.66,198.79,185.80
196.46,200.60,202.11,193.45
199.67,200.00,202.16,197.47
199.70,200.00,200.72,196.19
199.65,199.57,201.37,198.80
198.00,201.27,203.00,197.10
201.01,201.26,202.85,197.95
201.56,212.00,212.67,201.56
212.00,209.48,212.33,208.43
208.33,204.89,213.48,204.89
205.14,206.40,210.47,204.61
208.08,206.02,208.61,205.51
206.01,204.00,208.25,203.51
205.77,204.30,207.95,203.50
205.74,200.70,205.74,200.27
200.11,202.85,202.90,197.73
205.80,204.92,207.20,201.55
206.40,198.76,206.40,198.76
200.85,200.89,202.79,198.81
203.41,201.41,203.41,195.31
200.50,204.75,206.09,198.20
202.14,206.31,207.52,202.14
204.36,204.52,207.78,203.18
203.54,205.47,206.20,202.25
204.96,205.63,206.10,202.51
203.80,204.71,204.99,202.25
204.76,207.55,208.00,202.51
204.51,205.52,206.91,203.10
205.40,198.67,206.00,198.67
198.19,201.06,202.62,197.95
202.00,206.50,206.94,201.60
204.62,204.69,206.41,203.32
202.64,207.90,208.40,202.64
206.00,206.99,208.79,205.95
208.99,207.81,210.10,206.60
207.70,204.03,209.65,202.48
206.60,207.19,207.99,204.00
208.00,209.00,209.49,206.96
208.01,206.00,209.50,205.80
206.27,207.88,208.42,205.98
206.00,205.79,207.30,204.00
203.80,204.07,205.99,199.49
203.00,196.35,205.21,196.35
198.00,197.45,202.78,197.00
205.48,205.00,205.48,201.43
202.21,205.30,208.59,202.21
206.80,206.00,207.49,204.50
207.38,205.13,207.38,204.40
204.56,202.77,206.25,202.35
203.70,203.16,205.37,201.42
205.60,201.39,207.07,201.37
202.12,199.30,203.43,198.66
198.58,192.40,199.98,192.40
190.21,194.04,196.34,190.21
192.55,190.07,194.81,189.92
188.01,191.64,192.47,186.40
192.84,194.85,202.00,191.74
196.27,202.96,202.96,194.00
200.53,200.00,201.63,198.52
201.50,200.60,206.73,198.16
200.00,204.00,205.01,198.73
203.07,203.28,206.13,202.92
198.78,199.35,202.33,198.78
201.95,197.28,203.59,196.61
198.87,196.80,199.32,193.82
197.26,195.19,198.49,193.90
196.10,200.94,202.53,196.10
198.29,199.23,199.97,197.15
201.34,195.97,201.34,195.00
198.58,203.74,203.99,196.57
201.00,206.00,206.46,200.00
205.55,203.78,205.99,203.32
204.50,211.67,211.94,204.10
212.31,210.71,213.99,208.51
210.00,202.91,210.00,202.44
203.44,199.72,203.45,199.35
199.02,196.57,200.00,195.91
196.89,197.16,199.44,196.77
199.51,196.92,200.86,196.92
195.80,192.29,195.95,192.11
194.01,192.33,197.35,192.33
192.42,189.87,197.79,188.55
190.27,187.92,190.27,186.90
191.49,183.64,191.49,182.53
187.58,189.42,189.42,180.89
190.53,191.62,192.64,189.69
191.01,193.15,193.15,188.33
192.89,192.96,194.47,192.00
194.68,199.45,199.79,193.51
197.85,195.99,198.19,195.35
195.66,193.65,195.66,193.63
192.99,188.14,192.99,187.40
189.29,188.54,190.36,187.23
186.92,189.00,189.29,185.99
191.44,186.66,193.00,186.60
189.79,195.18,195.18,189.61
194.01,194.54,195.96,192.99
195.94,196.00,197.00,193.50
196.58,197.31,197.81,195.70
196.23,193.76,196.23,193.76
194.31,192.95,195.50,191.20
191.16,189.01,192.95,188.51
190.75,192.94,192.94,190.70
192.58,194.77,196.40,191.90
190.23,196.20,197.12,190.23
195.73,191.49,195.94,191.49
190.86,190.61,191.35,188.96
192.71,194.00,194.00,191.34
193.88,189.24,193.88,189.11
187.15,184.25,187.15,183.14
182.17,183.15,184.71,182.07
183.20,180.79,183.86,180.79
180.93,177.52,180.93,176.70
180.00,177.40,180.43,177.40
177.95,177.30,178.70,176.99
177.95,177.11,178.00,176.61
176.12,173.59,176.12,173.00
174.11,169.03,174.11,169.03
167.24,173.75,174.16,165.36
172.53,174.90,175.12,172.24
174.99,173.87,175.30,173.74
175.09,172.91,175.74,171.55
174.71,169.67,174.71,169.67
168.96,167.97,170.89,166.88
168.54,176.93,177.88,168.10
174.05,178.64,178.64,174.05
179.99,183.50,183.95,179.99
182.86,182.27,184.25,181.92
183.12,181.81,184.17,181.81
184.17,182.05,184.99,180.35
181.46,181.52,182.13,180.54
182.91,183.43,183.55,181.00
183.00,181.71,183.85,178.00
180.00,181.00,182.49,180.00
182.10,182.46,183.75,181.03
183.79,183.50,184.05,182.84
183.50,184.43,184.85,183.08
183.96,184.20,186.72,183.96
184.00,183.00,184.71,181.62
180.71,181.65,183.99,180.71
183.87,184.40,184.75,183.20
184.00,184.00,185.70,183.52
183.18,186.37,186.37,183.18
185.50,184.00,185.50,183.50
186.47,185.27,187.00,183.14
185.16,187.97,187.97,184.09
187.51,186.30,189.31,185.58
188.57,189.48,190.62,187.45
189.15,188.90,191.41,188.90
189.66,187.26,189.71,185.61
187.26,187.26,188.52,186.43
185.96,185.80,186.92,185.31
185.69,188.03,188.03,185.11
188.00,192.48,192.99,188.00
191.36,189.75,191.68,189.57
190.89,186.95,192.65,186.95
187.32,188.71,189.75,186.95
187.09,186.36,188.95,186.36
188.81,188.36,189.63,186.99
188.06,187.10,188.60,186.60
186.60,187.00,187.00,184.58
188.28,186.31,188.94,186.29
187.74,185.13,188.45,184.96
184.93,185.80,187.05,184.93
187.01,186.96,187.17,185.73
185.74,186.44,186.85,184.03
186.30,183.54,186.30,182.01
184.27,185.77,185.77,182.97
184.72,186.89,186.89,184.72
186.89,193.00,193.00,183.43
192.57,195.00,195.00,189.07
191.07,190.07,191.07,189.13
191.34,185.02,191.34,185.02
185.65,189.76,191.11,185.65
188.00,186.32,188.28,186.06
185.06,182.95,187.06,182.95
183.63,185.84,185.84,182.57
185.20,182.29,185.20,182.29
181.96,184.09,186.29,181.40
185.70,181.35,186.72,180.27
180.88,180.25,182.30,180.25
180.26,178.52,181.49,178.52
177.24,178.27,180.01,176.77
180.88,183.46,183.96,179.90
180.10,179.21,180.10,179.21
178.97,177.76,179.78,177.00
177.22,173.89,179.28,173.89
176.00,178.71,178.71,176.00
179.13,180.99,181.18,178.31
178.66,183.69,183.80,178.66
182.51,186.53,187.00,182.34
188.61,183.93,189.15,183.93
183.41,187.72,188.22,183.03
188.53,187.85,188.53,186.00
186.36,188.06,189.67,186.36
188.68,185.80,189.53,185.65
185.60,186.00,188.82,185.60
186.01,186.00,188.26,185.90
186.20,187.27,188.57,185.90
186.75,187.57,189.39,186.75
188.78,188.59,189.99,187.41
189.50,192.17,193.17,189.00
192.47,198.06,198.06,192.47
197.50,194.43,197.50,194.43
195.57,196.02,196.22,194.85
194.08,195.15,195.91,194.08
195.13,195.11,196.35,194.71
194.50,192.02,194.69,192.02
193.89,189.05,193.89,189.05
191.38,193.00,194.77,190.85
193.00,191.71,193.00,190.40
191.20,192.90,193.52,191.20
192.00,192.62,193.00,192.00
192.70,190.03,193.00,190.03
189.51,190.67,190.84,188.81
190.56,190.74,191.19,189.30
191.54,191.98,193.00,191.54
191.96,190.92,191.96,190.61
190.11,195.50,195.69,190.11
194.74,194.45,194.95,193.82
195.01,192.96,195.71,192.96
193.20,194.35,194.94,193.20
195.73,195.56,195.73,194.06
195.00,199.00,199.96,195.00
197.20,198.61,201.70,196.57
199.74,199.46,200.26,199.00
198.27,201.36,201.83,198.00
200.85,200.00,202.47,199.11
201.17,201.17,202.86,199.36
201.26,201.19,202.43,200.10
199.21,198.18,202.71,198.16
198.86,198.13,198.86,196.00
198.00,198.39,198.39,197.14
199.01,198.72,199.01,198.01
197.51,197.74,198.00,196.91
197.78,194.78,197.78,194.78
193.95,195.95,197.02,193.72
195.00,200.30,200.30,195.00
199.60,199.22,200.21,198.82
199.43,199.99,200.68,198.86
200.16,201.00,201.59,199.60
201.00,202.59,202.59,199.99
202.00,203.49,203.49,201.85
201.59,199.90,202.72,197.77
202.19,200.67,202.19,200.50
200.00,200.13,201.69,200.00
201.00,202.00,202.18,200.80
202.76,202.00,203.19,202.00
202.18,202.15,202.74,202.00
202.00,202.01,203.11,201.92
204.00,207.34,207.34,203.28
207.47,206.05,207.47,205.20
207.20,205.91,207.94,205.91
206.50,204.66,208.55,204.45
205.94,207.12,207.26,205.70
206.10,205.15,206.10,204.50
205.75,205.49,205.86,204.84
203.74,205.00,205.59,203.62
200.00,198.85,201.73,198.77
199.30,195.78,199.30,194.93
198.28,199.88,200.29,196.49
202.31,198.77,202.31,198.77
201.38,201.28,201.39,199.23
204.10,200.53,204.10,199.85
200.01,198.00,200.17,196.80
198.35,198.33,198.36,197.50
198.37,198.00,199.77,198.00
198.00,198.00,199.85,198.00
198.01,198.00,199.38,198.00
198.09,199.97,200.10,198.09
199.74,200.58,201.47,199.67
200.98,201.20,202.22,199.91
201.45,200.72,201.45,200.10
200.05,200.63,201.16,199.80
200.23,202.50,202.94,200.23
202.25,202.79,204.88,202.25
204.89,203.27,204.89,202.82
202.12,203.00,203.95,202.12
202.90,203.50,204.17,202.38
203.71,203.00,203.71,202.61
202.95,203.02,203.89,202.20
203.10,203.60,203.60,202.42
202.50,202.50,202.60,202.20
202.52,198.60,202.52,198.38
199.51,201.38,201.38,199.51
202.77,200.57,202.77,200.10
199.80,197.94,199.80,196.61
203.94,200.00,203.94,198.95
199.78,201.66,201.66,199.78
200.76,200.85,201.19,200.72
200.54,200.01,200.70,200.00
199.15,200.40,201.61,199.15
200.80,200.00,201.35,199.62
200.01,200.43,200.56,200.00
200.11,199.74,200.11,199.74
199.35,199.08,200.55,199.08
199.00,197.15,199.00,197.15
193.91,198.45,198.64,193.91
198.91,198.50,199.89,198.48
198.40,198.32,198.87,198.25
195.73,196.00,196.52,195.73
195.03,195.88,197.79,195.03
195.90,197.05,197.67,194.00
197.00,198.39,198.39,195.95
197.31,195.70,198.20,195.45
196.50,196.77,196.77,196.00
196.97,192.80,196.97,191.94
193.76,191.80,193.76,191.73
191.15,190.00,191.15,187.82
189.72,190.18,190.78,189.05
191.02,191.83,191.93,189.20
192.48,195.59,195.88,192.20
194.20,189.03,194.20,189.03
189.60,187.43,189.60,187.00
186.18,186.53,189.01,185.75
187.00,187.00,187.46,186.02
186.57,184.01,187.35,184.01
184.02,183.90,184.35,182.31
185.00,184.72,186.32,183.90
183.73,181.24,183.73,178.05
182.12,178.95,182.21,176.48
179.93,178.82,180.71,178.34
178.34,180.32,182.29,178.34
179.23,181.03,183.10,179.23
181.82,182.50,185.36,181.67
182.17,184.01,184.39,181.01
184.02,185.81,186.57,183.54
185.74,185.18,186.61,184.42
184.05,182.52,184.61,182.31
181.95,180.00,182.74,179.52
186.08,181.65,186.08,181.00
181.64,183.10,183.40,181.64
183.41,187.28,187.31,182.98
187.60,187.22,188.12,187.05
186.48,190.17,190.17,186.48
191.66,187.40,191.66,187.40
187.74,189.68,190.67,187.74
190.88,191.26,191.26,190.00
185.09,187.36,190.95,185.05
186.26,185.22,186.85,185.00
185.27,186.36,189.89,185.27
186.87,186.74,189.11,185.21
186.00,184.13,187.62,184.13
185.00,183.79,185.89,183.43
183.07,183.17,184.30,180.68
185.75,184.59,185.75,183.02
185.53,184.22,185.70,183.10
185.83,188.11,188.55,185.53
187.30,185.69,187.30,184.22
184.95,185.42,186.69,183.21
184.26,182.60,186.26,182.60
182.47,179.76,183.00,179.76
181.98,180.11,183.18,179.95
179.98,180.12,183.47,177.81
180.58,178.22,182.07,173.00
177.59,174.71,177.68,174.71
172.55,173.84,176.39,170.32
170.74,165.83,174.30,163.80
169.01,165.21,169.01,155.37
162.25,149.21,164.80,146.26
153.00,152.24,157.44,140.52
150.16,151.00,154.83,147.84
148.74,152.35,153.36,148.74
148.31,151.20,153.40,148.31
151.68,155.48,155.60,151.68
156.85,153.04,157.13,153.04
154.24,154.51,156.75,153.88
151.97,146.17,153.49,146.17
145.55,143.77,149.77,142.78
147.43,144.52,147.43,144.09
145.85,153.40,153.48,143.72
150.12,153.75,155.00,150.12
154.01,151.58,156.64,150.29
149.15,154.25,154.79,149.00
155.95,159.83,159.83,154.49
159.14,158.64,159.40,156.74
159.31,159.00,160.62,156.83
160.38,153.79,160.38,153.37
161.00,149.21,161.00,147.22
147.87,149.78,149.98,146.95
150.41,159.39,159.39,150.31
157.72,154.52,160.98,154.51
153.01,148.70,154.07,148.42
147.61,151.84,152.47,147.57
152.49,154.44,155.27,151.34
154.21,153.99,156.26,153.58
154.57,156.86,156.86,153.54
156.91,154.64,159.79,154.52
151.51,151.31,154.67,150.43
151.31,150.59,152.24,150.35
151.24,141.38,151.24,141.38
138.17,138.71,143.84,137.10
139.51,140.77,142.59,138.55
140.00,145.58,145.95,139.08
147.78,148.90,152.59,146.11
148.54,143.30,150.26,143.01
145.88,146.45,148.99,143.13
144.81,143.54,147.00,143.24
144.33,139.53,146.32,139.48
138.94,145.50,147.45,138.71
147.50,150.85,151.00,145.37
151.22,154.70,154.75,149.50
155.00,148.11,155.00,147.16
147.97,150.00,150.00,147.97
149.21,153.35,153.75,149.15
155.24,157.50,157.91,152.35
156.96,154.55,157.04,153.23
153.94,156.56,156.56,153.90
153.99,151.00,154.87,150.33
152.05,159.32,159.32,148.48
158.70,157.43,159.23,156.15
156.82,157.30,157.94,154.79
159.00,160.00,160.45,157.97
159.69,162.67,164.44,155.13
162.02,158.10,163.80,155.04
159.79,163.65,164.01,157.37
166.44,169.55,170.45,165.74
170.40,169.39,170.40,164.10
168.15,163.05,168.60,163.01
159.15,155.22,161.68,155.00
157.00,163.81,164.47,156.50
165.00,166.50,167.23,162.01
165.79,163.24,165.79,161.83
162.09,166.07,166.07,161.33
166.40,171.61,173.65,163.13
168.09,162.68,168.98,161.75
166.64,170.70,171.00,164.40
171.41,171.08,173.72,171.08
170.05,167.26,171.74,166.60
166.80,166.76,168.03,163.79
173.19,164.01,173.19,164.01
164.87,161.84,170.89,161.17
162.62,165.96,166.15,161.91
163.86,161.00,164.30,159.65
159.89,161.85,163.71,159.89
160.25,158.60,160.25,156.61
156.62,159.78,160.00,156.62
163.79,161.77,163.79,161.00
162.41,159.85,162.41,159.62
164.89,171.66,171.66,160.26
169.01,169.59,171.29,165.40
171.49,170.45,172.95,168.56
171.69,171.83,172.83,170.15
171.05,171.98,173.41,170.19
171.41,173.45,173.45,168.71
171.43,168.87,173.50,168.03
167.02,174.35,174.35,167.02
171.79,173.06,173.88,170.00
173.44,170.27,174.29,168.67
170.83,169.01,170.95,167.01
170.16,171.22,173.58,169.00
171.85,172.03,174.69,171.65
172.16,168.75,172.16,166.20
171.46,175.93,175.99,171.46
174.87,177.10,178.51,172.99
177.39,180.25,180.25,176.11
179.48,178.80,179.56,178.44
177.94,178.19,178.40,177.05
176.87,175.11,176.87,174.99
175.47,177.09,178.19,174.32
177.06,174.99,177.06,174.13
178.54,179.29,180.81,175.28
179.18,177.29,179.64,177.29
176.33,177.90,180.00,175.59
176.96,177.84,177.84,175.61
176.74,180.00,180.00,176.74
181.22,183.35,184.87,181.11
182.99,184.76,184.87,182.04
184.50,185.99,186.77,184.31
185.00,183.29,185.00,183.16
184.04,181.09,184.88,180.31
178.08,182.97,183.53,178.08
183.09,179.38,183.09,178.65
178.61,181.95,182.48,177.54
180.58,180.49,181.07,179.17
179.00,179.85,182.23,178.77
179.29,179.62,180.73,178.59
180.20,175.77,180.20,175.62
175.01,176.92,178.16,175.01
175.67,176.28,178.40,175.67
177.91,176.81,178.00,174.55
179.41,180.49,180.49,174.96
180.27,179.31,180.27,178.22
180.00,184.84,185.00,179.68
182.93,184.42,184.94,176.89
184.00,183.00,184.93,183.00
183.86,181.07,183.86,180.93
181.70,179.04,181.84,179.04
178.90,179.78,180.02,176.96
179.94,181.40,181.85,179.94
180.50,179.40,180.50,179.23
180.12,178.25,180.12,177.65
177.32,180.24,180.25,177.18
181.64,180.05,181.64,179.15
179.11,178.70,179.11,177.40
179.38,175.05,179.38,174.54
175.24,178.55,178.55,174.55
177.10,178.00,178.06,177.10
176.00,178.78,178.84,176.00
179.47,177.41,179.47,176.00
177.86,176.15,178.00,175.67
177.17,177.99,178.86,175.36
178.19,176.09,178.94,176.09
176.25,171.99,176.25,171.68
171.20,165.89,171.96,165.89
166.51,168.96,169.86,166.43
169.99,169.53,170.00,167.77
169.20,170.00,170.25,169.06
170.00,169.72,171.29,169.71
170.01,176.27,176.27,169.72
175.89,178.10,178.32,175.21
178.57,178.71,179.69,176.85
178.19,180.85,180.85,178.07
180.44,182.84,183.00,179.75
182.00,182.46,182.80,181.39
181.98,182.52,183.15,180.88
181.99,182.87,183.28,180.80
182.50,183.33,183.33,182.20
184.00,186.45,187.72,183.71
186.42,183.10,186.42,183.10
183.79,184.26,185.43,183.01
183.60,183.08,184.68,183.00
183.71,182.69,183.84,182.01
181.71,182.63,182.85,181.45
182.63,181.81,182.63,180.00
180.42,177.65,180.42,177.11
177.73,177.55,177.95,176.00
175.12,173.45,176.92,172.77
173.20,170.60,174.68,170.49
174.90,174.20,174.90,172.01
174.17,175.31,175.64,174.17
174.79,171.45,174.98,171.00
172.27,173.09,174.88,171.01
174.04,174.44,176.96,174.04
173.90,171.12,173.90,171.00
171.33,171.20,173.44,169.82
171.82,172.72,173.65,171.46
171.21,171.41,172.64,170.50
171.58,173.50,174.31,171.23
174.99,174.48,175.35,168.70
173.18,173.83,175.60,170.53
174.06,175.00,175.00,173.95
174.80,173.30,174.94,173.06
173.16,171.45,174.92,171.11
170.82,170.50,171.64,168.72
170.38,170.03,173.30,170.03
171.39,170.78,175.00,167.47
172.85,172.85,173.67,171.86
171.13,172.25,173.60,169.21
172.50,170.89,174.00,170.89
171.31,173.40,174.93,171.31
171.22,172.11,174.80,171.22
173.64,170.21,173.64,170.01
170.20,168.74,171.85,168.50
171.51,169.38,171.90,168.52
169.99,167.15,169.99,166.66
168.58,165.00,169.79,164.89
165.12,165.14,166.77,164.58
168.00,165.68,168.00,163.51
165.98,165.00,165.99,162.87
165.75,165.00,165.75,162.05
163.32,166.83,167.21,163.25
166.51,169.09,170.46,166.00
167.91,166.69,170.34,166.00
166.11,168.50,169.46,163.95
166.81,162.11,167.00,160.12
162.75,164.00,164.43,161.60
164.09,164.38,165.15,162.51
164.16,166.23,166.23,164.16
166.84,166.87,169.59,166.08
166.51,167.00,169.24,164.87
166.66,165.62,167.49,164.00
166.16,166.00,166.89,164.25
165.71,163.59,166.90,163.55
163.21,164.00,164.89,163.02
163.79,165.27,166.97,163.25
165.87,166.25,167.39,164.36
165.28,167.90,168.22,165.28
166.80,167.00,168.01,164.99
166.16,163.87,171.85,163.05
165.72,166.00,166.32,163.52
164.27,163.22,165.47,162.48
163.80,164.50,165.29,163.80
165.89,164.44,165.89,163.80
164.20,163.89,165.75,161.91
168.51,166.65,168.51,163.45
166.71,166.13,168.99,164.01
167.82,169.19,169.19,166.73
166.91,167.45,170.52,166.05
165.06,167.00,168.93,165.00
165.77,167.29,167.72,165.77
166.88,167.21,167.88,166.86
167.80,168.60,170.14,167.25
168.30,167.01,168.30,167.01
167.74,170.30,172.31,167.74
169.69,166.51,172.67,166.00
166.85,168.00,168.73,166.35
166.26,165.22,167.90,165.22
165.71,164.34,166.01,163.69
164.11,163.80,166.44,163.80
163.80,163.25,163.91,162.01
164.00,161.89,164.31,161.01
162.58,163.32,163.49,160.52
164.23,163.68,167.71,163.00
163.05,165.72,165.94,161.77
164.95,163.32,164.95,162.95
163.50,164.29,165.34,163.00
164.16,164.05,166.01,163.60
162.25,162.78,163.60,161.77
163.41,164.40,167.61,163.41
165.13,163.13,165.43,163.10
164.16,165.99,168.27,164.16
166.06,166.42,167.94,165.99
167.62,166.63,168.00,166.50
165.46,162.71,165.46,162.55
162.84,163.53,164.24,162.56
166.68,162.78,166.68,162.25
164.10,165.89,168.25,164.10
165.21,164.99,166.00,164.91
164.15,166.73,166.73,163.26
164.41,166.22,167.30,164.41
167.27,166.80,168.64,166.00
166.30,163.91,166.30,163.66
163.37,161.91,163.37,161.88
161.84,164.99,165.06,161.84
164.05,163.20,165.66,162.17
163.68,166.27,166.74,163.68
164.21,166.75,166.85,163.65
165.20,165.05,166.18,164.28
165.85,165.14,166.80,165.14
164.70,164.92,165.44,162.76
164.64,164.01,165.46,163.55
164.05,166.75,167.46,164.05
166.99,167.38,168.29,165.06
166.87,166.86,167.54,166.10
166.30,167.88,168.56,166.15
167.25,167.18,167.75,166.35
166.55,168.70,169.53,166.30
168.80,170.02,171.99,168.80
169.45,168.05,169.45,160.93
168.95,167.60,168.95,167.10
167.01,165.40,168.28,164.36
165.00,164.05,165.56,164.05
164.46,165.01,166.58,164.32
163.53,164.06,164.90,163.53
164.50,164.00,165.79,164.00
164.00,161.20,164.17,160.95
161.94,162.01,162.79,161.03
162.69,162.90,162.90,161.26
163.15,164.47,164.76,163.15
164.92,165.57,165.75,164.00
165.95,165.41,166.75,165.00
165.72,166.32,166.85,165.70
166.37,166.06,167.24,165.81
166.60,167.29,167.76,165.98
165.74,166.39,166.86,165.74
165.56,165.71,166.50,165.56
165.99,167.30,167.44,165.96
167.00,165.35,167.80,164.85
165.40,165.30,166.40,165.20
165.84,166.24,166.80,164.00
166.17,167.50,167.52,165.05
167.38,166.92,168.00,166.69
165.74,166.62,166.92,165.52
166.89,168.53,168.53,166.89
167.43,167.03,168.09,165.67
168.22,165.90,168.22,165.30
167.55,167.81,167.86,167.06
167.99,166.86,168.08,166.78
167.34,168.75,169.00,166.52
169.01,169.67,169.97,168.11
168.71,169.23,169.50,167.22
169.40,169.06,169.50,168.42
169.25,174.00,174.30,166.10
172.37,170.31,172.69,170.00
170.00,167.89,170.61,166.49
166.69,174.36,174.88,166.69
173.45,170.70,173.45,169.88
170.93,170.24,171.80,167.20
168.22,166.00,169.06,162.25
169.58,166.73,169.58,165.85
166.40,164.95,167.00,164.01
165.56,166.82,168.25,165.56
165.89,166.64,168.62,165.85
165.01,166.06,166.06,164.40
165.15,169.91,169.91,165.15
167.00,167.52,168.41,166.61
167.53,164.03,169.26,164.00
163.63,165.00,165.52,162.58
165.51,165.00,165.51,164.86
165.22,165.00,165.24,164.36
164.30,165.00,165.12,164.05
164.22,162.75,164.22,162.10
162.58,163.09,163.79,162.52
163.93,162.26,163.93,162.12
161.61,161.00,162.58,160.30
162.00,160.08,162.31,159.30
160.80,159.54,162.94,159.31
159.25,157.88,160.28,157.27
157.88,157.13,157.88,156.83
157.00,156.48,157.88,156.01
156.85,157.76,159.08,155.00
158.90,159.00,159.91,157.83
159.31,164.00,164.70,159.00
163.66,164.04,164.75,163.11
163.44,165.00,165.60,162.50
163.37,164.00,165.00,163.37
164.50,163.53,164.50,162.19
162.90,162.10,162.90,160.08
161.84,161.74,163.61,160.86
162.55,163.50,164.24,160.50
165.87,167.50,169.02,165.50
168.41,170.22,170.58,168.00
170.21,171.38,172.96,170.21
169.89,169.68,170.15,168.78
170.71,170.61,171.30,168.09
170.26,169.39,172.00,169.32
170.00,171.00,171.00,169.03
171.13,168.84,171.13,168.56
169.00,169.00,169.98,168.75
168.70,169.34,169.43,168.00
168.87,170.11,170.66,168.70
170.80,172.02,173.94,170.67
170.18,170.66,171.76,170.18
171.49,172.25,172.34,171.10
172.44,172.65,172.99,171.64
172.91,168.32,173.00,168.32
169.53,171.72,173.49,168.81
170.21,172.56,174.00,170.21
171.79,172.53,173.99,171.32
169.81,172.99,173.50,169.81
172.52,174.36,174.89,171.50
174.57,177.00,177.25,174.55
175.17,174.70,176.35,174.10
173.99,175.83,176.00,173.77
175.30,178.25,179.50,174.93
176.86,178.25,178.74,176.17
177.90,178.39,179.37,176.79
179.21,178.60,184.30,177.07
178.60,180.43,180.44,177.65
181.32,178.66,181.32,178.35
180.00,179.31,180.64,178.80
179.18,178.92,180.38,178.18
180.69,179.51,180.69,178.80
179.10,178.24,181.14,178.15
178.56,177.66,179.30,177.10
176.55,180.02,180.80,176.55
181.20,176.24,181.34,175.92
177.52,178.01,179.45,177.01
177.61,179.68,181.76,177.61
179.51,179.55,181.00,179.01
178.20,177.29,180.86,175.92
177.01,175.45,177.29,174.13
178.69,178.48,178.69,176.02
177.75,179.04,179.34,177.70
178.65,179.35,181.00,178.26
179.50,182.83,183.00,179.50
182.00,182.46,182.86,181.05
182.00,179.59,182.05,178.50
179.89,180.74,180.89,179.15
181.24,179.95,181.36,179.31
180.00,183.01,183.45,179.90
181.81,181.20,182.08,180.50
180.60,180.80,181.15,180.00
182.44,182.17,183.34,181.53
182.03,181.56,182.50,180.10
181.52,181.60,182.23,181.00
182.81,182.84,183.59,181.21
183.50,181.90,183.50,180.56
181.49,180.72,182.66,180.25
180.61,182.70,182.91,180.25
181.31,180.90,183.08,180.48
181.90,181.24,183.38,180.10
181.04,180.10,181.04,179.28
180.74,182.06,182.20,180.51
179.70,181.88,182.30,179.70
181.80,180.00,182.35,180.00
180.61,182.14,182.14,180.00
181.99,186.05,186.20,181.86
186.60,188.10,188.88,186.31
188.00,189.44,190.43,186.95
188.11,183.88,188.55,183.85
183.64,184.31,184.75,182.82
182.61,180.75,184.30,180.56
180.43,181.27,182.90,180.11
181.16,181.40,182.39,180.88
182.15,181.00,182.15,179.71
181.23,184.59,185.80,181.23
185.53,183.03,185.53,183.01
182.85,183.24,185.22,182.61
182.40,181.94,183.23,181.15
182.97,183.08,184.00,181.90
182.94,186.42,186.46,182.94
185.75,185.70,187.59,183.65
186.18,187.23,188.78,186.01
188.00,189.01,191.82,188.00
187.02,188.29,192.60,187.02
188.00,189.00,189.61,187.40
188.00,191.37,191.99,186.53
190.43,193.55,194.00,190.15
193.30,193.95,194.81,192.75
193.00,193.87,195.00,191.28
193.47,196.33,196.33,192.88
195.15,198.28,198.96,194.90
197.12,198.42,198.84,197.10
199.98,198.85,199.98,198.26
197.97,199.81,200.49,197.97
200.00,199.98,200.00,197.76
199.07,198.30,205.11,197.60
197.72,196.55,197.72,195.07
196.52,196.00,197.20,194.44
197.51,200.90,200.90,197.51
197.40,197.12,199.24,196.22
196.86,198.12,198.90,196.86
197.44,197.27,199.97,196.69
197.56,198.26,198.26,196.03
198.09,197.43,199.00,197.28
197.70,195.99,198.15,193.60
195.15,197.86,197.86,194.59
197.94,197.46,198.14,196.60
196.98,199.80,199.85,196.32
198.98,197.72,200.29,196.82
199.47,198.66,199.47,197.62
198.00,201.42,202.50,197.29
200.65,200.60,203.65,200.50
200.41,204.55,204.83,200.41
205.00,205.34,206.11,204.00
205.49,203.02,206.75,202.15
200.00,198.91,201.96,198.88
200.00,199.07,200.00,197.75
197.90,196.60,198.97,196.00
196.84,194.26,198.00,193.63
196.48,192.80,196.48,191.01
193.94,194.99,195.07,193.31
194.79,192.05,194.91,192.05
193.10,194.94,196.65,192.89
194.95,199.86,202.00,194.95
199.42,198.87,199.95,198.35
200.67,202.00,202.00,198.20
201.63,199.87,203.00,199.17
201.79,197.82,201.99,197.02
198.17,197.20,200.18,196.24
200.32,198.00,200.56,196.38
199.13,200.32,201.19,195.77
200.26,201.51,202.80,200.26
203.00,202.15,203.00,200.97
201.95,203.50,203.75,201.58
204.65,207.51,207.51,204.52
207.50,207.40,208.52,207.13
206.78,208.95,209.69,206.13
210.45,210.80,212.15,209.46
212.43,211.10,212.43,209.56
212.89,210.49,212.89,209.75
209.70,210.10,210.37,209.35
210.91,207.24,210.91,206.90
208.00,208.19,208.30,207.29
207.80,209.50,211.84,207.80
210.49,212.90,213.34,210.49
211.02,212.50,212.71,210.96
205.10,212.80,213.64,205.10
212.65,210.64,214.02,210.38
212.20,211.24,213.45,210.83
210.89,211.80,212.47,210.71
212.24,212.35,213.23,211.50
209.70,209.81,211.08,207.54
209.48,210.16,211.12,209.48
210.03,210.03,210.47,207.97
209.50,207.76,209.99,207.05
208.87,208.73,209.88,205.50
209.52,207.81,209.52,206.51
207.39,210.20,210.55,207.29
208.06,206.90,209.08,205.21
208.93,209.70,210.49,206.75
208.02,208.94,209.73,207.36
209.13,207.25,209.87,206.70
204.33,202.50,204.33,201.95
202.99,204.30,204.99,201.81
204.00,205.43,207.00,204.00
205.81,202.24,205.81,201.76
203.24,202.65,206.87,202.00
202.51,204.20,204.94,202.51
203.32,205.79,207.00,203.32
205.50,204.13,205.95,202.00
204.96,205.12,205.90,203.60
206.91,204.00,207.70,203.50
203.22,203.38,204.00,203.00
204.47,203.13,204.48,202.34
203.59,202.10,204.20,201.81
203.49,204.16,205.09,203.49
203.80,203.90,205.67,203.00
203.49,203.65,204.66,203.31
203.47,199.95,203.47,199.94
199.70,204.18,204.95,199.70
203.40,203.01,204.80,202.57
202.50,207.00,208.57,202.50
207.58,205.65,207.58,203.52
205.00,205.86,206.29,204.50
202.54,205.14,206.57,202.54
204.64,205.60,205.85,203.28
205.96,206.45,207.65,204.70
207.57,206.00,208.40,205.18
205.35,204.00,206.02,203.50
203.23,206.50,207.56,203.23
206.00,203.80,206.00,203.77
203.01,201.92,203.44,201.92
202.10,202.68,204.75,202.10
204.38,206.60,207.50,203.81
205.49,209.16,209.50,204.65
208.20,209.35,209.67,207.01
207.94,207.43,209.27,207.43
208.21,210.20,211.49,208.21
209.38,208.54,209.45,204.98
207.69,210.19,210.89,207.69
210.19,211.93,212.80,208.12
210.01,208.87,211.32,208.27
208.06,209.32,210.18,207.06
209.52,209.46,209.73,206.29
210.80,211.70,212.98,210.10
212.77,212.75,213.80,211.50
212.22,211.73,212.76,209.71
211.48,211.20,212.75,210.12
210.11,211.73,212.70,208.48
210.24,210.82,212.96,210.24
210.39,210.26,211.40,210.00
207.61,210.79,211.00,207.61
212.00,209.38,212.00,209.38
208.60,208.50,209.07,204.46
210.90,219.38,220.05,210.80
216.41,216.55,217.39,214.87
217.85,215.22,217.91,214.81
213.89,217.82,219.00,213.89
217.00,218.25,219.00,215.07
216.51,219.90,220.67,216.50
217.70,219.85,220.00,217.70
216.82,217.17,219.85,215.91
215.15,219.33,220.00,215.15
219.98,221.15,223.16,219.11
221.00,221.53,222.20,218.52
221.07,222.81,227.01,218.64
222.81,222.65,223.35,221.25
224.95,224.81,225.20,222.83
224.16,224.65,225.35,223.82
226.80,224.83,227.65,223.93
225.90,222.60,225.90,221.00
224.98,223.16,224.98,221.04
223.66,222.13,223.66,220.52
223.06,226.38,229.97,223.06
226.38,224.30,226.75,223.29
223.90,222.31,224.29,221.40
219.20,219.20,219.20,219.20
220.23,218.22,221.44,217.03
218.77,217.86,220.28,215.60
220.31,220.54,221.50,218.95
222.75,218.52,222.75,216.00
217.76,224.00,225.60,217.76
222.14,221.19,222.25,220.51
221.14,224.79,224.97,212.45
225.84,223.50,225.85,222.05
223.04,223.50,224.45,223.04
222.63,222.88,223.65,222.31
223.99,223.07,224.00,222.70
222.99,221.40,222.99,220.64
222.36,222.63,222.69,221.75
222.81,221.63,222.81,217.97
222.48,220.72,222.48,219.00
223.28,221.10,223.28,219.23
222.79,222.00,222.99,220.75
220.13,219.09,221.34,218.00
219.23,220.37,221.06,219.10
221.58,221.26,221.58,219.71
221.09,220.80,222.87,219.38
222.24,219.07,222.24,219.01
218.19,221.20,222.00,218.19
221.40,219.96,222.40,219.29
221.26,221.44,222.44,219.74
223.48,223.64,224.13,222.01
223.58,223.12,224.50,222.70
223.75,223.70,224.00,222.20
221.00,220.04,223.40,219.21
221.34,221.59,224.61,221.21
223.00,222.25,225.48,222.03
223.52,219.10,223.52,218.30
220.98,223.00,225.58,219.55
221.90,221.24,224.19,220.12
220.21,215.76,220.98,215.12
216.10,216.59,218.65,214.34
217.01,215.78,217.05,214.71
216.00,219.00,219.49,215.69
218.97,218.90,220.30,217.71
218.09,217.42,218.70,213.07
216.11,220.42,221.57,216.11
220.23,220.79,221.80,219.21
220.78,221.09,222.00,219.02
219.70,222.94,223.50,219.70
222.15,221.93,224.25,221.65
222.73,218.20,222.73,218.01
219.38,221.30,221.30,218.18
221.00,221.25,221.73,219.61
222.00,221.85,224.40,219.32
221.77,221.83,222.54,220.55
220.26,221.85,222.90,219.91
220.50,222.42,223.99,220.50
222.39,224.39,225.00,222.38
221.18,222.28,222.60,221.07
224.50,226.99,229.65,222.33
225.60,227.25,227.50,224.06
226.21,226.97,229.98,226.07
228.00,229.15,231.51,227.40
229.00,229.92,230.00,226.15
229.81,231.00,232.46,229.81
212.20,232.50,232.98,212.20
233.46,230.35,233.50,229.68
232.23,231.52,233.68,230.01
234.00,233.70,234.46,232.40
233.99,232.19,234.00,231.30
237.37,232.92,237.37,231.36
232.90,237.80,238.63,232.75
238.00,237.15,245.79,236.09
240.37,237.47,240.51,236.90
239.84,236.96,240.78,236.04
237.76,235.99,238.89,234.11
236.50,236.00,237.90,233.78
235.14,238.96,239.70,235.14
237.65,240.75,241.51,237.37
241.02,245.96,245.96,238.21
245.50,242.51,245.60,241.59
243.19,245.16,246.69,241.41
247.56,244.09,247.56,239.73
241.68,242.65,244.10,239.36
240.88,242.52,244.60,240.88
245.27,235.30,245.27,235.22
235.05,229.00,235.05,228.40
227.44,227.40,229.28,226.02
230.22,229.01,231.00,227.70
228.06,228.69,230.00,225.05
230.15,229.25,231.48,228.48
229.69,230.36,232.04,229.00
230.71,230.78,233.96,229.63
231.06,233.25,234.97,231.06
232.72,233.68,234.42,230.60
232.53,232.95,235.00,232.53
231.24,230.19,231.85,230.19
234.00,229.73,234.00,228.60
228.17,227.42,229.25,226.74
225.60,224.89,226.71,223.41
224.00,221.83,225.92,220.95
222.87,223.92,224.97,220.51
223.80,222.36,224.35,221.99
221.58,220.54,221.62,219.03
219.48,222.89,222.89,219.48
222.05,223.00,224.38,222.05
221.67,226.81,227.96,221.67
226.41,228.65,229.00,226.41
229.87,225.25,229.87,223.00
222.25,220.91,222.38,219.60
220.63,217.43,221.10,215.06
217.79,216.77,217.79,214.19
215.17,217.05,218.00,215.17
217.00,215.65,217.14,215.32
216.42,215.19,220.31,215.03
218.35,220.02,221.90,217.24
221.55,219.27,222.09,216.95
224.49,220.61,224.49,220.00
222.54,220.50,222.54,219.72
219.54,219.40,222.76,217.98
220.50,219.78,221.75,218.76
219.30,223.58,223.98,218.50
223.31,223.34,226.16,219.12
224.21,225.72,227.88,224.21
225.42,229.87,233.00,225.42
230.55,231.50,232.80,229.38
231.11,234.99,234.99,231.11
233.17,236.34,237.05,231.60
238.90,251.91,254.99,238.90
252.78,260.10,260.67,249.35
261.09,259.22,262.31,257.90
258.50,258.88,260.28,256.45
258.35,258.69,260.08,257.55
257.56,254.85,257.61,253.20
254.06,253.67,255.47,251.28
254.80,253.00,256.99,250.56
252.50,251.78,253.00,249.00
253.04,247.35,253.50,246.37
247.21,249.50,250.00,245.00
250.00,249.20,250.00,246.91
248.05,247.65,250.25,246.96
246.31,245.00,246.73,244.48
244.57,242.50,247.45,242.41
241.76,239.80,242.00,238.01
240.76,241.16,242.00,240.01
241.62,240.01,241.62,239.71
241.74,239.50,241.74,238.20
239.55,240.49,241.99,239.08
236.81,236.56,239.25,235.54
235.92,237.53,239.97,235.92
238.94,236.02,239.94,235.68
236.70,235.31,237.49,233.25
236.77,231.69,238.03,231.18
231.69,226.80,232.38,226.52
226.25,229.60,230.39,225.51
227.62,227.14,227.64,225.63
227.40,228.16,228.97,226.67
228.00,227.54,230.02,227.13
228.80,226.18,228.80,224.17
225.00,225.11,225.93,224.00
227.89,224.00,227.89,222.43
223.87,224.08,224.94,223.00
226.58,227.39,227.70,225.25
226.00,222.35,226.35,222.30
222.00,221.00,224.05,220.02
224.73,220.20,224.73,219.41
218.95,219.59,220.98,218.00
219.27,222.57,223.45,219.27
221.97,218.10,221.97,217.71
218.14,222.87,223.73,218.02
223.55,222.52,227.46,222.52
222.18,220.66,222.26,219.42
220.70,220.20,222.00,219.91
221.21,220.09,221.27,219.52
222.30,218.72,222.30,217.05
220.37,219.35,221.98,218.54
218.61,219.66,219.87,218.50
218.63,219.31,220.10,218.53
219.67,225.14,226.00,218.90
225.34,226.27,227.69,224.83
225.00,228.50,228.77,225.00
229.35,231.13,233.30,229.00
230.44,231.51,232.04,230.09
231.51,228.25,231.51,228.22
228.10,229.79,230.27,228.00
231.21,232.30,232.95,228.62
230.05,227.40,231.54,226.78
229.00,225.25,229.50,225.25
224.05,223.24,224.05,222.00
223.68,223.84,224.11,221.90
222.15,221.41,223.50,220.81
222.00,224.50,224.90,221.65
223.10,225.77,226.39,223.10
226.47,224.07,227.50,224.04
223.67,220.85,223.67,220.10
220.91,221.06,222.47,219.75
224.21,224.46,224.81,222.00
230.12,223.56,230.12,222.54
223.82,220.32,226.66,220.23
219.50,217.55,220.88,217.01
217.00,215.07,219.87,215.07
216.36,218.80,219.45,215.75
218.69,215.31,218.88,215.05
214.95,217.31,217.86,214.53
215.46,218.44,219.26,215.46
218.85,216.63,220.15,216.04
216.01,210.31,216.96,210.30
225.00,214.00,225.00,210.43
216.84,216.92,220.86,216.00
216.74,215.62,220.00,215.38
214.50,212.80,216.41,212.26
211.70,215.71,217.33,211.70
213.60,212.60,215.00,211.99
210.67,211.49,213.76,206.14
212.67,217.01,218.52,211.00
219.83,219.19,220.00,216.48
214.48,218.79,219.75,214.02
216.16,220.82,220.95,215.32
224.11,223.92,224.62,222.00
224.36,225.92,226.00,223.06
222.82,228.97,230.76,222.82
228.76,228.56,230.89,227.67
229.70,232.79,233.89,229.06
233.47,234.48,234.92,231.47
231.53,234.62,236.23,231.49
219.96,238.00,242.00,219.96
236.00,233.39,237.00,228.86
223.59,242.14,242.74,223.59
247.43,251.21,254.14,242.00
250.00,250.60,251.96,249.00
250.73,249.24,252.00,247.54
251.50,250.55,251.50,250.55
250.81,250.48,251.04,248.33
251.45,248.92,251.50,247.07
246.56,251.24,251.50,246.56
251.24,250.35,251.50,249.00
248.17,250.34,250.96,247.74
249.74,247.65,251.16,244.30
248.54,247.10,249.93,245.76
243.70,246.02,248.29,243.70
246.70,246.71,249.52,245.88
248.00,245.11,248.00,243.92
245.80,244.66,245.80,242.30
247.62,246.46,247.86,244.45
248.13,248.00,249.27,246.04
246.61,251.39,251.59,243.88
251.49,256.81,257.30,248.81
255.22,253.60,259.45,253.39
253.40,250.50,254.15,250.00
250.00,253.02,253.96,247.20
252.95,254.17,255.00,248.95
254.80,259.02,261.93,252.12
258.28,261.33,263.90,256.72
262.79,264.63,266.31,260.77
263.68,267.50,268.31,261.83
269.14,264.00,271.97,263.99
263.69,263.80,268.79,263.16
260.02,254.71,263.00,252.72
255.00,253.40,256.00,251.33
258.14,251.00,258.14,250.08
251.56,257.24,259.98,250.00
257.60,254.99,259.20,251.86
254.34,251.96,255.00,249.15
252.40,255.00,255.00,252.31
255.00,254.59,256.06,253.48
253.90,254.72,256.17,253.71
255.00,254.89,255.00,251.03
254.67,255.01,258.24,254.67
256.89,254.99,256.89,254.41
255.00,252.79,258.96,252.60
254.38,250.65,254.38,250.02
248.50,241.36,251.60,240.97
242.01,237.48,244.70,236.63
239.79,242.25,243.77,236.34
243.87,241.83,243.87,239.32
240.03,235.50,240.90,233.77
231.94,229.35,233.09,227.56
233.08,229.09,234.87,227.66
226.05,226.17,227.22,224.26
225.23,223.31,226.97,222.14
222.45,225.33,227.84,221.61
226.38,225.80,227.71,225.40
226.02,225.46,226.79,223.44
225.35,235.79,237.34,225.35
236.56,234.02,237.87,233.15
236.81,236.88,239.42,231.84
224.47,232.01,234.68,224.47
238.97,239.09,245.00,237.62
238.94,244.52,244.54,238.94
241.77,244.05,248.51,241.77
245.00,244.85,247.39,237.90
245.04,245.24,247.91,243.81
245.00,245.01,247.69,242.50
245.05,251.77,252.32,245.00
252.42,255.01,257.34,252.42
254.20,250.53,255.21,249.48
254.25,251.25,254.25,250.50
250.40,249.71,252.98,246.00
249.73,253.77,254.74,249.73
254.50,255.00,256.50,253.03
255.00,252.56,255.00,252.21
252.87,253.49,254.54,252.60
253.50,255.65,255.70,253.38
256.43,253.82,256.43,252.62
250.30,252.40,252.53,249.70
250.30,253.77,254.50,250.30
252.03,250.20,254.50,249.97
248.42,254.50,254.50,248.01
254.80,252.25,255.09,249.99
252.73,252.87,254.97,250.00
251.69,249.86,253.80,249.32
249.24,250.53,251.29,248.00
252.44,250.53,252.44,248.62
249.73,251.07,251.34,248.52
250.39,250.00,250.39,248.41
248.56,245.44,248.58,245.33
245.49,246.48,247.83,243.60
247.96,251.09,251.77,244.25
251.25,251.25,251.87,248.07
252.00,256.00,257.90,251.50
256.00,258.17,258.44,254.08
258.30,258.93,260.00,256.18
255.49,254.34,257.56,251.86
256.27,263.96,264.06,252.99
262.41,261.20,264.95,260.07
262.43,259.04,263.00,258.08
261.71,253.53,261.71,253.21
250.47,255.21,256.86,248.25
254.60,253.86,257.00,252.79
254.02,259.14,259.63,253.51
258.90,259.69,261.17,258.42
257.68,259.00,259.73,254.84
260.62,258.72,260.62,255.04
257.17,257.20,258.98,256.12
258.00,257.34,258.00,256.50
257.97,257.32,257.97,254.55
257.44,256.29,257.50,252.99
257.40,256.43,257.40,251.03
257.30,255.30,260.00,254.04
253.70,255.15,260.00,253.42
255.97,254.79,256.88,251.81
252.52,254.57,257.21,252.52
253.08,249.11,253.81,246.50
250.12,251.48,251.78,249.11
245.69,253.92,254.01,245.69
252.75,251.16,253.06,250.50
255.24,250.02,255.24,248.31
247.34,250.05,251.32,244.55
254.99,249.50,254.99,247.40
249.31,252.88,252.90,249.00
250.26,248.68,251.86,247.12
246.21,240.34,249.40,239.03
239.91,239.36,242.96,235.78
240.00,240.92,243.07,226.09
238.70,236.94,243.63,235.50
239.91,240.32,241.16,236.51
240.00,240.96,242.63,238.81
244.14,240.74,244.14,238.06
239.76,242.01,242.02,238.52
241.15,240.17,241.15,239.06
241.79,244.91,245.00,239.07
244.50,245.03,250.67,243.01
245.30,242.97,247.24,240.92
248.75,248.10,248.75,244.00
249.80,251.81,253.50,248.25
251.11,251.47,251.53,248.19
250.00,247.30,252.94,245.19
246.18,244.27,249.30,242.18
243.98,243.24,244.32,240.95
242.63,245.15,246.22,241.76
244.51,243.80,246.43,242.74
243.00,241.10,243.34,239.60
243.10,239.54,244.62,238.86
241.98,241.12,241.98,238.12
242.61,244.61,246.07,240.15
243.03,241.67,244.00,241.51
242.44,243.99,245.17,241.01
242.28,241.54,244.99,241.28
242.06,244.14,244.82,239.83
245.00,248.50,251.00,242.55
249.51,249.25,251.95,247.47
247.82,247.87,249.66,246.07
244.29,243.20,248.82,241.76
243.35,247.50,248.26,241.34
247.48,238.33,247.48,237.86
237.68,239.27,243.06,235.00
243.41,247.12,248.15,240.97
248.21,252.92,253.78,248.21
253.99,258.78,259.05,252.00
258.34,257.70,262.49,256.76
258.90,260.93,262.09,257.80
261.88,263.16,264.99,260.66
261.21,261.65,265.74,261.21
263.55,263.04,266.29,261.27
265.00,263.45,265.19,261.01
262.46,261.25,264.16,261.00
259.72,261.69,261.99,256.49
262.05,258.60,262.05,256.75
256.00,254.94,257.80,252.02
257.50,257.75,260.49,254.56
259.55,264.46,266.79,259.01
265.11,267.93,268.00,265.02
267.81,268.89,269.50,266.01
269.10,266.07,269.18,265.30
264.61,266.83,268.63,264.61
266.37,264.18,267.11,263.68
263.41,265.03,265.89,263.41
264.75,264.69,265.90,263.96
263.32,266.91,268.98,263.32
266.20,263.69,268.72,263.21
262.53,256.69,268.18,256.49
253.10,254.33,254.90,252.31
255.10,254.00,256.17,252.60
253.10,254.00,255.74,249.86
252.33,253.39,254.39,250.97
254.44,256.34,257.13,251.58
255.31,257.47,258.94,254.12
258.33,258.52,262.40,257.83
258.89,258.35,259.90,258.08
258.98,255.15,258.98,254.50
253.08,254.22,255.56,251.50
255.43,253.34,255.75,251.10
251.63,251.96,253.48,248.10
249.01,247.19,249.49,243.80
247.00,247.46,250.00,245.99
246.15,252.90,253.10,246.15
252.75,251.22,256.45,247.92
250.23,249.29,250.23,247.50
248.60,245.43,248.76,245.43
243.46,241.86,243.84,240.50
238.69,241.45,242.89,238.66
233.20,229.78,244.29,229.78
236.53,227.17,236.53,225.83
231.88,234.56,235.33,230.00
235.85,236.17,238.58,232.59
234.64,238.60,241.19,234.58
236.62,237.18,240.66,236.27
233.56,226.52,235.84,225.00
229.56,231.37,233.00,221.63
233.34,229.58,234.01,226.90
226.62,227.75,228.88,226.25
230.92,231.89,233.27,229.69
234.49,231.20,234.68,230.45
231.29,234.88,235.50,231.29
233.29,233.93,234.91,232.60
233.69,233.93,234.14,230.88
234.85,234.69,235.82,233.00
236.00,232.80,236.00,232.16
232.03,227.34,234.67,225.69
223.35,222.96,224.58,219.37
225.39,226.10,226.41,222.95
220.54,222.10,223.45,220.54
221.60,222.08,223.78,218.27
219.70,221.44,221.44,218.58
224.44,220.60,224.50,218.01
219.33,217.84,220.04,213.74
218.10,220.69,222.84,217.10
223.06,226.00,227.35,220.51
221.11,222.90,225.78,221.11
220.79,218.70,220.79,215.98
220.13,224.75,225.14,220.11
225.02,223.51,227.68,223.00
224.21,230.09,230.14,224.21
233.26,233.51,240.10,229.51
234.48,230.34,236.40,228.10
231.10,233.41,234.89,229.08
232.55,231.33,235.00,230.71
233.01,225.36,233.47,224.60
226.35,231.69,232.12,226.26
232.79,230.64,234.59,227.12
224.61,231.99,232.00,224.61
231.45,234.00,234.61,230.71
234.30,233.00,239.16,232.41
233.80,237.61,238.49,233.80
239.02,244.51,246.35,239.02
243.69,242.70,245.30,239.68
241.21,239.00,244.58,238.22
247.52,255.86,256.00,242.40
255.22,255.81,260.31,252.25
255.81,256.14,258.24,253.13
249.83,256.63,258.24,249.83
254.37,254.99,258.25,254.37
254.95,254.50,255.93,251.99
266.76,259.36,266.76,250.00
259.11,263.76,264.00,255.94
264.51,261.60,264.98,258.68
260.00,263.21,264.00,259.59
263.99,261.31,264.00,260.12
255.68,255.18,259.60,254.25
253.19,249.30,258.41,249.06
256.00,256.41,257.32,246.28
258.10,260.35,262.33,258.10
261.00,261.40,262.48,259.62
260.86,262.92,263.10,259.96
264.50,263.73,264.75,261.34
264.75,264.20,264.75,261.00
261.46,263.56,264.75,260.27
263.99,265.58,266.60,263.04
265.50,266.86,266.88,261.64
267.01,264.92,267.85,263.62
265.88,264.37,266.04,263.15
262.61,257.40,264.92,256.64
257.71,252.10,259.87,250.58
251.94,256.58,257.61,251.94
251.07,252.60,254.88,251.07
249.39,244.69,249.85,243.31
246.00,243.55,248.67,237.65
242.55,239.87,242.55,238.09
234.35,233.50,235.13,231.44
233.19,237.96,239.96,231.03
239.39,240.46,243.52,237.96
241.80,250.05,251.80,240.22
252.00,245.32,254.31,242.73
250.00,252.91,257.99,242.86
253.15,252.88,256.83,248.79
250.97,256.02,257.36,250.97
257.00,258.97,260.18,254.49
256.60,260.00,262.49,256.25
258.30,258.41,260.00,256.02
261.00,262.69,263.58,259.33
260.61,261.08,264.98,260.23
261.00,258.17,261.92,257.79
255.34,249.40,257.97,245.85
250.17,250.12,251.74,248.50
245.90,248.01,248.46,245.90
241.47,243.52,248.00,241.47
244.89,243.44,248.04,242.43
244.24,238.52,244.24,237.71
239.77,236.70,240.00,233.61
238.73,229.26,240.93,228.57
231.00,231.07,234.47,229.94
224.65,227.28,228.24,220.61
229.84,231.28,233.69,223.62
228.91,231.57,236.18,225.63
232.66,231.99,237.79,231.30
234.31,236.79,237.34,232.10
235.05,228.06,235.92,227.10
229.40,234.89,236.98,225.67
233.51,234.48,240.24,230.50
237.70,240.05,240.05,235.30
241.97,246.06,247.74,239.49
244.00,242.00,244.55,240.20
239.00,235.13,239.00,233.50
237.70,236.74,237.70,232.00
238.64,239.21,242.78,236.91
238.39,233.64,238.92,232.15
227.14,229.76,230.15,224.50
226.72,227.57,230.63,224.10
228.81,227.43,232.30,226.84
222.88,220.04,224.45,217.41
221.99,228.94,230.89,218.84
230.80,233.91,239.00,230.80
233.90,232.17,236.81,230.86
233.05,229.22,233.05,226.26
228.35,234.13,237.08,228.35
236.80,237.97,241.18,235.33
234.72,231.39,239.44,230.39
230.00,232.72,233.10,226.51
232.07,234.58,237.45,232.07
235.68,238.18,238.90,232.94
236.48,234.13,239.82,233.18
234.55,243.03,244.79,234.55
242.00,246.48,246.71,241.79
249.40,248.00,249.95,246.88
248.28,248.59,249.72,244.68
248.37,253.33,253.34,248.37
252.04,247.23,252.04,246.42
252.67,247.83,252.67,246.23
250.95,247.49,250.95,245.77
248.99,256.10,256.52,248.00
253.23,251.09,255.49,250.76
250.40,247.30,251.23,246.55
249.60,248.58,251.99,247.72
244.85,249.98,250.00,244.51
250.00,249.38,250.00,246.98
249.72,250.68,252.50,248.27
247.30,249.40,250.09,247.30
249.01,245.56,249.73,245.13
248.40,247.45,248.40,245.40
249.40,246.86,249.81,244.79
245.80,253.29,253.30,243.93
256.01,253.17,257.20,251.76
250.08,251.07,254.56,250.08
251.57,249.27,252.03,249.27
248.25,248.83,249.27,247.27
247.00,242.88,248.50,242.27
237.66,243.71,244.10,237.66
242.50,239.29,243.63,237.83
240.80,240.80,242.35,239.50
239.90,239.88,246.06,239.50
239.50,242.98,243.40,239.50
244.80,249.73,249.78,244.14
250.36,252.26,253.63,247.90
251.17,255.68,258.75,240.97
256.70,254.90,258.82,251.62
255.02,257.79,258.26,254.97
256.73,258.31,259.03,256.15
258.90,257.50,258.90,256.52
255.00,258.20,259.50,254.96
255.81,256.56,256.95,255.27
256.31,258.00,259.28,254.90
258.00,258.85,259.66,253.05
258.00,257.97,258.00,254.25
254.98,255.00,255.34,253.44
255.00,257.32,257.90,254.76
256.86,254.02,258.95,254.01
254.50,251.37,255.06,250.79
252.99,250.32,252.99,249.16
246.74,251.19,251.44,246.74
250.20,248.50,250.20,248.00
248.66,252.58,252.78,248.66
252.97,251.01,253.29,250.11
252.80,252.51,254.43,250.12
252.08,250.68,254.34,249.19
247.50,250.89,258.73,247.07
251.70,242.60,251.70,241.38
242.84,251.00,251.49,242.84
250.10,249.60,252.41,247.95
250.99,252.42,253.00,250.99
252.00,251.74,253.50,250.45
252.99,259.00,259.22,252.99
258.71,259.98,262.49,257.86
258.48,256.70,258.84,255.70
256.24,259.10,259.97,255.31
257.36,259.06,261.40,257.36
258.20,257.57,260.34,255.00
256.03,258.40,259.61,255.62
255.28,255.99,257.60,252.31
255.84,259.66,262.36,255.84
259.00,256.26,259.00,255.73
253.47,258.60,260.10,241.93
255.16,255.89,259.29,253.97
249.68,252.27,254.90,249.68
248.65,250.20,252.98,248.65
249.21,248.38,251.12,247.97
250.74,249.00,252.90,248.94
247.16,244.14,247.93,243.37
245.07,241.40,248.75,241.20
243.97,250.21,251.37,242.14
250.21,252.39,252.64,247.07
254.66,250.78,255.81,250.77
253.75,259.78,259.95,253.75
246.79,239.98,255.50,239.54
237.01,230.54,237.01,229.51
233.35,236.47,239.00,232.50
238.14,245.20,246.48,238.14
249.60,258.91,258.97,248.50
257.52,253.98,258.62,253.98
248.14,249.03,250.49,248.14
247.02,247.00,250.83,246.10
247.00,247.00,247.95,245.60
247.17,254.60,256.08,247.17
255.01,256.47,256.61,254.31
258.62,262.99,263.62,258.26
261.01,262.11,264.95,259.39
265.28,267.90,269.99,263.10
269.40,268.19,269.87,265.00
268.01,263.06,269.44,261.68
262.80,262.56,265.49,260.35
262.56,261.74,264.58,261.05
263.17,260.84,263.17,260.40
262.15,263.73,264.09,260.00
263.80,260.40,263.80,258.84
257.19,264.80,264.80,257.19
265.44,261.79,265.69,253.95
262.45,261.78,262.80,256.30
258.50,259.78,261.90,258.50
260.97,260.83,260.97,257.21
256.15,258.27,260.49,256.15
256.81,260.09,260.10,256.81
260.00,257.90,260.00,257.07
258.99,267.51,269.17,258.75
269.50,268.60,269.50,265.70
268.01,269.85,269.85,268.01
269.99,270.24,271.60,267.85
270.75,271.73,272.81,270.31
271.22,272.23,274.49,270.00
273.52,276.34,276.34,270.57
275.36,273.43,277.16,271.97
273.00,277.85,278.87,273.00
277.47,278.57,279.00,275.50
278.45,278.58,279.14,276.49
278.20,278.00,279.23,275.80
279.99,278.20,282.73,275.64
277.69,276.12,278.45,273.54
277.99,280.41,284.00,277.40
281.45,277.80,281.45,274.77
276.89,282.16,284.46,276.89
281.70,283.90,284.93,275.34
283.65,284.91,285.72,281.43
284.90,284.99,286.00,283.00
285.00,284.81,286.63,283.15
286.86,282.78,286.86,281.37
281.82,287.26,288.50,281.82
287.53,286.82,288.49,283.15
281.56,280.52,285.01,280.23
277.42,283.76,286.04,277.42
281.87,279.26,283.17,277.03
278.75,276.80,280.63,275.27
281.34,281.86,282.98,276.51
282.82,280.82,283.00,276.02
281.15,280.04,281.69,276.48
278.78,279.61,280.50,278.00
280.68,279.98,281.55,276.64
281.17,285.72,285.72,280.44
285.24,282.64,285.24,282.26
281.94,281.93,283.42,279.63
287.13,285.47,287.13,282.00
285.68,287.40,287.42,284.12
287.98,286.91,290.00,286.35
287.00,293.89,294.50,287.00
291.80,290.67,294.01,289.30
292.00,291.47,293.98,291.00
293.40,292.63,295.07,291.52
286.27,293.60,295.51,286.27
292.88,293.39,295.26,290.40
295.00,295.05,296.96,293.23
295.68,294.07,295.68,292.11
292.56,294.44,296.10,292.56
291.99,291.25,293.40,290.07
293.33,292.20,296.00,291.00
292.74,289.59,292.74,289.25
291.20,290.88,292.75,289.67
291.65,291.98,292.80,289.98
291.43,287.92,291.99,284.55
286.07,289.50,290.44,285.78
290.35,292.29,292.43,290.35
291.75,294.07,294.07,290.42
293.00,288.58,295.99,286.20
287.89,288.66,291.44,280.98
288.99,289.59,290.69,287.71
289.00,291.00,291.74,288.89
288.99,291.73,293.00,288.98
287.04,286.00,290.81,281.99
287.98,286.23,287.98,284.68
284.05,283.96,287.64,283.84
287.85,292.21,294.00,284.26
291.83,290.99,293.42,283.98
289.17,307.16,308.00,289.17
309.86,314.54,329.45,309.86
314.49,322.98,325.96,313.14
323.50,340.90,341.59,323.50
338.33,341.65,345.66,334.93
339.38,340.13,340.62,333.85
340.07,349.21,354.30,335.00
350.74,347.41,350.74,345.77
348.00,348.49,350.00,346.26
350.21,353.58,354.36,348.09
355.42,357.48,359.74,353.42
357.00,357.90,359.96,356.22
353.00,350.03,355.39,349.96
347.00,350.52,353.56,340.23
355.97,356.37,359.00,355.51
359.65,359.68,364.00,357.21
358.00,353.74,359.17,352.01
355.11,354.69,357.15,352.15
351.99,360.21,360.60,351.98
357.41,359.35,361.08,357.41
359.88,361.47,364.00,358.04
360.96,364.60,364.62,359.84
364.07,362.67,364.70,361.65
364.00,363.78,365.00,363.16
364.00,362.48,365.88,361.57
363.50,365.09,367.00,362.00
365.00,359.04,366.73,357.14
360.38,360.08,362.46,358.80
361.50,364.73,364.73,359.66
365.00,362.73,365.00,362.18
363.00,363.56,365.00,361.00
362.70,364.82,365.91,362.70
364.60,364.81,365.50,363.30
364.79,362.01,364.79,361.52
361.62,356.19,362.15,353.00
355.48,355.00,357.06,354.13
357.60,354.99,359.09,353.32
355.00,358.54,360.70,355.00
358.65,352.16,358.65,348.00
352.16,354.02,357.30,349.71
351.29,347.92,351.29,344.25
349.00,356.68,356.72,348.00
356.00,359.08,359.09,354.95
358.60,353.95,358.60,351.00
355.00,357.90,359.25,355.00
