FISI,Financial Institutions,NASDAQ
12.05,11.80,12.05,11.77
11.68,11.35,11.80,11.32
11.30,11.27,11.45,11.22
11.19,11.29,11.56,11.00
11.27,11.32,11.75,10.98
11.40,11.13,11.51,11.08
10.98,10.93,11.11,10.91
11.01,11.18,11.25,10.97
11.14,11.33,11.40,11.12
11.39,11.49,11.49,11.21
11.50,11.89,11.92,11.50
11.74,11.83,11.90,11.65
11.17,11.70,11.89,11.17
11.65,11.41,11.65,11.27
11.56,11.35,11.74,11.34
11.30,11.72,12.13,11.30
11.60,11.74,11.96,11.54
12.00,12.55,12.97,12.00
12.60,12.60,12.77,12.51
12.68,12.64,12.71,12.55
12.63,12.65,13.00,12.61
12.59,12.65,12.85,12.58
12.50,12.59,12.73,12.39
12.67,12.85,12.95,12.51
12.86,12.62,12.88,12.60
12.85,12.40,12.85,12.22
12.44,12.43,12.50,12.09
12.33,12.65,12.66,11.85
12.44,12.69,12.73,12.24
12.83,13.00,13.12,12.74
13.09,13.10,13.16,12.45
13.00,13.00,13.00,12.40
12.99,12.42,13.19,12.37
12.45,12.92,12.96,12.40
12.84,12.90,13.20,12.84
12.99,13.00,13.00,12.78
12.73,13.04,13.04,12.43
13.23,13.24,13.75,13.07
13.27,13.56,13.59,12.91
13.53,13.90,13.91,13.31
13.95,14.11,14.13,13.64
14.13,14.66,14.66,14.13
14.75,14.65,14.77,14.41
14.69,14.87,14.89,14.01
14.76,14.90,14.90,14.74
14.86,14.87,14.90,14.55
14.67,14.84,14.87,14.61
14.89,14.79,14.89,14.58
14.79,14.37,14.88,14.32
14.35,14.42,14.73,14.00
14.47,14.68,14.80,14.47
14.76,14.73,14.80,14.47
14.84,14.85,14.86,14.56
14.68,15.00,15.00,14.60
14.90,15.01,15.03,14.82
14.94,14.88,14.95,14.74
15.00,14.81,15.30,14.75
14.87,15.14,15.40,14.30
15.14,14.93,15.17,14.72
14.95,14.91,14.95,14.67
14.81,14.62,14.90,14.55
14.72,14.62,14.81,14.07
14.67,15.12,15.44,14.55
15.01,15.28,15.45,14.99
15.21,15.44,15.56,15.21
15.39,15.65,15.90,15.02
15.67,15.74,15.81,15.17
15.78,15.67,15.81,15.55
15.65,15.72,15.72,15.33
15.79,16.18,16.19,15.78
16.11,16.31,16.43,15.89
16.27,15.71,16.27,15.59
15.60,15.72,15.74,15.24
15.80,16.12,16.37,15.41
15.99,16.16,16.40,15.49
15.93,16.36,16.36,15.61
16.33,16.73,16.73,16.06
16.60,16.42,17.00,16.06
16.29,16.22,16.54,15.99
16.32,16.11,16.44,15.93
16.18,17.00,17.00,16.16
16.92,16.08,17.50,16.05
16.22,16.61,16.61,16.18
16.65,16.24,16.92,16.11
16.34,16.30,16.62,16.20
16.20,16.20,16.95,15.71
16.12,15.60,16.31,15.42
16.13,16.70,16.90,16.10
16.45,17.45,17.65,16.45
17.49,18.49,18.77,17.49
18.44,18.55,18.55,18.08
18.34,17.83,18.34,17.69
18.00,18.37,18.55,17.77
18.72,17.65,18.72,17.32
17.17,17.55,17.72,17.17
16.99,16.99,17.59,16.56
16.63,18.09,18.29,16.63
18.12,17.99,18.34,17.73
17.46,18.00,18.19,17.46
18.14,18.02,18.63,17.96
18.51,19.20,19.34,18.25
19.17,19.08,19.17,18.50
18.91,18.52,19.15,18.50
18.59,19.45,19.48,18.31
19.45,19.22,19.45,18.73
18.70,17.83,18.74,17.71
17.88,17.37,18.51,17.34
17.43,17.31,17.54,16.66
17.56,17.41,17.92,17.17
17.72,17.79,17.93,17.28
17.53,18.10,18.10,17.53
18.25,17.94,18.25,17.69
18.11,18.99,19.35,17.87
19.08,18.90,19.08,18.79
18.93,18.69,18.93,17.93
18.82,18.73,18.94,18.61
18.95,18.75,19.00,18.71
18.90,18.27,19.00,17.99
18.23,18.48,18.64,18.19
18.28,18.15,18.60,17.75
18.33,19.09,19.09,18.21
18.95,18.96,19.12,18.33
18.55,17.95,19.14,17.89
18.01,17.76,18.66,17.68
17.78,17.83,17.98,17.42
18.05,17.51,18.14,17.51
17.87,16.85,17.87,16.66
16.98,17.89,17.90,16.96
18.12,18.47,18.59,17.94
18.39,18.97,19.05,18.28
18.94,18.91,19.36,18.91
19.28,19.73,19.74,17.73
19.53,19.64,19.94,19.53
19.52,19.36,19.85,19.15
19.12,17.87,19.48,17.64
17.90,17.77,19.62,17.15
17.46,18.12,18.13,17.46
18.30,17.26,18.56,17.26
17.62,18.03,18.21,17.44
18.06,18.82,18.97,17.59
18.84,19.44,19.45,18.30
19.69,19.26,19.69,18.57
19.18,18.70,19.48,18.57
18.82,19.00,19.15,18.60
18.63,18.97,19.20,18.54
19.31,19.21,19.31,18.65
19.01,19.54,19.87,19.01
19.62,19.48,19.65,19.00
19.25,19.16,19.49,18.86
18.79,18.66,19.04,18.10
18.81,18.95,19.23,17.96
18.64,18.05,19.16,18.02
17.85,16.75,17.93,16.64
16.38,16.34,16.90,16.32
16.25,16.15,16.57,16.10
16.01,16.35,16.40,16.01
16.63,16.64,16.95,16.40
16.57,16.59,16.95,16.20
16.54,15.69,16.63,15.50
15.54,15.70,16.17,15.33
15.88,15.03,16.28,15.01
14.93,15.04,15.81,14.53
14.94,15.39,15.70,14.58
15.51,15.05,16.00,15.04
15.33,15.37,15.59,14.55
15.29,14.47,15.42,14.46
14.45,14.36,15.25,14.14
14.66,14.81,15.11,14.24
14.93,15.00,15.20,14.81
15.28,15.24,15.30,15.06
15.20,14.51,15.20,14.48
14.61,15.50,15.56,14.61
15.74,15.72,16.01,15.60
15.75,16.32,16.48,15.72
16.33,17.50,17.62,16.21
17.48,17.13,17.69,16.96
17.15,17.35,17.39,16.78
17.36,17.05,17.37,16.60
17.29,17.11,17.44,16.99
17.22,18.56,18.60,17.12
17.80,17.58,18.41,17.51
17.44,16.95,17.44,16.87
16.84,16.77,17.37,16.56
17.11,17.68,17.68,17.11
17.73,17.60,17.94,17.53
17.71,17.47,17.73,16.46
17.35,17.71,18.00,16.98
17.94,17.66,18.32,17.41
17.83,17.55,17.83,17.42
17.54,16.96,17.62,16.93
17.25,17.95,18.09,16.80
18.33,18.00,18.43,17.95
18.24,17.88,18.25,17.50
18.18,18.22,18.44,17.81
17.72,18.17,18.18,17.51
18.04,17.64,18.04,17.50
17.71,18.23,18.29,17.60
18.24,17.87,18.50,17.50
18.18,17.65,18.27,17.60
17.76,18.23,18.23,17.50
17.92,18.13,18.60,17.92
18.30,18.45,18.55,18.08
18.50,17.92,18.50,17.82
17.95,17.95,18.24,17.73
18.07,17.89,18.08,17.80
17.79,17.80,18.11,17.62
17.70,17.23,17.80,17.06
17.39,17.58,18.04,17.39
17.56,18.05,18.05,17.50
18.05,17.65,18.06,17.54
17.99,18.10,18.18,17.88
18.06,18.40,18.44,18.06
18.47,18.74,18.74,18.29
18.75,18.66,18.75,18.39
18.59,18.50,18.74,18.32
18.47,18.39,18.74,18.34
18.17,18.74,18.75,18.17
18.44,18.53,18.65,18.02
18.28,18.17,18.31,18.14
18.00,17.86,18.11,17.63
17.63,17.72,17.86,17.52
17.32,17.50,17.92,17.32
17.74,17.97,18.30,17.27
18.00,18.29,18.31,17.92
18.20,17.93,18.30,17.55
17.71,17.92,17.99,17.67
17.95,18.25,18.25,17.91
18.04,18.27,18.42,18.04
18.07,18.59,18.61,17.85
18.29,18.25,18.53,18.12
18.69,18.47,18.75,18.13
18.45,18.47,18.50,18.09
18.15,18.51,18.71,17.75
18.42,18.65,18.73,18.38
18.72,19.45,19.48,18.55
19.42,19.45,19.63,19.06
19.48,19.34,19.48,19.18
19.35,19.91,19.95,19.04
19.96,19.86,19.96,19.85
19.95,19.90,19.97,19.65
19.09,19.74,19.88,18.68
19.73,19.63,20.00,19.63
19.70,19.75,19.98,19.63
19.75,19.87,20.00,19.61
19.95,20.15,20.46,19.82
19.67,20.09,20.74,19.60
20.11,19.61,20.22,19.45
19.47,20.02,20.12,19.47
19.73,19.89,20.15,19.59
19.60,19.66,19.70,19.26
19.36,19.50,19.85,19.36
19.37,18.97,19.46,18.97
19.27,19.27,19.61,18.97
19.43,18.78,19.43,18.60
18.74,19.75,19.95,18.74
19.69,19.70,19.85,19.51
19.76,19.41,19.76,19.04
19.36,19.37,19.51,19.25
19.45,19.64,19.75,19.45
19.87,19.82,20.00,19.64
19.83,19.57,20.06,19.52
19.55,19.63,19.88,19.15
19.59,19.49,19.59,19.22
19.33,18.36,19.43,18.35
18.35,18.87,19.20,18.35
19.01,18.41,19.06,18.41
18.49,18.82,19.19,18.41
18.75,18.84,19.07,18.49
18.87,19.42,19.50,18.82
19.24,18.92,19.72,18.72
18.97,18.40,18.97,18.00
18.53,19.33,19.66,18.24
19.44,20.15,20.36,19.36
20.11,19.65,20.26,19.62
19.56,19.30,19.74,19.27
19.32,19.09,19.46,18.94
19.04,19.30,19.80,19.04
19.19,18.98,19.23,18.65
18.81,18.46,19.23,18.20
18.37,18.36,18.67,18.31
18.23,19.15,19.21,18.20
19.08,19.18,19.26,18.94
19.06,19.26,19.49,19.00
19.29,19.28,19.39,19.04
19.20,19.08,19.28,18.00
19.17,19.24,19.44,19.09
18.95,18.82,19.19,18.82
18.89,18.68,19.07,18.53
18.75,19.00,19.05,18.73
18.94,19.50,19.60,18.94
19.61,19.29,19.61,19.15
19.10,18.96,19.33,18.54
18.98,18.89,18.98,18.53
18.95,19.22,19.22,18.82
19.16,18.79,19.16,18.58
18.90,18.14,18.90,18.14
17.00,16.89,17.25,16.40
16.90,16.79,16.92,16.50
16.81,17.14,17.21,16.63
17.05,17.27,17.33,17.00
17.08,17.22,17.43,16.91
16.64,16.99,17.22,16.63
17.00,16.83,17.39,16.67
17.15,16.92,17.15,16.69
17.09,17.17,17.20,16.95
17.38,17.56,17.57,17.17
17.58,17.43,17.58,17.31
17.42,17.33,17.48,17.22
17.49,17.32,17.58,17.27
17.39,17.63,17.64,17.36
17.67,17.37,17.86,17.36
17.38,17.64,17.68,17.32
17.72,17.96,18.03,17.70
17.99,17.52,18.01,17.46
17.71,17.72,17.80,17.27
17.70,17.77,17.80,17.50
17.66,17.61,17.78,17.53
17.70,17.73,17.78,17.58
17.69,17.51,17.93,17.42
17.65,17.19,17.77,17.14
17.18,17.01,17.33,16.82
16.86,16.79,16.97,16.65
16.93,16.73,17.00,16.37
16.53,16.87,16.94,16.33
16.83,16.78,17.01,16.52
16.48,16.38,16.67,16.23
16.43,16.11,16.46,16.04
16.35,16.39,16.47,16.09
16.51,16.34,16.51,16.13
16.34,16.33,16.34,16.20
16.41,16.55,16.79,16.37
16.55,16.96,16.97,16.53
16.99,17.04,17.39,16.99
17.07,17.00,17.15,16.81
17.00,16.55,17.07,16.55
16.55,16.58,16.72,16.48
16.59,16.55,16.59,16.40
16.43,16.41,16.79,16.15
16.63,16.29,16.63,16.25
16.30,16.10,16.30,15.83
16.17,16.80,16.83,16.07
16.73,16.07,16.73,16.00
16.00,16.09,16.32,15.87
16.12,15.51,16.12,15.27
15.36,15.35,15.51,15.21
15.27,15.55,15.69,15.25
15.58,15.97,16.06,15.50
16.09,16.15,16.23,15.81
16.02,16.11,16.27,15.92
15.81,15.74,16.13,15.73
15.86,15.54,16.04,15.52
15.50,15.50,15.63,15.50
15.45,15.90,15.91,15.34
16.02,16.20,16.25,16.02
16.41,16.33,16.64,16.09
16.24,15.52,16.36,15.48
15.54,15.54,15.90,15.41
15.36,15.31,15.75,15.25
15.36,15.33,15.87,15.22
15.54,15.22,15.59,15.21
15.20,15.46,15.53,15.20
15.52,15.49,15.71,15.45
15.45,15.44,15.64,15.20
15.50,15.65,15.75,15.22
15.79,15.89,16.09,15.63
15.58,15.53,15.79,15.47
15.64,15.89,16.11,15.54
16.06,16.30,16.39,16.06
16.28,16.29,16.50,16.14
16.44,16.44,16.64,16.16
16.37,16.09,16.50,16.07
15.90,15.79,15.94,15.57
15.79,16.10,16.19,15.75
16.02,16.28,16.33,15.84
16.31,16.41,16.47,16.13
16.41,16.34,16.46,16.17
16.42,16.42,16.59,16.28
16.49,16.40,16.61,16.26
16.37,16.01,16.37,15.97
16.48,16.60,16.64,16.10
16.90,17.21,17.65,16.74
17.05,17.43,17.48,16.92
17.50,17.45,17.75,17.35
17.41,17.52,17.73,17.41
17.76,17.60,17.90,17.51
17.71,17.37,17.98,17.21
17.39,17.47,17.67,17.32
17.47,17.19,17.55,17.10
17.30,17.62,17.66,17.20
17.60,17.36,17.69,17.24
17.50,17.79,17.80,17.50
17.80,17.68,17.80,17.60
17.56,17.37,17.60,17.33
17.33,17.17,17.40,17.11
17.13,16.66,17.29,16.50
16.65,17.05,17.15,16.28
16.88,16.77,17.08,16.61
17.04,16.77,17.10,16.73
16.70,16.50,16.91,16.47
16.48,17.04,17.06,16.36
16.98,16.27,16.98,16.25
16.48,15.94,16.72,15.80
15.32,14.62,15.99,14.52
15.02,15.95,16.46,14.73
15.49,14.21,15.49,14.11
14.30,15.15,15.38,14.30
15.31,14.98,15.50,14.90
15.17,15.35,15.57,15.00
15.12,15.13,15.26,14.42
15.19,15.03,15.34,15.00
14.84,14.29,14.99,14.21
14.10,14.55,14.71,14.10
14.99,14.46,14.99,14.26
14.51,15.28,15.28,14.47
15.21,16.03,16.05,15.10
16.15,15.22,16.43,15.18
15.06,15.69,15.94,14.98
15.88,16.09,16.27,15.88
15.97,16.21,16.28,15.44
16.29,15.76,16.29,15.48
15.69,15.04,15.96,15.00
14.69,14.33,15.08,14.25
13.88,14.13,14.25,13.66
14.41,14.97,15.14,14.41
14.68,14.45,14.98,14.37
14.21,14.15,14.54,14.05
13.86,14.42,14.48,13.75
14.43,14.49,14.92,14.15
14.56,15.09,15.35,14.40
15.08,15.17,15.28,14.91
15.28,15.32,15.37,15.02
15.01,15.08,15.28,14.70
15.10,14.10,15.33,14.07
14.14,13.82,14.23,13.75
13.63,13.89,14.18,13.63
13.91,14.35,14.45,13.75
14.45,14.71,14.77,14.00
15.02,14.74,15.09,14.35
14.76,13.90,14.92,13.79
14.30,14.24,14.39,13.72
13.98,14.26,14.42,13.98
14.14,13.64,14.46,13.62
13.57,15.01,15.19,12.18
14.98,15.27,15.43,14.73
15.17,15.40,15.49,14.86
15.46,14.59,15.46,14.44
14.94,15.65,15.66,14.52
15.46,15.47,15.70,15.28
15.54,15.52,15.54,15.29
15.37,15.39,15.42,15.07
15.59,16.00,16.01,14.43
15.77,15.32,15.85,15.21
15.45,16.02,16.19,15.20
15.94,15.69,15.94,15.53
15.58,15.69,15.80,15.26
16.01,16.13,16.14,15.70
16.17,16.61,16.67,15.84
16.39,15.76,16.39,15.62
16.01,16.18,16.67,15.63
16.38,17.04,17.10,15.58
16.92,16.81,17.06,16.65
16.44,16.38,16.98,16.20
15.75,15.52,17.26,15.41
15.89,16.06,16.15,15.47
16.30,16.69,16.85,15.70
16.35,16.25,16.46,15.93
16.25,16.36,16.46,15.88
16.47,16.94,17.00,15.99
16.40,16.03,16.75,16.02
16.36,16.19,16.45,16.01
16.41,16.90,16.93,16.34
16.80,16.35,16.82,16.26
16.26,16.75,16.78,16.12
16.50,16.50,17.24,16.26
16.58,16.70,17.08,16.46
16.66,16.74,17.10,16.56
16.39,16.24,16.69,16.24
16.21,15.83,16.35,15.83
15.68,15.20,15.78,15.07
15.13,15.00,15.57,14.92
15.30,15.35,15.48,14.23
15.36,15.09,15.45,15.01
15.79,16.65,16.73,15.25
16.49,16.27,16.66,15.65
16.59,16.41,16.59,16.26
16.50,16.59,16.60,16.16
16.55,16.68,16.81,16.20
16.54,16.25,16.54,15.94
16.13,15.26,16.13,15.21
15.31,15.53,15.72,15.31
15.21,15.13,15.82,14.92
15.29,14.79,15.42,14.54
14.58,15.53,15.87,14.58
15.99,16.25,16.25,15.50
16.25,16.05,16.45,15.99
16.27,15.91,16.27,15.73
16.27,16.67,16.81,16.27
16.49,16.80,16.94,16.25
16.88,16.88,16.94,16.80
16.95,16.78,17.00,16.66
16.71,16.76,16.80,16.56
16.78,16.47,16.78,16.40
16.58,16.62,16.73,16.45
16.57,16.14,16.57,16.10
16.60,16.40,16.64,16.37
16.25,16.30,16.40,16.24
16.15,16.30,16.57,16.03
16.35,16.18,16.35,16.00
16.16,16.07,16.22,15.86
16.36,16.41,16.54,16.13
16.17,16.50,16.50,16.03
16.84,16.56,16.84,16.20
16.24,16.24,16.49,16.24
16.39,16.14,16.39,16.10
16.30,16.26,16.30,16.25
16.30,16.25,16.32,16.21
16.24,16.52,16.73,16.24
16.58,16.80,16.91,16.52
16.83,17.15,17.31,16.79
17.06,17.24,17.34,16.95
17.32,17.07,17.32,16.75
16.92,17.19,17.25,16.88
17.11,16.97,17.22,16.93
17.12,17.10,17.23,16.99
17.21,17.45,17.45,17.08
17.45,17.61,17.74,17.40
17.89,17.86,17.89,17.58
17.80,17.57,17.80,17.36
17.67,17.66,17.75,17.55
17.66,17.88,17.90,17.45
17.89,17.79,17.89,17.63
17.54,17.55,17.82,17.50
17.80,17.81,17.81,17.51
17.51,17.59,17.72,17.45
17.63,17.42,17.69,17.40
17.51,17.90,17.90,17.51
17.98,17.97,17.99,17.75
17.98,17.77,17.98,17.56
17.79,17.30,17.82,17.30
17.36,17.74,17.74,17.33
17.75,17.23,17.75,17.01
17.02,17.22,17.36,16.91
17.14,16.98,17.22,16.91
16.98,16.36,17.14,16.34
16.33,15.92,16.58,15.90
15.94,15.32,16.09,15.31
15.30,15.67,15.69,15.22
15.43,15.42,15.72,15.38
15.45,15.69,15.73,15.44
15.76,16.05,16.12,15.50
16.05,16.36,16.74,16.05
16.21,16.33,16.38,15.97
16.52,17.10,17.15,16.31
17.02,17.04,17.10,16.77
17.12,16.95,17.12,16.65
17.03,16.69,17.06,16.60
16.69,16.78,17.12,16.68
16.64,16.35,16.71,16.17
16.47,16.18,16.58,16.16
16.00,15.87,16.13,15.62
16.00,16.64,16.74,15.76
16.77,16.98,17.05,16.51
16.95,16.77,17.15,16.63
16.84,16.64,16.94,16.39
16.46,16.33,16.46,16.06
16.46,16.17,16.58,16.15
16.15,16.87,16.91,16.15
16.76,16.80,17.05,16.61
16.59,16.30,16.78,16.28
16.30,16.33,16.66,16.30
16.02,16.00,16.35,16.00
16.01,15.53,16.05,15.51
15.73,15.84,15.86,15.53
15.80,15.95,16.31,15.76
15.85,15.53,15.86,15.52
15.55,15.77,15.93,15.55
15.95,16.23,16.64,15.89
16.18,16.04,16.42,15.89
16.13,15.70,16.49,15.64
16.16,16.46,16.53,15.91
16.07,16.10,16.45,15.97
16.05,16.57,16.60,16.05
16.73,16.92,17.20,16.73
16.91,16.80,17.00,16.51
16.90,17.50,17.54,16.65
17.64,16.92,17.64,16.60
16.94,17.02,17.51,16.66
16.95,16.93,17.29,16.69
16.83,17.18,17.66,16.83
17.06,16.59,17.15,16.39
16.57,16.64,16.76,16.28
16.50,17.15,17.41,16.31
16.64,16.74,17.13,16.64
16.89,17.13,17.21,16.77
16.90,17.09,17.24,16.83
16.79,17.01,17.05,16.58
16.94,17.07,17.59,16.77
17.12,16.94,17.30,16.92
16.95,16.54,17.14,16.50
16.43,16.58,16.87,16.39
16.69,17.05,17.10,16.43
17.03,16.56,17.44,16.41
16.42,16.50,16.64,16.12
16.59,16.69,16.69,16.19
16.62,16.60,17.20,16.52
16.72,16.43,16.85,16.32
16.28,16.11,16.55,16.11
16.21,16.34,16.51,16.15
16.15,16.13,16.39,16.01
16.19,15.86,16.26,15.74
15.71,16.19,16.23,15.71
16.25,16.56,16.60,16.25
16.80,16.10,16.80,15.99
16.15,16.34,16.55,16.13
16.46,16.15,16.46,16.07
16.21,16.35,16.61,16.04
16.37,16.03,16.57,16.00
16.12,16.18,16.44,16.11
16.13,16.37,16.46,16.04
16.28,16.22,16.39,16.16
16.27,16.67,16.84,15.99
16.70,16.41,16.77,16.37
16.45,15.83,16.51,15.77
16.09,16.47,16.48,16.03
16.15,16.52,16.69,16.15
16.59,16.48,16.67,16.37
16.55,16.76,16.79,16.40
16.52,16.79,16.79,16.40
16.90,16.88,17.43,16.82
17.07,17.16,17.17,16.80
17.18,17.40,17.74,17.01
17.41,17.26,17.58,17.25
17.20,17.26,17.41,17.14
17.10,17.32,17.34,17.06
17.37,17.18,17.37,17.08
17.15,17.33,17.43,17.14
17.26,17.34,17.43,17.05
17.37,17.45,17.80,17.34
17.34,17.88,17.99,17.16
17.96,18.00,18.18,17.68
17.91,17.97,18.50,17.76
18.02,18.00,18.17,17.05
17.74,17.70,17.80,17.63
17.30,17.27,17.84,17.27
17.39,16.75,17.47,16.54
16.95,16.87,17.35,16.50
16.95,16.86,17.10,16.61
16.92,17.15,17.15,16.81
17.16,16.96,17.20,16.96
16.89,17.20,17.32,16.89
17.36,16.92,17.36,16.88
16.89,17.08,17.24,16.89
17.32,17.41,17.70,17.29
17.36,17.44,17.54,17.26
17.64,17.46,17.76,17.35
17.40,17.59,17.65,17.29
17.51,17.50,17.79,17.40
17.50,17.34,17.50,17.26
17.33,17.41,17.54,17.13
17.57,17.36,17.89,17.26
17.26,17.61,17.66,17.26
17.55,17.54,17.85,17.31
17.47,17.96,17.97,17.47
17.89,17.90,18.00,17.71
17.80,17.84,17.98,17.61
17.81,17.59,17.81,17.50
17.68,17.37,17.68,17.32
17.31,17.36,17.69,17.31
17.49,17.73,17.75,17.37
17.41,17.48,17.54,16.93
17.44,17.73,17.83,17.34
17.68,17.56,17.70,17.50
17.75,17.50,17.89,17.19
17.52,17.64,17.65,17.50
17.79,17.67,17.87,17.52
17.88,17.88,18.29,17.72
17.98,17.61,18.04,17.58
17.57,17.95,18.13,17.57
18.00,18.10,18.35,17.90
18.12,18.24,18.46,18.06
18.19,19.04,19.29,18.19
19.04,19.20,19.52,18.68
19.16,19.15,19.19,18.84
18.82,19.04,19.37,18.67
18.83,18.96,19.00,18.57
18.79,18.59,18.79,18.50
18.86,18.94,19.19,18.59
18.92,18.98,19.00,18.66
19.00,18.94,19.20,18.81
18.99,18.60,19.00,18.44
18.73,18.83,18.93,18.38
18.71,18.64,18.87,18.56
18.83,18.72,18.99,18.60
18.77,18.99,19.00,18.52
18.95,19.03,19.39,18.89
18.74,19.15,19.15,18.74
19.26,19.07,19.38,19.06
18.93,19.02,19.21,18.93
19.07,18.98,19.15,18.91
19.01,19.20,19.20,19.00
19.37,19.23,19.37,19.10
19.18,18.74,19.18,18.64
18.75,18.69,18.79,18.57
18.81,18.62,18.85,18.56
18.71,18.68,18.83,18.56
18.71,18.56,18.78,18.50
18.40,18.16,18.55,18.05
18.17,18.25,18.34,18.00
18.11,18.17,18.35,17.90
18.37,18.12,18.71,18.11
18.20,18.56,18.56,18.09
18.58,18.89,18.95,18.58
18.85,19.04,19.07,18.30
18.89,19.01,19.10,18.87
19.14,18.70,19.14,18.61
18.65,18.82,18.83,18.62
18.85,19.12,19.21,18.67
18.90,18.29,18.90,18.22
18.25,17.99,18.62,17.99
17.87,17.91,18.04,17.66
17.91,18.09,18.23,17.91
17.62,17.90,18.08,17.62
17.73,18.00,18.07,17.73
18.01,18.01,18.11,17.73
17.96,17.82,17.96,17.71
17.82,18.20,18.20,17.74
18.11,18.30,18.42,18.11
18.02,18.33,18.42,18.02
18.43,18.27,18.43,18.07
18.27,18.33,18.36,18.14
18.37,18.31,18.41,18.12
18.05,18.39,18.48,17.97
18.57,18.65,18.65,18.33
18.69,18.61,18.96,18.51
18.74,18.83,18.96,18.67
18.78,18.57,18.91,18.43
18.68,18.40,18.76,18.26
18.38,18.14,18.38,18.06
18.27,18.12,18.27,18.06
18.10,18.06,18.10,17.67
18.21,18.24,18.27,18.03
18.22,17.91,18.22,17.84
17.77,17.83,17.97,17.61
17.74,17.68,17.96,17.66
17.70,18.23,18.25,17.70
18.26,18.69,18.70,18.16
18.44,18.65,18.69,18.28
18.61,18.45,18.65,18.19
18.47,18.60,18.74,18.28
18.55,18.49,18.80,18.48
18.59,18.52,18.95,18.45
18.59,18.57,18.64,18.40
18.53,18.50,18.60,18.45
18.53,18.63,18.82,18.45
19.00,19.15,19.47,18.89
19.18,19.12,19.27,18.92
19.25,19.31,19.48,18.89
19.17,19.09,19.25,19.05
18.80,18.88,19.05,18.80
18.98,19.10,19.42,18.76
19.12,18.99,19.12,18.82
19.04,18.80,19.04,18.60
18.69,18.80,18.87,18.51
18.65,18.87,18.91,18.64
18.86,18.73,18.88,18.73
18.79,19.18,19.20,18.67
19.11,19.40,19.40,19.08
19.38,19.57,19.58,19.38
19.50,19.17,19.60,19.01
19.25,19.36,19.45,19.25
19.45,19.25,19.50,19.13
19.34,19.47,19.60,19.26
19.40,19.76,20.00,19.40
19.73,19.53,19.73,19.25
19.53,20.09,20.30,19.25
20.19,20.58,20.65,20.10
20.56,20.36,20.83,20.18
20.29,20.02,20.29,19.90
20.00,19.91,20.09,19.80
20.00,19.79,20.00,19.61
19.80,20.02,20.12,19.73
19.99,19.78,19.99,19.65
19.99,20.10,20.20,19.98
20.39,20.07,20.39,19.85
19.80,20.00,20.28,19.80
20.22,20.22,20.25,20.03
20.24,20.35,20.43,20.20
20.30,19.98,20.39,19.88
20.01,20.07,20.42,19.86
20.14,20.00,20.15,19.85
20.05,19.54,20.06,19.52
19.60,19.81,19.89,19.36
19.73,19.89,20.25,19.73
19.91,19.93,20.02,19.67
19.69,20.09,20.27,19.68
20.01,20.00,20.05,19.73
20.15,19.91,20.15,19.75
19.90,20.00,20.00,19.86
19.99,20.04,20.05,19.94
20.22,20.00,20.22,19.91
20.00,19.95,20.04,19.92
19.79,19.92,20.00,19.79
19.97,20.00,20.00,19.89
20.00,20.01,20.03,19.96
20.00,20.00,20.00,19.75
19.86,20.02,20.05,19.84
20.00,19.96,20.26,19.85
20.29,20.10,20.29,19.90
19.99,20.00,20.00,19.93
20.08,19.89,20.09,19.80
20.12,19.99,20.12,19.96
20.14,19.99,20.15,19.98
19.93,20.05,20.13,19.90
20.13,19.96,20.13,19.96
20.00,19.73,20.09,19.50
19.82,19.62,19.92,19.60
19.71,19.50,19.89,19.41
19.41,19.77,19.79,19.41
19.45,19.62,19.71,19.37
19.74,19.57,19.74,19.46
19.92,19.19,19.92,19.14
19.02,19.93,19.96,19.01
19.89,19.94,20.00,19.73
19.63,19.86,19.91,19.62
19.78,19.05,19.78,18.53
19.18,19.44,19.58,19.18
19.14,18.82,19.14,18.65
19.04,18.72,19.24,18.66
18.71,19.11,19.14,18.66
19.16,19.32,19.40,19.11
19.52,19.84,19.90,19.13
19.78,19.92,19.96,19.58
19.92,19.39,19.92,19.20
19.37,19.52,19.67,19.31
19.24,19.40,19.53,19.24
19.48,19.13,19.64,18.68
19.12,18.76,19.43,18.61
18.91,19.03,19.12,18.71
19.16,19.42,19.50,19.16
19.48,19.59,19.59,19.39
19.60,19.66,19.70,19.44
19.79,19.81,19.89,19.69
19.73,19.75,19.89,19.50
19.85,19.79,19.85,19.31
19.88,19.74,19.88,19.74
19.50,19.93,19.95,19.49
19.77,19.85,19.95,19.64
19.85,19.87,20.00,19.78
20.00,19.96,20.05,19.82
19.89,20.16,20.24,19.89
20.10,20.00,20.24,19.78
19.97,19.73,20.01,19.60
19.64,19.79,19.88,19.35
19.62,19.87,20.01,19.40
20.18,20.13,20.18,19.74
19.89,19.73,20.12,19.68
19.69,19.73,19.79,19.63
19.57,19.51,20.04,18.80
19.50,20.29,20.66,19.50
20.20,19.89,20.20,19.85
19.93,19.51,19.93,19.45
19.47,19.57,19.69,19.16
19.75,19.73,19.80,19.55
19.75,19.65,19.84,19.52
19.34,18.98,19.34,18.90
19.03,18.79,19.10,18.70
18.85,18.70,18.90,18.48
18.73,18.71,18.84,18.37
18.85,18.84,19.02,18.68
18.83,18.99,19.34,18.83
18.72,18.54,18.85,18.49
18.32,18.41,18.50,17.92
18.40,18.38,18.52,18.17
18.22,18.28,18.64,18.12
18.50,18.40,18.70,18.10
18.45,18.19,18.45,18.11
18.34,18.49,18.76,18.25
18.39,18.41,18.63,18.25
18.50,19.52,19.59,18.41
19.53,19.84,20.04,19.36
19.69,20.03,20.04,19.69
20.29,20.83,20.93,19.59
20.94,20.66,20.94,20.52
20.72,20.77,20.93,20.68
20.82,20.81,21.08,20.51
21.09,21.05,21.13,20.76
20.96,21.45,21.80,20.96
21.40,20.79,21.40,20.64
20.75,21.30,21.41,20.75
21.50,21.16,21.50,20.95
21.15,21.58,21.64,21.15
21.59,21.63,21.70,21.17
21.45,21.07,21.80,21.02
21.03,21.26,21.60,20.68
21.23,21.37,21.77,20.76
21.64,21.32,21.64,21.17
21.11,20.94,21.27,20.81
21.37,20.83,21.58,20.82
20.98,20.59,21.00,20.58
20.25,20.13,20.89,20.08
20.69,20.70,20.87,20.26
20.66,20.91,20.97,20.62
20.82,21.07,21.40,20.52
21.07,21.28,21.47,20.65
21.24,21.26,21.80,21.05
21.47,21.73,21.80,21.29
21.71,20.93,21.71,20.77
20.80,21.23,21.72,20.80
21.46,21.51,21.56,21.11
21.18,21.56,21.66,21.18
21.26,21.53,21.87,21.13
21.38,21.17,21.99,21.15
21.22,21.13,21.53,21.13
21.20,20.45,21.20,20.35
20.32,19.74,20.52,19.69
19.76,19.80,20.24,19.65
19.78,19.77,19.90,19.60
19.69,19.93,20.30,19.69
19.70,19.48,20.53,19.43
19.65,19.68,19.79,19.43
19.60,19.47,19.72,19.11
19.39,18.54,19.39,18.41
18.84,18.93,19.00,18.39
18.89,18.69,19.42,18.58
18.62,19.27,19.29,18.62
19.30,19.11,19.30,19.10
19.05,19.12,19.27,18.60
19.12,19.36,19.36,19.11
19.34,19.63,19.75,18.91
19.73,19.55,19.89,19.47
19.66,19.66,20.03,19.53
19.99,19.59,20.10,19.17
19.55,19.42,19.55,19.32
19.47,19.33,19.47,19.05
19.33,19.45,19.46,18.89
19.46,19.79,19.90,19.21
19.85,19.73,20.21,19.61
19.61,19.20,19.67,19.09
19.55,19.91,20.14,19.55
20.27,20.70,20.74,20.27
20.53,20.78,20.94,20.37
20.65,20.46,20.87,20.12
20.52,20.56,20.93,20.45
20.35,20.63,20.92,20.23
20.65,20.32,20.67,20.23
20.27,20.65,20.73,20.27
20.41,20.36,20.83,20.24
20.39,20.30,20.67,20.14
20.47,20.70,20.84,20.35
20.95,21.27,21.41,20.83
21.15,21.98,21.98,21.14
21.98,22.33,22.63,21.95
22.87,21.88,22.87,21.75
22.02,22.07,22.39,21.28
22.00,21.96,22.00,21.48
22.18,22.40,22.50,21.04
22.33,22.41,22.50,22.17
22.34,22.50,22.64,22.29
22.44,22.41,23.27,22.33
22.13,23.35,23.51,21.55
23.44,23.91,24.04,23.01
23.80,24.14,24.27,23.64
24.28,24.28,25.72,23.55
24.36,23.65,24.36,22.55
23.59,23.67,24.25,23.08
23.56,23.36,23.71,22.75
23.51,23.82,24.26,23.36
23.78,23.09,24.02,23.08
23.30,23.36,23.85,23.10
23.41,23.34,24.14,23.27
23.37,23.82,24.30,23.37
23.85,23.58,24.10,23.45
23.43,23.43,23.60,22.85
23.18,23.41,23.49,22.70
23.41,23.18,23.51,22.89
23.14,23.49,23.50,22.85
23.36,23.31,23.46,23.09
23.28,23.19,23.86,23.07
23.18,22.98,23.24,22.80
23.00,23.83,24.03,22.92
23.83,24.88,24.97,23.57
25.00,25.29,25.41,24.88
25.29,25.62,25.77,25.15
25.71,26.20,26.37,25.31
26.37,25.70,26.38,25.44
25.58,24.74,25.86,24.66
24.64,24.74,25.25,24.23
24.57,24.61,25.28,23.79
24.44,24.70,25.83,24.43
24.94,25.16,25.47,24.94
25.26,24.93,25.26,24.55
24.77,23.69,25.02,23.52
23.80,23.45,24.00,23.12
23.40,22.93,23.40,22.67
22.89,22.50,22.89,22.21
22.67,22.79,22.86,22.53
22.80,22.66,22.94,22.44
22.70,22.86,23.00,22.55
22.80,22.91,22.94,22.55
22.95,23.07,23.16,22.72
23.04,24.27,24.51,22.84
24.30,24.81,25.39,24.30
24.99,25.10,26.59,24.72
25.23,25.23,25.45,24.72
25.89,24.90,25.89,24.31
24.90,24.71,25.28,24.64
24.51,24.03,24.53,23.87
24.04,23.66,25.69,23.47
23.78,23.30,25.36,23.27
23.45,23.44,24.11,23.13
23.22,22.93,23.64,22.76
23.08,22.42,24.84,22.11
22.35,22.48,23.45,22.25
22.51,22.46,23.33,22.22
22.48,22.35,22.93,22.01
22.61,22.90,23.00,22.28
22.93,22.39,22.93,22.22
22.43,22.37,22.57,22.01
22.44,22.50,22.70,22.25
22.76,22.54,22.82,22.25
22.63,22.26,22.63,22.02
22.05,21.92,22.40,21.54
21.91,21.74,22.40,21.54
21.05,21.57,21.86,20.80
21.46,21.57,21.85,21.35
21.30,21.80,22.34,21.30
21.50,20.88,22.29,20.87
20.91,20.06,22.04,20.00
20.22,19.96,20.92,19.72
20.03,20.46,21.14,20.03
20.59,20.54,21.83,20.40
20.66,20.13,21.00,20.03
20.23,20.86,21.20,20.08
21.60,21.14,21.60,20.86
21.29,20.90,21.29,20.69
20.76,21.77,22.00,20.69
21.78,21.35,21.78,20.99
21.30,21.19,21.57,21.05
21.02,20.98,21.27,20.90
20.92,21.55,21.88,20.92
21.70,21.69,21.90,21.62
21.23,21.82,22.23,21.23
21.58,21.65,22.13,21.40
21.74,21.61,22.23,21.51
21.56,21.82,21.95,21.04
21.86,22.04,22.25,21.47
21.88,22.00,22.14,21.84
22.25,23.13,23.58,22.22
22.98,23.19,23.73,21.50
23.15,22.79,23.15,22.23
22.95,23.13,23.48,22.46
22.96,22.95,23.34,22.79
22.94,22.53,23.17,22.27
22.35,22.67,22.89,22.35
22.97,22.71,22.97,22.40
22.56,22.88,23.05,22.56
22.82,23.24,23.27,22.82
23.25,23.47,23.81,22.93
23.55,23.69,23.85,23.29
23.60,23.68,24.18,23.43
23.68,23.71,24.00,23.28
23.68,23.09,23.68,22.98
23.03,23.39,23.81,22.66
23.64,22.88,23.70,22.88
23.25,22.74,23.27,22.38
22.80,22.74,23.30,22.44
23.19,23.02,23.35,22.57
22.97,23.98,24.18,22.90
24.11,24.23,24.33,23.61
24.35,24.41,24.54,22.42
24.68,23.81,24.82,23.67
23.61,23.38,23.70,23.26
23.48,23.74,24.01,23.48
23.70,23.47,23.70,22.99
23.40,23.21,23.55,22.93
23.17,23.25,23.38,23.15
23.40,23.36,23.47,23.20
23.34,23.27,23.45,22.67
23.52,23.65,23.88,23.06
23.53,24.12,24.30,23.11
24.00,23.96,24.17,23.80
23.58,23.85,24.20,23.58
23.63,23.69,23.85,23.37
23.75,23.72,24.01,23.50
23.70,23.50,23.92,23.28
23.68,23.51,24.00,23.23
23.65,23.28,23.73,23.18
23.07,23.15,23.33,22.69
22.99,23.29,23.37,22.42
23.28,23.42,23.99,23.28
23.31,23.38,23.58,22.95
23.23,22.93,23.70,22.92
22.79,22.82,23.19,22.77
22.89,22.84,23.17,22.75
22.75,23.38,23.39,22.75
23.44,23.77,23.94,23.44
23.66,23.61,23.75,23.40
23.49,22.84,23.80,22.79
22.67,22.78,23.02,22.18
22.74,22.63,22.82,22.34
22.46,23.11,23.11,22.46
22.69,22.53,23.03,22.44
22.78,22.94,23.04,22.17
22.86,22.77,23.00,22.72
22.87,23.20,23.25,22.56
23.44,23.91,23.95,23.38
23.90,23.32,23.90,23.30
23.49,23.14,23.65,23.02
23.21,23.06,23.28,22.81
23.08,23.11,23.41,22.80
23.27,23.05,23.46,23.02
23.00,23.11,23.15,22.64
23.07,23.56,23.60,23.00
23.73,23.92,23.95,23.73
23.92,24.79,24.85,23.75
24.73,24.44,24.88,24.04
24.02,23.52,24.38,23.34
23.62,23.10,23.62,22.90
23.27,22.73,23.33,22.55
22.79,22.36,22.79,22.21
22.40,22.78,22.95,22.39
22.86,23.25,23.34,22.42
23.23,23.68,23.74,22.84
23.89,23.87,23.99,23.45
23.39,23.36,23.70,23.00
23.21,22.82,23.65,22.80
22.80,23.08,23.21,22.64
23.00,23.33,23.44,22.76
23.13,23.63,23.73,23.13
23.44,23.42,23.69,23.05
23.41,24.41,24.94,23.41
24.45,24.13,24.47,23.95
24.36,24.69,24.70,24.31
24.45,23.92,24.84,23.57
23.97,23.38,23.97,23.31
23.57,23.34,23.61,23.18
22.93,23.01,23.16,22.67
22.90,22.80,23.12,22.80
23.14,22.95,23.17,22.80
22.83,22.78,23.00,22.63
22.97,22.43,23.02,22.42
22.48,22.21,22.90,22.10
22.11,22.45,22.83,22.10
22.20,22.23,22.68,22.10
22.61,22.63,22.85,22.28
22.83,22.45,22.88,22.45
22.93,21.78,23.41,21.71
21.90,22.53,22.59,21.90
22.48,22.47,22.71,22.44
22.63,22.80,23.14,22.11
23.06,22.81,23.06,22.48
22.49,22.20,22.87,22.16
22.29,22.17,22.65,22.00
22.31,22.28,22.34,21.94
22.08,21.91,22.16,21.75
21.80,22.37,22.46,21.80
22.32,22.02,22.32,21.83
22.00,22.05,22.14,21.90
22.16,22.23,22.36,22.01
22.64,22.71,23.20,22.49
23.07,22.90,23.17,22.80
22.95,22.88,23.20,22.86
23.14,23.03,23.42,22.75
23.15,23.11,23.38,23.00
23.14,23.16,23.33,23.03
23.25,22.97,23.26,22.91
23.09,23.35,23.51,23.00
23.44,23.34,23.52,23.28
23.62,23.73,23.93,23.50
23.88,23.79,24.04,23.66
23.90,23.87,24.07,23.77
23.88,23.76,23.94,23.71
23.80,24.02,24.07,23.79
24.10,24.37,24.68,23.91
24.54,24.22,24.71,24.11
24.20,23.85,24.25,23.78
23.94,23.63,23.94,23.54
23.65,23.84,23.98,23.55
23.87,23.24,23.87,23.20
23.17,23.14,23.30,22.91
23.10,23.09,23.45,23.03
23.17,22.98,23.17,22.92
23.10,23.29,23.48,22.88
23.16,23.00,23.25,23.00
23.07,23.08,23.33,22.90
23.06,23.36,23.50,23.06
23.39,23.12,23.39,23.00
23.04,22.95,23.28,22.93
22.87,22.86,23.18,22.83
23.01,22.93,23.09,22.88
22.94,22.65,23.09,22.56
22.79,22.68,22.82,22.60
22.51,22.54,22.73,22.50
22.55,22.48,22.64,22.47
22.53,22.51,22.66,22.49
22.60,22.76,22.92,22.60
23.03,22.90,23.12,22.65
23.02,22.87,23.37,22.86
22.76,22.48,22.96,22.48
22.50,23.30,23.41,22.45
23.35,22.68,23.35,22.52
22.51,22.63,23.12,22.51
22.71,23.50,23.88,22.70
23.63,23.92,24.07,23.41
24.25,24.14,24.42,23.50
24.00,24.33,24.54,24.00
24.66,23.98,24.75,23.85
24.00,24.02,24.10,23.76
24.20,24.20,24.25,23.96
24.17,23.69,24.46,23.56
24.38,23.98,24.38,23.78
24.12,23.98,24.18,23.72
23.74,23.88,23.98,23.74
23.99,24.35,24.36,23.99
24.35,24.36,24.58,24.27
24.36,24.93,24.94,24.01
25.65,25.14,26.62,25.07
25.36,24.82,25.44,24.75
24.70,24.94,25.00,24.70
25.31,25.00,25.31,24.95
25.00,25.00,25.00,24.86
25.00,24.63,25.00,24.60
24.80,24.93,24.94,24.66
24.94,24.84,25.00,24.65
24.59,25.00,25.03,24.51
24.87,25.28,25.51,24.68
25.39,24.87,25.39,24.85
24.85,24.47,24.85,24.25
24.46,24.17,24.59,24.16
24.05,24.00,24.45,23.63
23.86,23.96,24.00,23.56
24.23,23.93,24.23,23.74
23.99,24.26,24.31,23.99
24.01,24.24,24.40,24.01
24.22,24.45,24.55,24.22
24.39,23.71,25.45,23.70
23.84,23.58,23.84,23.50
23.60,23.88,24.00,23.59
23.73,24.30,24.60,23.50
24.22,24.18,24.47,24.00
24.15,24.91,25.17,24.15
24.91,24.48,25.42,24.34
24.25,25.33,25.44,24.10
25.11,24.44,25.30,24.43
24.29,24.41,24.86,24.29
24.22,24.14,24.49,23.95
24.34,24.01,24.73,24.00
24.00,24.19,24.83,24.00
24.16,25.24,25.34,24.10
25.39,25.66,25.91,25.15
25.28,25.27,25.73,25.27
25.34,25.28,25.36,25.18
25.60,25.74,25.80,25.57
25.78,25.77,25.84,25.52
25.81,26.39,26.73,25.70
26.20,26.15,27.02,26.07
26.00,25.86,26.25,25.64
25.48,25.15,26.04,25.04
25.30,24.91,25.38,24.35
24.82,24.21,24.82,24.11
24.39,23.99,24.66,23.56
24.01,24.20,24.27,23.75
24.42,24.87,24.94,24.17
24.78,23.87,24.83,23.80
23.83,23.46,23.83,23.30
23.74,23.44,24.18,23.21
23.20,23.55,23.70,23.13
23.51,23.27,23.51,23.16
23.21,23.53,24.25,23.11
23.67,23.53,23.96,23.50
23.57,23.31,23.83,23.24
23.59,23.54,23.95,23.16
23.62,23.40,23.64,23.38
23.50,23.50,23.52,23.19
23.38,23.25,23.50,23.17
24.14,22.55,24.14,22.50
22.78,22.92,23.42,22.50
22.68,22.03,23.09,22.00
22.24,22.40,22.60,21.67
22.45,22.64,23.03,22.45
22.67,22.39,23.05,22.23
22.44,22.63,22.96,22.27
22.56,22.76,23.05,22.56
22.75,22.54,23.05,22.46
22.82,22.50,22.88,22.21
22.41,22.48,22.75,22.32
22.73,23.00,23.05,22.63
23.09,22.98,23.09,22.77
22.90,22.99,23.40,22.84
23.06,22.86,23.07,22.73
22.74,22.83,23.06,22.70
22.91,22.75,23.00,22.31
22.61,22.70,22.71,22.31
22.85,22.89,23.06,22.67
22.70,22.69,22.85,22.40
22.57,22.81,23.19,22.57
22.87,22.52,22.89,22.51
22.50,22.86,22.92,22.49
22.84,22.69,23.08,22.64
22.73,22.97,23.05,22.70
23.06,22.93,23.13,22.86
22.90,22.87,23.18,22.76
22.93,23.04,23.28,22.93
22.68,22.77,22.93,22.49
22.91,22.98,23.04,22.76
23.14,23.98,23.98,23.04
23.98,23.44,23.98,23.25
23.50,23.60,23.74,23.33
23.52,23.20,23.54,23.04
23.19,23.40,23.60,23.19
23.23,23.06,23.47,22.92
23.17,23.28,23.33,23.06
23.22,23.21,23.29,23.08
23.14,23.11,23.20,23.08
23.10,22.68,23.12,22.62
22.79,22.99,23.17,22.75
23.00,22.83,23.00,22.67
22.84,22.90,23.13,22.75
22.75,22.93,23.00,22.75
22.86,23.28,23.34,22.76
23.38,23.44,23.82,23.05
23.48,23.25,23.55,23.02
23.29,23.11,23.34,23.01
23.11,22.95,23.21,22.80
22.80,22.78,22.99,22.50
22.83,22.82,22.90,22.63
22.98,23.13,23.20,22.97
22.99,22.91,23.12,22.89
23.07,23.10,23.15,22.94
23.07,23.18,23.20,22.98
23.00,23.01,23.25,22.88
23.23,23.67,23.80,23.20
23.82,23.53,23.82,23.42
23.73,24.02,24.03,23.25
23.82,24.17,24.25,23.77
24.30,23.73,24.32,23.54
23.85,24.01,24.22,23.61
24.04,24.29,24.48,24.02
24.25,24.17,24.57,24.10
24.15,23.55,24.17,23.43
23.73,23.33,23.99,23.28
23.31,23.38,23.60,23.14
23.34,23.13,23.71,22.90
23.11,23.25,23.36,22.91
23.33,23.28,23.47,22.99
23.61,23.14,23.61,23.02
23.19,23.34,23.56,23.13
23.55,23.36,23.58,22.79
23.35,23.26,23.35,23.10
23.31,23.35,23.60,23.29
23.40,23.26,23.71,23.12
23.54,23.81,23.99,23.45
23.92,23.84,24.00,23.72
24.00,23.81,24.00,23.51
23.88,23.58,23.88,23.54
23.62,23.41,23.62,23.17
23.36,23.24,23.36,22.90
23.36,23.63,23.68,23.14
23.54,23.37,23.54,23.19
23.37,23.07,23.40,23.02
23.34,23.00,23.39,22.79
22.97,23.19,23.39,22.97
23.26,23.80,23.96,23.06
23.64,23.60,23.75,23.21
23.48,24.20,24.26,23.31
24.04,23.96,24.32,23.95
23.73,23.69,23.82,23.57
23.70,24.42,24.52,23.34
24.55,24.48,24.64,24.17
24.39,24.29,24.42,24.18
24.24,24.30,24.40,23.90
24.12,24.48,24.49,23.95
24.48,24.23,25.02,24.15
24.36,24.48,24.61,24.12
24.40,24.90,25.00,24.26
24.95,24.87,25.23,24.73
25.01,25.20,25.24,24.60
25.07,24.91,25.26,24.87
24.97,25.20,25.26,24.80
25.32,25.50,25.50,25.00
25.30,24.54,25.50,24.51
24.77,24.84,24.94,24.33
24.86,24.82,25.21,24.64
24.91,24.47,24.91,24.43
24.32,24.46,24.83,23.99
24.50,24.35,24.81,24.01
24.24,24.04,24.73,23.99
24.39,24.17,24.39,24.01
24.41,24.62,24.96,24.09
24.84,24.70,24.94,24.50
24.57,24.68,24.82,24.50
24.74,24.67,24.88,24.59
24.76,24.76,25.04,24.63
24.80,24.59,24.80,24.44
24.59,24.49,24.69,24.40
24.41,24.47,25.08,24.41
24.47,24.88,24.97,24.45
25.04,24.27,25.05,23.94
24.21,24.95,25.01,24.10
24.95,24.86,25.13,24.47
24.90,24.74,25.09,24.29
24.84,24.83,24.96,24.16
24.65,24.72,24.94,24.50
24.84,24.54,24.96,24.42
24.51,24.42,24.71,24.13
24.42,24.18,24.56,24.15
24.41,24.28,24.57,24.16
24.26,24.20,24.55,24.10
24.10,23.95,24.33,23.80
24.22,23.97,24.35,23.94
23.83,23.81,23.96,23.54
23.80,24.37,24.43,23.66
24.33,24.09,24.62,24.04
24.22,24.39,24.43,23.98
24.35,24.81,24.84,24.14
24.94,24.76,24.94,24.45
24.78,24.75,25.08,24.52
24.63,24.74,24.84,24.25
24.36,24.77,25.00,24.36
24.50,24.23,24.90,24.00
25.00,24.40,25.00,24.31
24.90,24.74,24.90,24.26
24.84,24.50,24.84,24.35
24.30,24.52,24.80,24.30
24.50,24.77,25.09,24.49
24.31,24.61,24.75,24.31
24.86,24.73,24.90,24.56
24.67,24.33,24.76,24.30
24.10,24.05,24.29,23.98
24.17,24.52,24.80,24.17
24.63,24.55,24.65,24.27
24.51,24.52,24.69,24.37
24.39,24.49,24.65,24.31
24.50,24.40,24.56,24.27
24.46,24.73,24.76,24.46
24.88,24.58,25.04,24.56
24.56,24.50,24.79,24.49
24.20,24.48,24.76,24.20
24.56,24.63,24.88,24.32
24.44,24.37,24.55,24.19
24.33,24.56,24.72,24.33
24.52,24.73,24.98,24.52
24.96,24.75,24.96,24.66
24.63,24.64,24.99,24.45
24.67,24.78,24.88,24.48
24.91,24.78,25.03,24.55
24.84,24.61,24.84,24.50
24.48,24.48,24.54,24.05
24.60,24.85,24.94,24.35
25.17,24.52,25.17,24.45
24.66,25.01,25.01,24.61
24.76,25.18,25.20,24.65
25.30,25.07,25.30,24.98
25.10,25.23,25.24,25.03
25.07,25.26,25.32,25.07
25.15,24.91,25.30,24.84
24.97,25.39,25.46,24.72
25.50,25.40,25.57,25.10
25.37,25.13,25.55,25.10
25.19,25.36,25.45,25.09
25.46,25.03,25.50,25.02
25.21,25.46,25.64,25.21
25.52,26.05,26.10,25.51
25.79,25.83,26.02,25.63
25.75,25.45,25.86,25.36
25.69,26.46,26.53,25.49
26.47,26.57,27.73,26.47
26.54,26.12,26.74,24.85
26.00,26.68,26.79,26.00
26.70,26.50,26.75,25.98
26.38,26.53,26.66,26.38
26.53,26.69,27.04,26.50
26.89,26.95,27.27,26.87
26.94,26.93,27.12,26.55
26.85,27.27,27.49,26.85
27.20,27.19,27.67,27.18
27.00,26.92,27.59,26.84
26.73,26.62,27.03,26.59
26.91,26.88,27.10,26.56
27.00,26.78,27.00,26.75
26.95,26.90,26.96,26.62
26.90,26.85,26.96,26.81
26.90,26.86,26.98,26.84
26.85,27.04,27.08,26.85
27.00,27.47,27.49,26.75
27.29,27.35,27.45,27.19
27.33,27.54,27.57,27.31
27.54,27.27,27.54,27.15
27.40,27.18,27.50,27.17
27.27,27.03,27.48,27.00
27.00,26.96,27.38,26.86
27.01,27.32,27.40,26.92
27.34,26.88,27.39,26.69
26.50,26.69,26.80,26.38
26.54,26.82,26.90,26.48
26.90,27.21,27.28,26.90
26.78,27.12,27.25,26.78
27.18,27.08,27.65,26.91
27.29,28.02,28.43,27.01
28.45,27.89,28.45,27.68
27.99,28.02,28.18,27.76
27.94,27.59,28.04,27.22
27.70,27.59,27.99,27.21
27.66,27.92,28.14,27.34
28.01,27.84,28.01,27.63
28.01,28.39,28.63,28.01
28.42,28.43,28.71,27.85
28.54,28.68,29.04,28.42
28.70,28.61,28.82,28.37
28.60,28.00,28.70,27.95
27.62,26.95,28.00,26.65
26.98,26.72,27.40,26.57
26.45,26.84,27.05,26.45
26.51,26.76,26.95,26.51
26.91,26.90,28.46,26.79
27.12,27.24,27.49,26.97
27.62,27.13,27.62,26.91
27.10,26.80,27.24,26.60
27.07,27.13,27.44,26.92
26.58,27.02,27.07,26.50
27.20,27.14,27.39,26.84
26.95,26.85,27.10,26.50
26.78,26.77,27.11,26.60
27.00,26.54,27.00,26.35
26.51,25.93,26.58,25.69
26.05,26.46,26.87,25.91
25.91,26.04,26.26,25.38
26.12,26.66,26.72,26.12
26.64,27.45,27.56,26.59
27.30,27.12,27.48,26.90
26.91,26.55,26.91,26.32
26.73,26.71,26.89,26.00
26.56,27.01,27.41,26.36
27.01,26.75,27.30,26.67
26.64,27.21,27.41,26.41
26.92,26.95,27.21,26.76
27.17,26.62,27.41,26.59
26.27,26.18,26.60,26.00
26.33,26.72,27.05,26.25
26.79,27.32,27.50,26.47
27.32,26.86,27.89,26.81
26.91,26.72,27.09,26.32
26.70,27.14,27.33,26.70
27.50,27.33,27.52,27.22
27.41,27.30,27.70,27.15
27.27,26.73,27.30,26.42
26.94,26.73,26.94,26.66
26.52,26.34,26.52,25.92
26.37,26.52,26.67,26.08
26.61,27.04,27.37,26.25
27.25,27.47,27.50,27.00
27.64,27.68,27.71,27.25
27.86,27.60,27.86,27.39
27.56,27.63,27.73,27.48
27.80,27.29,27.80,27.23
27.48,27.58,27.78,27.34
27.60,27.28,28.62,27.12
27.25,27.91,27.92,27.02
27.92,27.50,27.92,27.36
27.51,27.68,28.11,27.51
27.60,27.74,27.95,27.35
27.64,28.64,28.84,27.45
28.89,28.51,29.35,28.44
28.65,28.79,28.99,28.65
28.60,28.49,28.80,28.46
28.52,28.18,28.75,28.18
28.18,28.43,28.43,27.81
28.61,28.64,28.85,28.40
28.64,29.30,29.42,28.46
29.53,29.19,29.53,29.12
29.27,29.07,29.27,28.82
28.85,29.10,29.26,28.83
29.22,28.94,29.22,28.73
28.89,28.40,29.03,28.35
28.34,28.30,28.48,28.15
28.22,28.04,28.75,28.00
28.27,28.30,28.58,27.86
28.46,28.27,29.22,28.25
28.31,28.50,28.77,28.31
28.70,28.90,29.29,28.66
28.89,28.30,29.49,28.25
28.21,28.28,28.75,28.15
28.56,28.30,28.68,28.27
28.31,28.29,28.55,28.27
28.20,28.29,28.38,28.11
28.12,27.88,28.21,27.78
27.40,28.00,28.29,27.40
27.88,28.05,28.14,27.54
28.17,28.33,28.60,27.98
29.15,28.88,29.15,28.33
28.65,28.40,29.02,28.35
28.27,28.00,28.50,27.83
28.12,27.98,28.39,27.71
27.72,27.45,29.07,27.12
27.11,27.27,27.67,27.10
27.25,27.14,27.61,27.02
27.15,27.23,27.32,26.87
27.23,27.44,27.76,27.08
27.60,27.46,27.95,26.86
27.64,27.73,27.87,27.58
27.65,27.46,27.74,27.25
27.41,27.39,27.69,27.31
27.35,27.50,27.64,27.35
27.32,26.54,27.54,26.50
26.51,27.73,27.77,26.51
27.73,27.53,27.79,27.11
27.55,27.85,28.23,27.55
27.74,27.74,28.11,27.64
27.98,28.23,28.73,27.98
28.32,28.00,28.66,27.77
28.45,27.91,28.46,27.55
27.95,28.09,28.15,27.72
27.59,27.96,28.14,27.59
27.79,28.56,28.66,27.71
28.54,28.30,28.79,27.70
28.45,28.38,28.46,27.77
28.33,28.13,28.39,28.02
28.18,27.66,28.18,27.66
27.74,28.07,28.16,27.65
27.89,27.77,27.89,27.02
27.59,27.53,27.74,27.20
27.37,26.89,27.96,26.84
26.76,26.54,27.02,26.39
26.50,26.36,26.75,26.31
26.30,26.58,26.62,26.03
26.66,25.92,26.69,25.92
26.21,26.32,26.64,26.21
26.19,26.15,26.41,26.00
26.09,25.91,26.20,25.87
26.24,26.72,26.72,26.24
25.81,25.79,26.22,25.36
25.52,24.77,25.52,24.56
24.99,25.09,25.19,24.72
25.67,25.40,25.78,25.27
25.50,26.07,26.08,25.37
25.99,25.62,26.65,25.48
25.74,25.28,25.74,25.24
25.16,25.50,25.53,25.16
25.51,25.45,25.75,25.31
25.66,26.24,26.30,25.36
25.84,26.44,26.80,25.84
26.59,26.92,27.42,26.59
27.15,27.20,27.39,26.77
27.43,27.00,27.63,26.90
27.18,27.01,27.46,26.94
27.19,26.99,27.28,26.79
27.02,26.99,27.12,26.90
27.00,26.97,27.19,26.72
26.90,26.83,27.15,26.79
26.89,27.02,27.20,26.87
26.88,26.92,27.07,26.81
26.75,27.00,27.08,26.75
27.11,27.01,27.28,26.54
26.86,26.95,27.05,26.66
27.00,26.90,27.16,26.77
26.65,26.63,26.72,26.45
26.69,26.30,26.69,26.30
26.38,26.38,26.40,26.21
26.54,26.97,27.32,26.50
27.11,27.00,27.33,26.76
26.95,26.97,27.00,26.81
26.99,27.00,27.13,26.92
26.97,26.47,26.97,26.40
26.50,26.66,26.75,26.31
26.64,26.47,26.89,26.26
26.61,26.55,26.72,26.35
26.37,26.45,26.57,26.28
26.34,26.59,26.72,26.32
26.50,26.47,26.58,26.27
26.42,26.57,26.75,26.32
26.58,26.58,26.67,26.30
26.57,26.66,26.90,26.57
27.04,26.51,27.04,26.46
26.46,26.46,26.58,26.39
26.50,26.32,26.70,26.25
26.36,26.44,26.62,26.36
26.41,26.68,26.81,26.35
26.71,26.88,26.99,26.57
26.68,26.98,27.00,26.68
27.08,27.13,27.24,26.96
27.20,26.99,27.20,26.81
26.90,26.99,27.11,26.90
26.80,26.98,26.98,26.75
26.80,26.95,27.04,26.80
26.59,27.00,27.01,26.52
26.81,26.97,27.05,26.71
26.92,26.64,26.93,26.53
26.67,26.89,26.94,26.55
26.93,26.92,26.95,26.76
26.92,26.86,27.04,26.86
26.97,26.82,27.03,26.80
26.87,26.65,26.96,26.53
26.72,26.91,26.93,26.62
26.77,27.02,27.10,26.77
26.81,26.74,27.04,26.66
26.79,27.18,27.20,26.68
27.20,27.32,27.37,26.94
27.40,27.02,27.49,27.00
27.07,27.11,27.21,27.03
27.00,26.97,27.03,26.89
26.98,26.97,27.16,26.86
26.98,26.99,27.20,26.94
26.88,26.52,26.88,26.44
26.53,26.86,26.90,26.37
26.91,26.98,27.00,26.85
26.95,26.66,27.00,26.61
26.75,26.99,27.06,26.73
26.93,26.48,26.93,26.44
26.60,26.58,26.72,26.55
26.48,26.42,26.56,26.29
26.56,26.39,26.56,26.25
26.51,26.51,26.58,26.36
26.51,26.28,26.51,26.25
26.30,26.30,26.35,26.15
26.25,26.26,26.72,26.10
26.37,26.19,26.57,25.98
25.98,26.88,27.13,25.98
26.91,26.99,27.25,26.59
26.81,27.01,27.21,26.81
27.00,26.85,27.19,26.85
26.90,26.95,27.00,26.60
26.87,26.65,26.87,26.50
26.80,26.50,26.88,26.20
26.40,26.70,26.80,26.40
26.80,26.95,27.40,26.75
26.70,27.10,27.25,26.70
27.20,28.80,29.00,26.75
28.95,28.85,29.60,27.90
28.55,29.40,29.75,28.55
29.80,31.00,31.55,29.60
30.75,30.75,31.10,30.30
30.75,30.25,31.00,30.20
30.50,30.80,31.00,30.25
30.90,30.75,31.00,30.60
30.75,30.65,30.90,30.45
30.75,30.80,30.80,30.50
30.65,30.50,30.80,30.45
30.45,30.73,30.75,30.45
30.50,30.40,30.65,30.30
30.45,30.48,30.65,30.30
30.65,30.65,30.80,30.50
30.65,30.75,30.80,30.65
30.70,30.65,30.75,30.50
30.65,32.15,32.40,30.65
32.20,32.30,32.40,31.75
32.20,32.85,33.20,32.20
32.30,33.35,33.95,32.15
33.55,33.45,33.71,33.28
33.45,33.85,34.00,33.30
33.85,33.25,33.85,33.00
33.05,33.25,33.35,32.55
33.25,33.10,33.50,33.03
33.25,33.25,33.30,33.00
33.25,33.10,33.35,32.78
33.15,34.30,34.55,33.10
34.30,33.95,34.30,33.90
33.95,33.90,34.05,33.70
33.85,33.95,34.00,32.85
33.95,33.90,34.15,33.85
33.90,34.15,34.30,33.90
34.05,34.25,34.45,33.90
33.98,34.20,34.40,33.98
34.55,33.85,34.55,33.78
33.65,33.70,33.85,33.65
33.70,32.95,33.70,32.35
32.85,32.95,33.05,32.75
32.50,32.70,32.70,32.05
32.55,32.75,32.80,32.55
32.75,32.80,33.00,32.65
32.80,32.80,32.90,32.55
32.95,33.20,33.35,32.85
