FNF,FNF Group of Fidelity National Financial,NASDAQ
13.59,13.61,13.83,13.48
13.14,13.08,13.34,12.95
13.04,13.36,13.40,13.04
13.25,13.14,13.47,12.99
13.05,13.13,13.24,13.03
13.24,13.24,13.33,13.10
13.18,13.25,13.29,13.05
13.30,13.56,13.60,13.25
13.50,13.50,13.55,13.33
13.52,13.40,13.52,13.25
13.44,13.48,13.51,13.35
13.34,13.39,13.44,13.25
13.37,13.31,13.51,13.28
13.30,12.96,13.38,12.91
13.09,13.05,13.23,12.99
12.97,13.09,13.26,12.96
13.02,13.26,13.26,12.99
13.25,12.98,13.25,12.98
13.05,12.90,13.19,12.90
12.96,12.80,13.03,12.74
12.79,13.02,13.14,12.74
12.99,13.39,13.46,12.88
13.22,13.13,13.39,13.05
13.15,13.44,13.45,13.12
13.45,13.30,13.48,13.28
13.48,13.42,13.48,13.24
13.42,13.59,13.60,13.33
13.55,13.70,13.73,13.37
13.65,13.80,13.88,13.54
13.87,14.00,14.02,13.76
14.03,14.10,14.13,14.00
14.14,14.29,14.31,14.07
14.31,14.47,14.50,14.21
14.54,14.46,14.54,14.31
14.42,14.26,14.48,14.26
14.23,14.36,14.39,14.19
14.15,14.32,14.39,14.12
14.40,14.25,14.43,14.22
14.26,14.19,14.33,14.17
14.15,14.35,14.37,14.15
14.36,14.48,14.54,14.29
14.54,14.40,14.56,14.35
14.45,14.48,14.49,14.36
14.44,14.41,14.55,14.36
14.39,14.25,14.44,14.18
14.21,14.20,14.33,14.08
14.14,14.06,14.21,14.04
14.08,13.85,14.10,13.79
13.76,13.85,13.86,13.65
13.86,14.24,14.28,13.80
14.27,14.75,14.78,14.24
14.69,14.93,15.03,14.69
14.72,14.72,15.04,14.61
14.67,14.94,14.94,14.57
14.95,15.05,15.05,14.75
15.01,14.82,15.03,14.76
14.95,14.75,15.02,14.74
14.82,14.81,14.99,14.76
14.89,14.78,14.95,14.74
14.78,14.69,14.86,14.65
14.68,14.82,14.92,14.60
14.89,14.76,14.97,14.69
14.72,14.96,15.07,14.72
14.90,14.89,15.00,14.86
14.89,14.61,14.91,14.59
14.53,14.52,14.58,14.29
14.51,14.63,14.67,14.37
14.66,14.74,14.75,14.51
14.70,14.67,14.76,14.54
14.75,14.81,14.85,14.69
14.81,14.89,14.97,14.76
14.89,14.75,14.93,14.70
14.72,15.04,15.08,14.65
15.30,15.45,15.48,15.15
15.49,15.50,15.64,15.39
15.46,15.19,15.54,15.12
15.24,15.44,15.44,15.00
15.53,15.63,15.84,15.39
15.55,15.09,15.70,15.05
15.28,15.56,15.63,15.13
15.63,15.53,15.68,15.25
15.56,15.18,15.58,15.14
15.31,15.35,15.40,15.19
15.17,15.11,15.29,15.01
15.11,14.92,15.32,14.88
14.90,14.48,15.68,14.07
14.49,14.23,14.68,14.18
14.73,14.81,14.82,14.55
14.67,14.92,15.07,14.56
14.98,15.14,15.14,14.87
15.09,15.05,15.42,15.00
14.97,14.68,15.13,14.61
14.70,14.84,14.87,14.52
15.01,14.68,15.16,14.63
14.68,14.63,14.85,14.41
14.33,14.06,14.51,14.05
13.87,14.20,14.27,13.76
14.18,14.09,14.43,14.08
13.84,14.19,14.23,13.69
14.24,14.08,14.35,13.99
14.28,14.51,14.54,14.09
14.50,14.42,14.56,14.31
14.31,13.99,14.43,13.96
14.08,14.15,14.18,13.84
14.22,14.10,14.23,14.04
13.79,13.65,13.97,13.64
13.75,13.53,13.86,13.52
13.53,13.61,13.65,13.40
13.71,13.46,13.81,13.42
13.67,13.57,13.71,13.38
13.43,13.66,13.66,13.42
13.72,13.71,13.88,13.51
13.86,13.94,13.97,13.70
13.83,13.73,13.88,13.65
13.70,13.83,13.84,13.55
13.84,13.68,13.84,13.54
13.81,13.57,13.88,13.53
13.58,13.62,13.86,13.58
13.62,13.48,13.66,13.41
13.41,13.18,13.47,13.16
13.21,13.46,13.46,13.11
13.44,13.45,13.55,13.38
13.30,12.91,13.31,12.85
12.86,12.99,13.26,12.85
12.96,12.82,13.02,12.60
12.87,12.82,12.99,12.75
12.98,12.82,13.14,12.72
12.85,13.29,13.31,12.85
13.39,13.41,13.53,13.24
13.39,13.65,13.65,13.35
13.61,13.57,13.63,13.43
13.73,14.01,14.05,13.71
13.97,13.90,14.02,13.80
13.93,13.85,13.96,13.71
13.78,13.27,13.82,13.26
13.33,13.26,13.37,13.10
13.14,13.79,13.81,13.06
13.89,13.54,13.95,13.54
14.20,14.72,14.73,14.20
14.72,14.82,14.85,14.65
14.80,14.95,15.05,14.78
15.00,14.97,15.04,14.89
14.97,14.79,14.97,14.73
14.85,14.83,14.94,14.52
14.69,14.77,14.87,14.52
14.94,15.17,15.18,14.89
15.16,14.81,15.29,14.80
14.91,14.78,14.93,14.66
14.68,14.70,14.83,14.66
14.58,14.72,14.82,14.50
14.83,14.80,14.87,14.73
14.70,14.68,14.82,14.57
14.46,14.13,14.50,14.13
14.00,14.10,14.16,13.98
14.08,14.08,14.27,14.06
13.99,14.61,14.64,13.99
14.77,14.69,14.80,14.63
14.70,14.83,14.97,14.56
14.78,14.67,14.80,14.64
14.60,14.76,14.86,14.56
14.87,14.68,14.88,14.66
14.55,14.46,14.64,14.38
14.40,14.59,14.68,14.38
14.67,14.49,14.75,14.43
14.65,14.70,14.73,14.40
14.62,14.43,14.68,14.42
14.39,14.50,14.59,14.36
14.66,14.70,14.78,14.41
14.69,14.68,14.85,14.53
14.80,14.91,14.91,14.71
14.89,14.60,14.89,14.59
14.67,14.67,14.77,14.58
14.85,14.71,14.85,14.62
14.76,14.83,14.89,14.64
14.99,15.16,15.19,14.92
14.95,15.17,15.27,14.80
15.10,15.14,15.22,15.01
15.09,15.13,15.20,15.02
15.24,15.22,15.28,15.11
15.23,15.33,15.35,15.09
15.35,15.14,15.37,15.12
15.10,15.07,15.26,15.06
14.96,15.10,15.31,14.94
15.24,15.64,15.65,15.22
15.65,15.30,15.65,15.27
15.41,15.77,15.87,15.35
15.73,15.68,15.83,15.51
15.78,15.71,16.07,15.70
15.89,15.04,15.92,14.57
14.96,14.80,15.04,14.65
14.93,14.77,14.93,14.55
14.74,14.57,14.76,14.54
14.66,14.35,14.75,14.32
14.37,14.33,14.40,13.94
14.35,14.12,14.40,14.02
14.12,14.72,14.83,14.12
14.80,14.82,14.94,14.70
14.77,14.67,15.04,14.64
14.76,14.55,14.77,14.52
14.52,14.61,14.61,14.35
14.48,14.49,14.80,14.41
14.55,14.74,14.83,14.52
13.88,12.98,14.05,12.91
12.98,12.78,13.03,12.74
12.87,13.12,13.25,12.85
13.06,13.46,13.50,13.05
13.36,13.04,13.39,13.02
13.04,13.20,13.23,13.02
13.19,13.39,13.40,13.05
13.41,13.34,13.41,13.04
13.40,13.69,13.70,13.28
13.69,13.46,13.69,13.30
13.59,13.79,13.80,13.55
13.78,14.10,14.14,13.70
14.13,13.80,14.13,13.69
13.81,13.63,13.88,13.62
13.59,14.07,14.10,13.59
13.91,13.88,14.00,13.81
13.75,13.76,13.92,13.72
13.79,13.74,13.85,13.67
13.63,13.52,13.70,13.45
13.58,13.87,13.92,13.53
13.99,13.87,14.00,13.81
13.89,13.84,13.89,13.65
13.77,13.76,13.84,13.66
13.63,13.79,13.90,13.59
13.89,13.84,13.98,13.72
13.79,13.67,13.79,13.67
13.63,13.63,13.66,13.38
13.50,13.50,13.68,13.48
13.67,13.68,13.77,13.59
13.73,13.78,14.10,13.66
13.71,13.88,13.94,13.70
13.88,13.84,13.90,13.78
13.75,13.72,13.81,13.66
13.74,13.74,13.85,13.65
13.83,13.86,13.88,13.68
13.87,13.95,13.96,13.83
13.98,13.98,14.00,13.81
13.95,13.95,14.02,13.92
13.95,13.78,13.98,13.77
13.82,13.82,13.94,13.76
13.85,13.87,14.06,13.79
13.90,13.79,13.95,13.75
13.82,13.83,13.95,13.80
13.89,13.85,13.91,13.75
13.85,13.81,13.90,13.80
13.82,13.70,13.82,13.60
13.77,13.63,13.77,13.58
13.68,13.80,13.85,13.59
13.78,13.77,13.85,13.75
13.75,13.68,13.83,13.67
13.77,13.70,13.81,13.63
13.70,13.63,13.74,13.52
13.60,13.61,13.66,13.57
13.66,13.59,13.67,13.55
13.66,13.12,13.69,13.08
13.10,13.14,13.22,13.07
13.21,13.21,13.22,13.11
13.27,13.22,13.34,13.14
13.22,13.37,13.46,13.19
13.40,13.62,13.65,13.36
13.62,13.62,13.68,13.45
13.56,13.40,13.67,13.37
13.35,13.74,13.75,13.33
13.73,13.85,13.91,13.64
13.80,13.83,13.91,13.72
13.81,13.92,13.95,13.72
13.91,14.03,14.07,13.87
13.97,14.15,14.20,13.92
14.57,13.94,14.86,13.87
13.96,13.45,14.02,13.45
13.50,13.59,13.64,13.50
13.60,13.68,13.83,13.55
13.72,13.86,13.90,13.65
13.90,14.00,14.04,13.82
14.04,13.98,14.09,13.88
14.00,14.11,14.11,13.95
14.11,13.88,14.11,13.85
13.88,13.97,14.02,13.84
13.91,14.04,14.04,13.84
14.01,13.82,14.05,13.79
13.80,14.05,14.08,13.78
14.05,14.02,14.09,13.98
13.99,14.19,14.20,13.98
14.20,14.26,14.34,14.20
14.12,14.01,14.25,13.98
13.97,13.67,14.18,13.67
13.65,13.64,13.71,13.45
13.65,13.86,13.86,13.65
13.88,13.85,14.14,13.85
13.93,13.70,13.94,13.66
13.65,13.74,13.84,13.65
13.82,14.06,14.12,13.82
14.08,14.08,14.16,13.98
14.19,14.06,14.27,13.94
14.11,14.06,14.16,14.01
14.08,14.14,14.16,14.01
14.05,13.89,14.05,13.82
13.79,13.93,14.02,13.71
13.90,13.84,14.00,13.82
13.57,13.74,13.84,13.51
13.73,13.75,13.92,13.67
13.91,13.71,13.94,13.58
13.87,13.75,13.87,13.45
13.84,14.08,14.13,13.70
14.06,13.92,14.20,13.92
13.88,13.81,13.91,13.64
13.85,13.83,13.88,13.71
13.82,13.79,13.92,13.76
13.80,13.76,13.85,13.69
13.73,13.89,13.92,13.73
13.91,14.16,14.20,13.91
14.14,14.13,14.18,14.02
14.22,14.43,14.43,14.14
14.43,14.60,14.63,14.41
14.57,14.79,14.90,14.56
14.81,14.72,14.87,14.65
14.70,14.59,14.75,14.56
14.60,14.73,14.80,14.43
14.70,14.85,14.86,14.65
14.74,14.76,14.86,14.67
14.82,14.77,14.89,14.74
14.75,14.75,14.81,14.73
14.80,14.94,15.00,14.79
14.80,14.76,14.83,14.64
14.81,14.79,14.86,14.74
14.93,14.85,15.00,14.80
14.88,14.95,14.96,14.80
14.65,14.86,14.95,14.65
14.93,15.03,15.03,14.88
15.06,15.18,15.18,14.98
15.18,14.90,15.20,14.86
15.18,15.44,15.63,15.11
15.51,15.35,15.59,15.35
15.29,15.32,15.44,15.15
15.32,15.30,15.38,15.21
15.25,15.28,15.42,15.21
15.40,15.36,15.47,15.25
15.35,15.41,15.49,15.29
15.46,15.58,15.63,15.45
15.55,15.65,15.78,15.52
15.56,15.81,15.82,15.50
15.79,15.78,15.82,15.70
15.69,15.68,15.84,15.63
15.58,15.66,15.79,15.52
15.65,15.94,15.95,15.65
15.95,15.68,15.98,15.67
15.65,15.54,15.83,15.49
15.36,15.54,15.64,15.36
15.58,15.56,15.65,15.51
15.52,15.57,15.61,15.44
15.53,15.69,15.72,15.50
15.74,15.81,15.83,15.65
15.91,15.98,16.00,15.78
15.96,15.84,16.15,15.81
15.85,15.69,15.87,15.58
15.58,15.63,15.83,15.54
15.59,15.55,15.70,15.43
15.57,15.48,15.69,15.48
15.46,15.46,15.50,15.30
15.47,15.33,15.47,15.19
15.27,15.12,15.27,14.99
15.14,15.17,15.26,15.00
15.17,15.11,15.22,14.90
15.01,15.02,15.10,14.95
14.90,15.06,15.17,14.90
15.13,15.07,15.25,15.00
15.00,15.25,15.30,15.00
15.29,15.48,15.52,15.23
15.45,15.49,15.69,15.36
15.38,15.40,15.54,15.22
15.37,15.41,15.45,15.29
15.44,15.46,15.63,15.39
15.53,15.64,15.64,15.51
15.68,15.78,15.87,15.65
15.83,15.74,15.90,15.73
15.81,16.00,16.03,15.78
16.02,15.81,16.04,15.72
15.80,16.11,16.30,15.73
15.72,15.52,15.85,15.47
15.38,15.56,15.58,15.37
15.43,15.40,15.49,15.37
15.36,15.54,15.69,15.35
15.59,15.72,15.77,15.48
15.80,15.54,15.84,15.50
15.60,15.58,15.61,15.43
15.55,15.70,15.72,15.43
15.75,15.97,16.02,15.71
15.97,15.95,16.08,15.86
15.97,16.02,16.14,15.90
16.04,15.96,16.05,15.90
15.90,15.76,15.92,15.74
15.77,16.66,16.82,15.77
16.57,16.27,16.60,16.26
16.23,16.40,16.77,16.15
16.22,16.30,16.48,16.11
16.46,16.23,16.55,16.17
16.14,16.09,16.42,16.08
16.11,16.04,16.11,15.59
15.90,15.43,15.96,15.41
15.57,15.68,15.76,15.18
15.16,14.69,15.52,14.65
14.88,15.65,15.68,14.58
15.42,15.11,15.88,15.06
15.16,16.30,16.45,15.10
16.30,15.97,16.45,15.90
16.08,16.27,16.29,15.96
16.12,16.19,16.26,16.01
16.25,16.32,16.38,16.11
15.11,15.97,16.32,15.10
15.81,15.81,16.08,15.74
16.12,15.96,16.22,15.86
16.02,16.11,16.15,15.85
16.10,16.24,16.37,16.00
16.28,15.89,16.39,15.82
15.73,15.95,16.04,15.52
16.14,16.46,16.46,16.10
16.43,17.01,17.16,16.33
17.11,16.99,17.14,16.85
17.04,16.99,17.24,16.88
16.71,16.59,17.01,16.56
16.30,16.50,16.64,16.16
16.63,17.05,17.06,16.50
16.91,17.12,17.43,16.86
16.97,16.29,17.08,16.27
16.15,16.30,16.31,16.02
16.38,16.33,16.44,16.14
16.36,16.34,16.46,16.02
16.47,16.40,16.47,16.22
16.34,16.28,16.40,16.18
15.99,16.01,16.16,15.84
16.01,15.93,16.30,15.93
15.94,15.37,16.16,15.34
15.19,15.67,15.91,15.03
15.59,15.40,15.62,15.24
15.50,15.52,15.58,15.26
15.77,15.31,15.79,15.20
15.39,15.06,15.52,15.06
15.32,15.47,15.47,15.07
15.40,15.18,15.55,15.18
15.15,14.32,15.31,14.30
14.20,14.99,14.99,14.03
14.97,15.16,15.18,14.85
15.06,15.32,15.35,14.95
15.37,14.94,15.39,14.84
15.22,15.55,15.57,15.09
15.46,15.48,15.53,15.35
15.57,15.71,15.90,15.54
15.53,15.59,15.72,15.38
15.76,15.70,15.76,15.42
15.55,15.21,15.60,15.15
15.30,15.85,15.91,15.26
15.88,15.51,15.95,15.49
14.64,14.98,15.42,14.64
15.12,15.17,15.20,14.98
15.19,15.51,15.52,15.05
15.36,15.08,15.43,15.05
15.28,15.35,15.45,15.10
15.82,15.83,16.00,15.59
15.68,15.62,15.76,15.57
15.46,15.44,15.66,15.28
15.04,14.95,15.45,14.95
15.13,15.08,15.17,14.90
15.23,15.30,15.31,15.00
15.18,15.27,15.39,15.09
15.22,15.32,15.40,15.07
15.41,15.62,15.63,15.35
15.28,15.13,15.57,15.08
15.26,15.26,15.33,15.08
15.40,15.46,15.58,15.27
15.37,15.17,15.44,15.10
15.04,15.48,15.58,15.01
15.37,15.24,15.47,15.22
15.18,15.07,15.34,15.03
15.18,15.16,15.25,15.09
15.00,14.98,15.09,14.91
14.99,15.09,15.16,14.98
14.97,14.77,15.06,14.77
14.75,14.91,15.07,14.75
15.18,15.16,15.22,15.00
15.16,15.22,15.34,15.05
15.65,15.87,15.88,15.45
15.79,15.97,16.09,15.70
16.08,15.78,16.16,15.76
15.99,16.13,16.23,15.94
16.05,15.96,16.15,15.90
15.82,16.10,16.13,15.74
15.97,15.76,15.98,15.71
15.85,16.04,16.13,15.83
15.91,15.82,15.91,15.63
15.94,15.44,15.97,15.35
15.23,15.43,15.61,15.19
15.54,15.59,15.68,15.47
15.55,15.42,15.76,15.37
15.51,15.20,15.88,15.16
15.46,15.67,15.77,15.36
15.66,15.95,15.98,15.66
16.00,15.90,16.00,15.74
15.98,16.08,16.14,15.94
16.00,16.34,16.46,15.93
16.30,15.94,16.30,15.93
16.01,16.10,16.24,15.98
16.06,15.93,16.16,15.92
16.22,16.00,16.25,15.92
15.85,15.93,16.00,15.81
15.86,16.47,16.47,15.66
16.40,16.21,16.43,16.10
16.25,16.08,16.37,15.99
16.21,16.21,16.26,16.06
16.20,16.36,16.42,16.16
16.40,16.40,16.60,16.28
16.26,16.54,16.57,16.21
16.65,16.57,16.70,16.51
16.54,16.88,16.90,16.44
16.88,17.50,17.50,16.86
17.28,17.70,17.70,17.02
17.74,17.63,17.74,17.44
17.51,17.85,17.85,17.43
17.81,18.15,18.16,17.70
18.17,18.25,18.30,18.11
18.16,18.15,18.36,18.05
17.99,18.12,18.20,17.91
18.16,18.19,18.28,18.16
18.27,18.40,18.47,18.19
18.45,18.34,18.48,18.28
18.50,18.43,18.54,18.25
18.29,18.25,18.31,18.03
18.19,18.26,18.47,18.14
18.30,18.10,18.40,18.05
18.23,17.90,18.41,17.78
17.84,17.70,17.92,17.68
17.81,17.69,17.96,17.62
17.69,17.52,17.73,17.48
17.60,17.64,17.87,17.49
17.69,17.58,17.90,17.53
17.61,17.55,17.70,17.54
17.61,17.54,17.64,17.46
17.47,17.52,17.68,17.45
17.49,17.50,17.55,17.45
17.55,17.60,17.64,17.34
17.47,17.64,17.68,17.35
17.64,17.47,17.64,17.39
17.45,17.26,17.51,17.26
17.28,17.58,17.84,17.28
17.52,17.32,17.54,17.27
17.32,17.58,17.65,17.26
17.46,17.43,17.58,17.39
17.43,17.41,17.45,17.24
17.47,17.72,17.81,17.40
17.72,17.73,17.90,17.67
17.73,17.68,17.76,17.53
17.79,18.07,18.07,17.69
17.94,17.51,17.94,17.46
17.50,17.67,17.85,17.46
17.98,17.37,17.98,17.34
17.30,17.47,17.61,17.16
17.40,17.45,17.52,17.33
17.50,17.38,17.58,17.33
17.25,17.28,17.41,17.14
17.27,17.39,17.42,17.17
17.53,17.79,17.81,17.50
17.76,17.85,18.04,17.72
17.84,17.96,18.06,17.76
17.83,18.02,18.10,17.76
18.13,18.03,18.13,17.96
17.93,18.05,18.19,17.88
18.06,18.18,18.20,17.95
17.98,18.14,18.23,17.98
18.07,18.21,18.23,18.00
18.06,18.02,18.10,17.88
18.02,17.72,18.08,17.69
17.83,17.70,17.84,17.62
17.71,18.15,18.20,17.64
18.28,18.42,18.50,18.14
18.48,18.53,18.66,18.46
18.65,18.73,18.85,18.53
18.62,18.67,18.74,18.49
18.63,18.73,18.79,18.55
18.78,18.83,18.97,18.75
18.68,18.62,18.70,18.39
18.65,19.04,19.05,18.62
19.20,19.19,19.36,18.99
19.06,19.37,19.41,18.56
19.41,19.34,19.49,19.19
19.25,19.27,19.39,19.19
19.32,19.53,19.67,19.18
19.37,19.42,19.51,19.24
19.38,19.30,19.48,19.23
19.23,19.05,19.28,18.97
18.99,19.11,19.25,18.94
19.06,19.17,19.23,18.98
19.02,19.25,19.35,18.95
19.32,19.26,19.33,19.07
19.10,19.21,19.37,19.03
19.08,19.11,19.24,19.00
19.10,19.22,19.39,19.02
19.25,19.05,19.25,19.01
19.03,18.79,19.09,18.78
18.80,18.55,18.85,18.50
18.55,18.61,18.78,18.40
18.70,18.76,18.88,18.66
18.25,18.73,18.75,18.25
18.75,19.02,19.02,18.64
18.92,18.94,19.05,18.88
19.05,19.21,19.25,19.00
19.10,18.85,19.23,18.85
18.85,18.84,18.95,18.66
18.61,18.60,18.72,18.34
18.57,18.51,18.70,18.39
18.41,18.63,18.75,18.39
18.80,19.00,19.12,18.69
19.21,19.09,19.28,18.97
19.03,19.52,19.54,19.03
19.67,19.15,19.67,19.15
19.20,19.39,19.39,19.08
19.22,19.16,19.42,19.09
19.18,19.41,19.43,19.15
19.52,19.43,19.70,19.33
19.32,19.42,19.50,19.31
19.40,19.20,19.40,19.16
19.23,19.09,19.26,18.98
19.14,19.01,19.21,19.00
19.04,19.02,19.14,18.97
18.82,18.90,18.93,18.68
18.95,18.82,18.97,18.77
18.82,18.97,19.04,18.82
18.92,19.14,19.15,18.76
19.38,19.26,19.38,19.18
19.30,19.34,19.35,19.10
19.29,19.39,19.40,19.28
19.34,19.35,19.51,19.32
19.22,19.32,19.34,19.14
19.38,19.27,19.40,19.20
19.36,19.06,19.36,18.99
19.04,19.11,19.15,18.90
19.03,18.95,19.15,18.95
19.06,19.26,19.39,18.96
19.21,19.07,19.23,18.99
19.12,19.13,19.17,18.95
19.09,19.10,19.19,19.00
19.12,19.04,19.17,18.87
18.97,18.82,19.05,18.80
18.67,18.69,18.77,18.54
18.93,18.48,19.11,18.39
18.56,18.51,18.69,18.37
18.71,18.53,18.91,18.48
18.68,18.57,18.87,18.48
18.61,18.81,18.94,18.39
18.86,18.62,18.92,18.62
18.75,18.45,18.87,18.43
18.43,18.35,18.58,18.07
18.56,18.44,18.66,18.33
18.50,18.50,18.69,18.40
18.53,18.74,18.78,18.46
18.72,18.69,18.76,18.60
18.64,18.72,18.90,18.60
18.67,18.87,18.90,18.60
18.88,18.85,18.92,18.69
18.86,18.88,19.11,18.80
18.86,19.05,19.10,18.85
19.03,19.07,19.16,18.90
19.04,19.17,19.17,19.00
19.13,19.11,19.22,19.07
19.16,18.88,19.16,18.80
18.90,18.73,18.92,18.71
18.71,18.51,18.79,18.51
18.45,19.05,19.14,18.45
19.06,18.84,19.09,18.83
18.80,18.72,18.88,18.71
18.71,18.87,18.92,18.65
18.82,18.91,18.94,18.73
18.96,18.84,19.00,18.76
18.81,18.93,18.97,18.70
18.98,19.26,19.27,18.88
19.15,19.63,19.65,19.08
19.61,19.55,19.74,19.52
19.57,19.79,19.94,19.52
19.75,19.81,19.98,19.68
19.74,19.88,19.98,19.71
19.87,19.84,20.02,19.73
19.87,19.87,19.99,19.80
19.86,19.72,19.98,19.72
19.72,19.93,19.98,19.71
19.95,20.09,20.11,19.95
19.99,20.34,20.36,19.89
20.67,20.70,20.74,20.49
20.54,21.19,21.35,20.53
21.28,21.16,21.41,21.11
21.20,21.12,21.41,21.12
21.23,21.47,21.47,21.14
21.34,21.39,21.48,21.24
21.48,21.53,21.82,21.35
21.56,21.63,21.69,21.49
21.69,21.85,22.02,21.68
21.81,22.37,22.38,20.71
22.40,22.60,22.70,22.22
22.50,22.75,22.96,22.42
22.71,22.52,22.87,22.38
22.56,22.48,22.59,22.30
22.66,22.72,22.83,22.50
22.69,22.52,22.70,22.45
22.51,22.58,22.63,22.30
22.68,22.96,23.02,22.64
22.97,23.14,23.24,22.89
23.08,22.83,23.27,22.80
22.83,22.61,22.88,22.40
22.57,22.71,22.77,22.41
22.52,22.43,22.57,22.29
22.44,22.34,22.62,22.24
22.51,21.81,22.66,21.69
21.85,21.36,21.94,21.34
21.34,21.41,21.44,21.04
21.44,21.86,21.94,21.41
21.79,21.63,22.04,21.63
22.10,21.90,22.10,21.47
22.04,22.35,22.36,21.59
22.01,22.48,22.58,21.62
22.71,22.59,22.93,22.33
22.50,22.88,23.02,22.48
23.01,22.99,23.21,22.73
22.93,23.12,23.38,22.74
23.23,22.95,23.23,22.80
22.90,22.30,22.95,22.22
22.32,22.45,22.47,22.17
22.74,22.90,22.99,22.53
22.81,22.92,23.08,22.80
22.97,23.46,23.47,22.88
23.47,23.66,23.75,23.46
23.56,23.73,23.74,23.51
23.68,23.87,24.18,23.61
23.87,23.91,23.96,23.50
24.00,24.16,24.16,23.91
24.16,24.21,24.21,23.72
24.27,24.04,24.30,23.98
24.05,23.93,24.08,23.85
23.94,23.63,23.98,23.53
23.70,23.51,23.71,23.36
23.51,23.36,23.64,23.28
23.39,23.48,23.57,23.37
23.50,23.42,23.53,23.36
23.38,23.31,23.42,23.17
23.35,23.05,23.41,23.00
23.05,22.81,23.16,22.73
22.82,22.91,23.09,22.72
22.92,23.29,23.32,22.84
23.72,23.03,23.99,23.03
23.09,23.59,23.89,23.07
23.34,23.70,23.76,23.34
23.63,23.59,23.72,23.51
23.56,23.90,23.94,23.56
23.89,23.69,24.06,23.60
23.57,23.51,23.68,23.49
23.40,23.55,23.59,23.28
23.93,24.66,24.67,23.86
24.64,24.44,24.80,24.34
24.46,24.45,24.55,24.04
24.40,24.56,24.67,24.36
24.53,24.55,24.58,24.35
24.58,25.03,25.14,24.56
25.10,25.47,25.47,25.00
25.50,25.20,25.56,24.96
25.23,25.58,25.64,25.16
25.38,25.57,25.69,25.32
25.50,25.47,25.61,25.38
25.50,25.84,26.41,25.48
25.89,25.91,25.95,25.62
25.86,26.05,26.10,25.86
25.99,26.08,26.38,25.99
26.16,25.73,26.16,25.71
25.78,25.16,25.82,24.82
25.22,24.98,25.25,24.71
24.92,25.01,25.02,24.67
25.02,25.18,25.35,24.92
25.18,25.10,25.40,24.98
25.30,25.25,25.69,25.14
25.22,24.98,25.25,24.78
25.03,25.28,25.48,24.91
25.17,25.83,25.83,25.17
25.90,25.87,26.08,25.60
25.86,25.90,26.08,25.84
25.85,25.81,25.93,25.67
25.79,25.87,25.99,25.76
25.96,25.83,26.17,25.76
25.83,26.14,26.15,25.78
26.13,25.85,26.25,25.83
25.96,25.59,26.01,25.18
25.91,25.50,26.31,25.44
25.50,25.75,25.77,25.27
25.77,25.87,25.98,25.71
26.00,25.07,26.00,25.04
25.07,25.12,25.16,24.52
25.06,25.17,25.32,24.90
25.11,24.94,25.25,24.90
24.86,24.81,24.95,24.49
24.81,24.84,24.90,24.60
24.89,25.18,25.30,24.81
25.24,25.17,25.29,25.11
25.22,25.13,25.30,25.04
25.25,24.95,25.30,24.72
24.99,24.70,25.14,24.63
24.75,24.68,24.75,24.50
24.60,24.44,24.79,24.40
24.47,24.39,24.58,24.10
24.36,24.24,24.49,24.15
24.16,24.01,24.36,23.96
24.07,24.00,24.16,23.79
23.98,23.79,24.36,23.74
23.75,23.56,23.81,23.45
23.57,23.91,23.93,23.46
23.95,24.17,24.23,23.95
24.24,24.49,24.80,24.24
24.37,25.02,25.10,24.33
25.05,25.23,25.28,24.99
25.20,25.11,25.39,25.05
25.22,25.54,25.73,25.17
25.32,25.33,25.73,25.29
25.32,25.57,25.71,25.32
25.30,26.05,26.20,25.14
26.00,26.12,26.29,25.97
26.17,26.19,26.29,26.02
26.19,26.32,26.33,26.10
26.28,26.59,26.78,26.11
26.53,26.75,26.77,26.52
26.67,26.06,26.67,26.05
26.30,26.61,26.62,26.09
26.47,26.22,26.59,26.20
26.30,25.94,26.40,25.93
26.07,26.29,26.35,25.90
26.33,26.22,26.48,26.05
26.40,26.64,26.64,26.30
26.58,26.78,26.97,26.58
26.90,26.74,27.00,26.74
26.77,26.81,26.92,26.58
26.84,26.70,26.93,26.69
26.73,26.85,26.85,26.54
26.82,26.35,26.85,26.28
26.74,25.37,26.74,25.10
25.48,25.05,25.58,25.00
25.12,25.44,25.46,25.03
25.56,25.98,26.00,25.56
25.95,26.36,26.43,25.91
26.41,26.41,26.59,26.28
26.41,26.03,26.58,25.78
25.96,25.68,25.97,25.57
25.65,25.45,25.81,25.44
25.39,25.60,25.60,25.18
25.62,25.47,25.62,25.25
25.55,25.56,25.59,25.32
25.52,25.48,25.63,25.33
25.50,25.50,25.60,25.35
25.46,24.37,25.64,24.13
24.17,25.75,26.67,24.16
25.69,26.18,26.55,25.63
26.56,26.03,27.17,25.88
26.30,26.11,26.30,25.24
26.12,26.52,26.60,25.99
26.35,26.31,26.66,26.23
26.28,26.35,26.48,26.09
26.26,25.99,26.40,25.96
25.89,25.39,25.98,25.37
25.33,25.94,25.94,25.12
26.00,25.76,26.00,25.52
25.79,25.43,25.88,25.41
25.18,24.46,25.22,24.26
24.45,23.98,24.59,23.91
23.91,24.41,24.41,23.79
24.44,24.36,24.50,24.05
24.57,24.35,24.74,24.24
24.47,24.17,24.76,24.12
24.13,23.26,24.22,23.24
23.17,22.49,23.38,22.46
22.54,22.64,22.73,22.17
22.35,22.31,22.58,21.99
22.49,22.56,22.68,22.38
22.79,23.01,23.08,22.58
23.12,23.71,23.75,23.07
23.67,23.81,23.92,23.47
23.85,23.79,24.05,23.69
23.85,23.58,24.04,23.51
23.42,23.80,23.84,23.33
23.95,23.96,24.01,23.50
23.99,23.82,24.10,23.75
23.91,23.92,24.08,23.80
23.92,23.35,23.99,23.23
23.64,23.96,23.99,23.64
24.00,24.01,24.05,23.79
24.12,24.27,24.41,24.01
24.30,24.01,24.31,23.85
24.10,24.63,24.65,24.00
24.70,24.62,24.96,24.52
24.52,24.49,24.58,24.31
24.45,24.64,24.66,24.36
24.77,24.60,24.77,24.47
24.62,24.49,24.78,24.40
24.42,24.60,24.75,24.40
24.51,24.77,24.80,24.41
24.67,24.74,24.83,24.55
24.82,24.35,24.92,24.27
24.37,24.48,24.64,24.27
24.72,25.03,25.36,24.69
25.06,25.14,25.29,25.03
25.06,25.04,25.10,24.86
25.00,24.72,25.40,24.64
24.60,24.38,24.69,24.28
24.41,24.46,24.61,24.21
24.31,24.59,24.71,24.29
24.40,24.83,24.87,24.35
24.84,24.61,24.86,24.59
24.58,24.61,24.71,24.37
24.32,24.44,24.47,24.03
24.41,24.44,24.71,24.29
24.39,24.10,24.48,23.99
24.10,24.20,24.46,24.07
24.10,24.20,24.44,23.95
24.20,24.28,24.44,24.09
24.29,24.47,24.50,24.08
24.50,24.53,24.65,24.44
24.27,24.12,24.42,23.97
24.10,24.04,24.35,24.00
24.00,24.03,24.29,23.88
23.99,23.71,24.07,23.64
24.34,24.55,24.67,24.04
24.58,24.60,24.98,24.54
24.59,24.52,24.76,24.42
24.66,24.77,24.91,24.44
24.83,25.19,25.20,24.74
25.25,24.88,25.25,24.71
24.84,24.76,24.88,24.63
24.66,24.17,24.66,24.16
24.24,24.45,24.52,24.23
24.70,24.80,24.89,24.60
24.85,25.52,25.63,24.80
25.50,26.13,26.26,25.50
26.10,26.09,26.23,25.88
26.09,26.00,26.13,25.68
25.86,25.86,25.98,25.61
25.81,26.19,26.36,25.72
26.25,26.54,26.70,25.99
26.54,26.66,26.69,26.44
26.63,26.51,26.66,26.27
26.35,26.60,26.75,26.07
26.68,26.55,27.00,26.48
26.38,26.46,26.50,26.25
26.39,26.31,26.45,26.15
26.26,26.19,26.29,26.14
26.01,25.90,26.12,25.78
25.90,25.76,26.04,25.72
25.75,25.75,25.79,25.50
25.97,26.05,26.19,25.95
26.06,26.20,26.30,25.81
26.06,26.32,26.32,25.99
26.19,26.29,26.46,26.00
26.40,26.42,26.53,26.29
26.35,26.69,26.72,26.27
26.67,26.37,26.70,26.19
26.32,26.64,26.68,26.25
26.77,26.90,26.92,26.66
26.74,26.52,26.86,26.43
27.26,27.08,27.31,26.81
27.50,27.58,27.96,27.11
27.51,27.76,27.86,27.48
27.82,28.06,28.09,27.61
28.03,27.86,28.03,27.61
28.30,28.15,28.96,27.88
28.10,27.92,28.21,27.66
28.03,27.71,28.03,27.56
27.60,27.23,27.65,27.19
27.30,27.36,27.45,27.11
27.32,26.89,27.48,26.76
26.98,27.14,27.30,26.85
27.25,27.26,27.39,27.05
27.11,27.09,27.21,26.94
26.83,27.41,27.43,26.83
27.51,27.75,27.79,27.43
27.69,27.88,27.91,27.66
27.88,27.84,28.08,27.82
27.77,27.88,28.00,27.62
28.16,28.01,28.37,27.87
28.01,27.90,28.08,27.80
27.90,28.09,28.16,27.80
28.13,28.52,28.55,28.04
28.54,28.81,28.87,28.46
28.89,28.94,28.95,28.67
28.82,29.07,29.33,28.82
29.07,28.87,29.42,28.78
28.79,28.74,28.93,28.60
28.72,28.78,29.04,28.49
28.50,28.56,28.77,28.39
28.84,29.01,29.14,28.79
28.95,29.54,29.82,28.91
30.25,30.34,31.00,30.01
30.31,29.79,30.40,29.78
29.29,29.71,29.83,29.29
29.84,29.95,30.04,29.65
30.00,30.08,30.30,29.89
30.24,30.39,30.50,30.16
30.46,31.35,31.36,30.44
31.26,31.38,31.55,31.17
31.33,31.40,31.56,31.18
31.60,32.00,32.07,31.28
32.00,32.94,33.12,32.00
33.00,32.90,33.80,32.85
32.91,32.59,33.00,32.54
32.54,32.54,32.76,32.35
32.60,32.45,32.62,32.29
32.33,32.25,32.77,32.10
32.74,32.42,33.05,32.25
32.50,31.95,32.64,31.79
32.09,31.98,32.39,31.94
32.07,31.71,32.07,31.62
31.83,31.35,31.85,31.31
31.34,31.26,31.74,31.20
31.24,30.86,31.34,30.70
31.02,30.59,31.13,30.52
30.65,30.95,31.05,30.57
30.98,31.67,31.73,30.94
31.65,31.55,31.72,31.35
31.72,30.52,32.00,30.26
30.62,30.81,31.23,30.57
30.57,30.70,30.78,30.39
30.58,30.13,30.62,30.13
30.13,30.22,30.43,29.84
30.27,30.03,30.52,29.94
29.88,29.78,30.26,29.65
30.07,30.34,30.35,29.78
30.05,31.54,31.65,29.81
31.40,30.63,31.77,30.58
30.77,30.77,30.97,30.34
30.61,30.70,30.96,30.45
30.70,30.68,31.15,30.63
30.84,30.94,31.00,30.50
30.91,31.06,31.15,30.78
31.19,31.48,31.60,30.99
31.54,31.68,31.95,31.35
32.00,32.28,32.71,31.70
32.36,32.47,32.65,32.05
32.57,32.99,33.03,32.41
32.87,32.79,33.33,32.77
32.84,32.67,33.00,32.42
32.71,33.22,33.43,32.66
33.21,33.08,33.41,33.05
33.17,32.53,33.22,32.47
32.54,32.93,33.11,32.54
32.86,32.86,32.99,32.68
32.97,33.06,33.67,32.86
32.72,32.43,32.97,32.18
32.73,32.55,33.05,32.39
32.50,32.52,32.55,32.25
32.60,32.91,33.04,32.60
33.00,32.66,33.05,32.52
32.62,32.68,32.72,32.11
32.75,32.02,33.04,31.92
31.85,32.16,32.23,31.80
32.04,31.49,32.06,31.25
31.41,31.84,31.94,31.16
31.98,31.70,32.20,31.62
31.66,31.80,31.93,31.63
31.80,31.13,31.85,30.89
31.12,31.63,31.72,30.95
31.75,31.33,31.90,31.17
31.54,31.02,31.73,30.91
31.12,31.38,31.45,31.07
31.58,30.99,31.70,30.97
30.96,31.03,31.21,30.72
31.10,31.14,31.63,31.06
31.44,31.44,31.66,31.31
31.42,32.18,32.42,31.26
32.14,32.18,32.24,31.85
32.13,31.96,32.21,31.85
32.23,31.72,32.42,31.62
31.68,31.11,31.75,31.06
30.98,31.50,31.54,30.66
31.55,31.69,31.87,31.39
31.66,31.60,31.76,31.34
31.45,31.46,31.59,31.30
31.55,31.33,31.64,31.14
31.32,31.83,31.86,31.23
31.95,31.62,32.00,31.60
31.60,31.29,31.70,31.12
31.28,31.12,31.43,31.04
31.17,31.34,31.46,31.13
31.40,31.33,31.61,31.25
31.49,31.85,32.53,31.39
31.75,31.53,31.91,31.41
31.63,31.39,32.01,31.19
31.50,32.25,32.33,31.48
32.22,32.18,32.30,31.89
32.47,32.75,32.82,31.48
32.81,33.60,33.84,32.78
33.38,34.02,34.22,33.11
33.89,33.98,34.09,33.80
34.10,34.11,34.21,33.87
34.10,34.00,34.58,33.98
34.01,34.02,34.20,33.80
34.11,34.38,34.55,34.05
34.48,34.43,34.78,34.28
34.48,34.45,34.54,34.11
34.31,33.61,34.38,33.33
33.61,33.54,33.63,33.08
33.43,33.46,33.76,33.42
33.49,33.14,33.58,32.96
33.29,33.09,33.53,32.88
33.16,33.12,33.32,33.06
33.14,33.00,33.27,32.96
33.13,33.13,33.31,33.06
33.16,33.22,33.38,33.06
33.22,33.33,33.37,33.10
33.30,33.34,33.63,33.23
33.41,33.15,33.44,32.78
33.02,32.47,33.07,32.42
32.45,33.40,33.45,32.37
33.39,33.92,33.99,33.26
33.99,34.15,34.23,33.96
34.06,33.80,34.16,33.74
33.68,33.31,33.80,33.16
33.25,32.98,33.50,32.95
32.74,32.80,32.97,32.67
32.83,32.73,32.92,32.64
32.77,32.70,32.98,32.51
32.75,32.88,33.33,32.45
32.79,33.12,33.83,32.68
33.02,32.42,33.20,32.07
32.38,32.89,33.00,32.38
32.98,33.20,33.82,32.55
33.09,33.08,33.69,32.76
32.25,32.70,33.12,32.20
32.71,32.74,33.15,32.50
32.60,33.07,33.17,32.56
33.05,32.76,34.12,32.76
27.54,28.59,28.90,27.43
28.53,28.54,28.86,28.32
28.49,28.43,28.78,28.32
28.39,27.95,28.46,27.68
27.77,27.59,27.86,27.33
27.55,27.55,27.83,27.41
27.28,27.59,27.69,27.23
27.54,27.51,27.63,27.12
27.62,27.47,28.01,27.43
27.51,27.30,27.77,27.23
27.43,27.32,27.43,26.85
27.10,26.94,27.43,26.89
26.99,27.39,27.47,26.99
27.81,27.74,27.87,27.39
27.90,27.89,28.03,27.56
27.87,27.96,28.15,27.69
27.95,27.58,28.09,27.50
27.47,27.65,27.85,27.40
27.59,27.21,27.73,27.11
27.10,26.82,27.30,26.82
26.74,26.59,26.88,26.35
26.50,27.11,27.29,26.30
27.00,27.77,27.93,27.00
27.88,27.92,27.99,27.63
27.99,28.05,28.41,27.78
27.94,28.13,28.18,27.87
28.16,28.22,28.41,28.10
28.20,28.01,28.20,27.88
27.93,28.03,28.25,27.93
27.99,27.91,28.18,27.88
27.93,27.98,28.13,27.88
28.02,28.00,28.21,27.93
28.07,28.21,28.28,27.96
28.26,28.10,28.46,27.99
28.09,28.09,28.20,28.07
28.00,28.12,28.23,28.00
28.11,28.09,28.40,28.06
28.06,28.39,28.48,28.00
28.56,28.39,28.88,28.21
28.47,28.40,28.62,28.22
28.50,28.23,28.69,28.14
27.94,28.27,28.42,27.65
28.36,28.31,28.46,28.07
28.23,28.14,28.41,28.08
28.16,27.87,28.26,27.80
27.85,27.54,28.00,27.50
27.49,27.58,27.70,27.35
27.50,27.76,27.85,27.46
27.82,27.81,27.87,27.46
27.81,28.26,28.35,27.75
28.25,28.17,28.25,27.99
28.13,27.75,28.23,27.71
27.74,27.85,27.96,27.54
27.80,27.87,28.02,27.80
27.87,28.11,28.41,27.87
28.15,28.14,28.45,28.05
28.11,27.78,28.19,27.73
27.78,27.55,27.85,27.40
27.53,27.16,27.58,27.16
27.33,28.14,28.24,27.02
28.09,28.06,28.15,27.75
28.05,28.24,28.35,28.01
28.13,27.86,28.13,27.79
27.79,27.74,27.89,27.59
27.72,27.56,27.76,27.51
27.51,27.46,27.65,27.32
27.61,27.49,27.73,27.49
27.57,27.55,27.61,27.36
27.45,26.96,27.48,26.95
26.91,27.43,27.49,26.81
27.40,26.69,27.45,26.69
26.67,26.67,26.91,26.57
26.68,26.21,26.93,26.19
26.27,26.25,26.57,26.02
25.93,26.98,27.20,25.65
26.68,27.34,27.76,26.50
27.51,28.04,28.25,27.44
27.87,28.30,28.36,27.59
28.37,28.75,28.83,28.18
28.80,28.60,29.08,28.55
28.82,28.98,29.30,28.81
29.00,29.31,29.45,28.91
29.25,29.44,29.50,29.13
29.61,29.36,29.82,29.27
29.36,29.37,29.81,29.15
29.20,29.14,29.45,28.46
29.42,29.84,29.92,29.38
29.50,29.80,29.96,29.45
29.78,29.48,30.00,29.42
29.50,29.90,30.09,29.48
29.84,29.49,29.85,29.44
29.95,29.15,29.97,29.01
29.10,29.19,29.29,29.05
29.26,28.89,29.36,28.72
28.83,29.72,29.75,28.66
29.69,29.81,29.94,29.56
29.84,29.85,30.00,29.68
29.77,30.39,30.40,29.67
30.39,30.54,30.73,30.38
30.53,30.52,30.63,30.21
30.54,30.77,30.88,30.54
31.00,30.36,31.15,30.31
30.42,30.95,31.03,30.24
31.06,31.88,32.04,30.83
31.87,32.08,32.16,31.69
32.17,32.40,32.45,31.93
32.19,32.75,32.81,32.10
32.61,32.45,32.77,32.36
32.39,32.87,33.11,32.39
32.70,33.25,33.65,32.70
33.27,32.83,33.40,32.64
32.80,32.78,33.14,32.55
32.55,32.51,32.79,32.33
32.39,32.96,33.38,32.31
33.00,32.95,33.24,32.85
32.77,32.60,33.15,32.50
32.54,32.33,32.70,32.30
32.40,32.52,32.88,32.00
32.63,33.08,33.09,32.37
33.42,33.60,33.64,33.05
33.61,33.78,33.81,33.44
33.69,33.74,33.95,33.60
33.84,34.65,34.85,33.70
35.00,36.02,36.96,34.88
35.98,35.65,36.04,35.47
35.55,35.26,35.72,35.16
35.06,35.14,35.30,34.90
35.09,34.45,35.14,34.44
35.50,35.21,35.60,34.94
34.72,34.59,35.66,34.54
34.56,34.29,34.80,34.19
34.53,34.60,34.82,34.25
34.78,35.10,35.17,34.74
35.03,34.88,35.24,34.77
34.82,34.96,35.12,34.77
35.39,35.81,36.10,35.22
35.58,35.63,36.21,35.20
35.71,35.82,36.21,35.28
35.89,36.47,36.48,35.68
36.50,36.46,36.75,35.96
36.34,36.21,36.48,35.87
36.30,36.73,36.86,36.10
36.65,36.42,37.06,36.37
36.42,36.03,36.56,35.78
35.82,35.74,36.03,35.60
35.93,35.70,36.01,35.36
35.81,35.62,35.92,35.54
35.36,35.10,35.87,35.09
35.15,35.76,35.91,34.78
35.80,35.86,36.08,35.54
35.80,35.72,35.83,35.18
35.82,36.29,36.45,35.73
36.28,35.77,36.47,35.61
35.74,35.79,35.93,35.46
36.00,36.28,36.39,35.65
36.23,36.36,36.66,36.23
36.63,37.34,37.43,36.49
37.33,38.17,38.20,37.24
38.19,38.41,38.55,37.86
38.42,37.93,38.42,37.64
37.84,37.36,38.27,37.01
37.21,37.92,38.06,37.07
38.08,37.62,38.12,37.10
37.70,36.77,37.77,36.73
36.66,37.33,37.48,36.62
37.31,36.64,37.31,36.59
36.63,36.72,36.84,36.47
36.72,36.43,37.18,36.34
36.36,36.30,36.58,36.09
36.30,35.69,36.35,35.66
35.67,35.93,35.97,35.55
36.05,35.63,36.05,35.44
35.63,36.10,36.24,35.59
35.87,35.83,36.06,35.66
35.82,36.13,36.25,35.82
36.24,36.86,36.87,36.06
36.63,37.05,37.12,36.38
37.22,37.26,37.26,36.90
37.23,37.28,37.33,36.74
37.28,37.63,37.79,36.87
37.54,37.42,37.71,37.04
37.26,37.13,37.55,37.13
37.13,36.51,37.17,36.28
36.42,36.45,36.59,36.18
36.54,35.96,36.66,35.96
35.98,36.12,36.22,35.40
36.14,36.17,36.27,35.94
36.32,36.59,36.99,36.27
36.52,36.76,36.80,36.28
36.78,37.05,37.39,36.40
37.02,37.25,37.28,36.69
37.07,37.52,37.60,36.89
37.62,37.11,37.93,37.05
37.08,37.25,37.40,36.88
37.16,36.87,37.42,36.80
36.92,37.19,37.35,36.76
37.08,37.36,37.60,36.98
37.25,36.96,37.35,36.91
37.00,36.64,37.19,36.57
36.54,36.65,36.76,36.37
36.51,36.71,36.74,36.09
36.84,37.29,37.34,36.83
37.35,36.91,37.47,36.61
36.88,37.13,37.16,36.54
37.13,37.53,37.91,36.76
38.08,38.25,38.72,38.02
38.28,37.75,38.28,37.25
37.67,37.49,38.18,37.44
37.17,37.14,37.47,36.60
37.26,35.99,37.26,35.87
36.03,35.91,36.59,35.87
35.93,36.35,36.65,35.93
37.08,36.22,37.14,36.00
36.19,36.14,36.29,35.60
36.17,37.12,37.17,36.04
37.56,37.55,37.93,37.45
37.57,38.02,38.15,37.57
37.78,37.37,37.96,37.33
37.35,37.53,37.71,37.13
37.61,37.98,38.10,37.55
38.06,37.99,38.15,37.69
37.97,38.26,38.34,37.94
38.34,38.50,38.71,38.22
38.80,38.39,39.13,38.21
38.24,38.13,38.65,38.02
38.28,37.99,38.42,37.93
37.79,37.77,37.87,37.40
37.96,38.35,38.47,37.95
38.35,38.27,38.61,38.07
38.40,37.96,38.67,37.93
37.97,37.95,38.25,37.81
37.87,37.35,37.87,37.31
37.40,38.04,38.07,37.28
37.90,37.41,37.95,37.36
37.47,36.86,37.70,36.78
36.82,36.66,36.93,36.44
36.71,36.16,36.77,36.07
36.32,36.57,36.68,36.10
36.68,36.89,37.01,36.35
36.65,36.33,36.82,36.31
36.10,36.10,36.33,35.89
36.19,36.39,36.44,36.15
36.46,36.47,36.63,36.26
36.46,36.59,36.96,36.26
36.56,36.74,36.88,36.43
36.99,37.20,37.21,36.73
37.23,37.48,37.52,37.17
37.22,36.94,37.41,36.84
36.96,36.90,37.06,36.79
36.99,36.87,37.51,36.81
36.56,36.27,36.87,36.22
36.65,36.99,37.22,36.59
37.76,37.46,37.76,37.22
37.59,37.63,37.67,37.31
37.61,38.14,38.14,37.20
38.25,38.50,38.56,37.93
38.25,38.15,38.46,37.99
38.71,38.12,39.05,38.11
38.61,38.76,38.84,38.38
39.20,38.19,39.24,37.84
38.18,38.25,38.30,37.97
38.22,38.10,38.22,37.81
38.36,38.22,38.36,37.83
38.21,38.27,38.36,38.17
38.27,38.27,38.31,37.84
38.57,37.93,38.74,37.82
37.94,38.24,38.36,37.61
38.44,38.63,38.73,38.15
38.64,38.98,39.00,38.41
38.83,38.95,39.14,38.73
39.15,38.84,39.15,38.72
38.92,39.01,39.16,38.56
38.61,39.17,39.50,38.61
39.33,39.09,39.40,38.97
39.20,39.68,39.89,38.95
39.65,39.99,40.25,39.60
40.00,39.96,40.25,39.57
40.07,39.17,40.15,39.04
39.17,39.05,39.17,38.76
39.23,39.00,39.48,38.74
38.77,38.93,39.09,38.73
38.67,38.95,38.97,38.34
38.80,38.95,39.15,38.63
38.90,39.10,39.21,38.71
38.98,39.49,39.83,38.59
39.34,39.39,39.51,39.05
39.36,39.40,39.48,39.07
39.15,38.88,39.22,38.75
38.61,38.31,38.94,38.31
36.55,36.53,37.50,35.16
37.54,36.29,37.54,36.28
37.14,36.34,37.14,35.79
36.71,36.88,37.08,36.40
36.80,36.88,37.08,36.58
36.82,36.41,37.07,36.41
35.85,36.18,36.56,35.83
36.65,36.64,36.89,36.30
36.81,36.58,37.07,36.44
36.23,35.91,36.36,35.77
36.34,36.46,36.57,35.93
36.82,36.21,36.87,36.18
36.16,36.01,36.36,35.64
35.78,36.21,36.33,35.73
36.14,36.31,36.41,36.06
36.42,36.54,36.70,36.20
36.59,36.84,36.89,36.33
36.88,36.82,36.97,36.58
36.50,36.72,36.78,36.44
36.85,36.90,37.29,36.75
36.59,36.50,36.80,36.31
36.41,36.68,36.82,36.39
36.36,36.40,36.65,36.36
36.50,36.54,37.00,36.40
36.42,35.78,36.60,35.59
35.66,34.75,36.18,34.58
35.02,35.47,35.51,34.74
35.50,35.99,35.99,35.19
35.62,36.46,36.55,35.47
36.68,36.99,37.03,36.66
36.80,36.03,36.97,35.92
36.05,36.23,36.46,36.02
36.14,36.46,36.59,35.98
36.40,36.39,36.62,36.28
36.32,36.41,36.63,36.25
36.22,36.24,36.45,36.03
36.27,35.81,36.33,35.74
36.00,36.18,36.21,35.75
36.28,36.09,36.38,36.01
35.95,35.45,36.05,35.36
35.31,34.81,35.43,34.68
34.90,34.40,35.10,34.40
34.47,34.44,34.90,34.15
34.56,34.50,34.76,34.30
34.55,34.92,35.01,34.36
34.76,34.52,34.92,34.38
34.31,35.37,35.55,34.31
35.06,34.84,35.22,34.67
34.83,35.28,35.31,34.64
35.24,35.59,35.79,35.15
35.50,35.40,35.66,35.01
35.46,35.57,35.75,35.32
35.40,35.76,35.89,35.34
35.75,35.41,35.92,35.33
35.23,34.85,35.37,34.62
34.73,35.30,35.31,34.64
35.18,34.87,35.27,34.73
34.67,34.15,34.85,33.97
33.96,34.43,34.62,33.96
34.37,34.54,34.60,34.18
34.56,34.40,34.87,34.23
34.46,35.30,35.31,34.46
35.23,35.27,35.54,35.15
35.45,35.61,35.72,35.27
35.55,35.72,35.87,35.22
35.48,35.79,35.95,35.16
35.87,35.66,35.97,35.54
35.61,35.89,35.93,35.50
35.89,35.85,36.00,35.68
35.94,36.32,36.32,35.88
36.30,36.25,36.60,36.18
36.40,35.94,36.71,35.82
35.95,36.09,36.46,35.95
36.00,35.86,36.02,35.57
35.58,36.13,36.20,35.53
36.04,35.22,36.30,35.15
35.22,35.28,35.49,35.01
35.03,34.34,35.31,34.24
34.36,33.35,34.55,33.23
33.04,33.14,33.48,32.44
33.34,33.28,33.38,32.58
33.26,33.07,33.39,32.92
32.94,32.49,33.10,32.48
32.69,32.88,33.02,32.41
32.94,33.57,33.72,32.83
33.65,34.04,34.15,33.55
33.99,34.43,34.55,33.90
34.34,34.53,34.53,34.02
34.59,34.79,34.99,34.53
34.62,34.65,34.92,34.52
34.47,34.67,35.18,34.45
34.09,33.50,34.18,33.35
33.58,34.35,34.36,33.38
33.92,33.76,34.14,33.50
33.20,33.23,33.52,33.06
33.24,32.33,33.55,32.31
32.35,32.31,32.52,32.15
32.49,32.20,32.67,32.03
32.48,32.18,32.72,32.15
32.18,32.70,33.03,32.07
32.16,31.80,32.43,31.75
32.04,31.82,32.33,31.49
31.34,31.07,31.50,30.38
31.11,31.44,31.60,30.93
31.79,32.04,32.33,31.77
32.00,31.57,32.00,31.51
31.65,32.14,32.39,31.59
32.02,31.73,32.25,31.63
32.02,31.65,32.17,31.55
31.76,32.38,32.52,31.71
32.17,32.50,32.76,32.10
32.24,32.06,32.41,31.93
32.23,31.91,32.42,31.62
31.85,31.34,31.95,31.13
31.29,30.59,31.40,30.41
30.21,29.58,30.21,29.43
29.26,29.61,29.92,29.20
29.75,29.79,30.70,29.66
28.53,30.72,31.00,28.24
31.00,32.55,33.13,31.00
32.90,32.50,33.13,32.48
32.69,32.47,32.99,32.40
32.47,33.24,33.40,32.17
33.17,32.93,33.33,32.62
33.18,32.96,33.35,32.85
32.87,32.65,32.91,32.41
32.39,32.91,32.92,32.10
32.91,33.19,33.24,32.87
33.27,32.90,33.52,32.67
32.89,32.98,33.10,32.79
33.21,33.04,33.21,32.72
32.95,32.36,33.14,32.04
32.38,32.26,32.49,31.97
32.20,32.61,32.67,31.79
32.47,31.81,32.56,31.63
31.62,31.39,31.81,31.37
31.54,31.28,31.63,31.02
31.38,31.54,31.61,31.02
31.80,32.20,32.36,31.67
32.03,31.67,32.18,31.44
31.38,31.46,31.61,31.11
31.38,31.74,31.92,31.17
31.81,32.54,32.78,31.68
32.49,32.23,32.79,32.21
32.18,32.66,32.78,32.03
32.59,32.67,32.97,32.45
32.67,32.75,32.92,32.48
32.61,32.94,33.16,32.61
32.94,32.93,33.12,32.81
32.84,33.69,33.70,32.84
33.72,33.98,34.44,33.57
33.89,33.90,34.02,33.61
33.59,33.89,33.91,33.49
33.87,33.68,34.06,33.46
33.52,33.21,33.74,33.20
33.15,33.48,33.52,32.87
33.19,33.70,33.73,33.18
33.91,33.76,34.13,33.68
33.75,32.64,33.79,32.62
32.68,32.92,32.93,32.10
32.94,33.16,33.21,32.59
33.01,32.82,33.01,32.59
32.86,32.86,33.25,32.76
32.61,32.94,32.98,32.53
33.00,32.80,33.17,32.62
32.79,32.86,33.01,32.57
32.80,32.67,33.08,32.43
32.68,32.67,33.00,32.45
32.42,32.66,32.81,32.31
32.65,32.46,32.94,32.29
32.39,32.32,32.79,32.10
32.01,31.74,32.30,30.62
31.78,31.90,31.98,31.50
31.87,32.50,32.63,31.58
32.32,32.75,32.81,32.16
32.59,32.72,32.77,32.50
32.74,32.81,32.94,32.67
32.70,32.90,32.91,32.56
32.89,33.75,33.91,32.89
33.72,33.52,33.84,33.39
33.46,33.49,33.68,33.26
33.59,33.76,33.83,33.46
33.69,33.54,33.86,33.49
33.49,33.67,33.75,33.36
33.61,33.46,33.69,33.27
33.37,33.48,33.49,33.10
33.30,32.69,33.49,32.62
32.65,33.51,33.74,32.62
33.48,33.92,34.04,33.20
34.06,34.41,34.52,34.01
34.39,34.07,34.50,34.04
33.95,34.73,34.85,33.90
34.61,34.55,34.86,34.42
34.60,34.95,35.08,34.44
34.71,34.78,34.90,34.52
34.70,34.75,34.91,34.51
34.70,34.78,34.85,34.44
34.95,35.56,35.69,34.92
35.66,35.51,35.66,35.36
35.41,35.55,35.62,35.26
35.46,35.90,35.91,35.40
35.58,35.61,35.82,35.41
35.32,34.99,35.42,34.90
34.78,34.69,34.88,34.57
34.70,34.51,34.80,34.46
34.26,34.55,34.62,34.24
34.48,34.76,34.78,34.32
34.95,34.80,35.07,34.67
34.98,34.93,35.09,34.71
34.93,34.98,35.13,34.76
35.10,35.77,35.79,34.98
34.53,34.67,35.87,34.38
34.33,34.26,34.78,34.05
34.52,35.72,35.75,34.49
35.95,36.65,36.75,35.95
36.65,37.50,37.51,36.46
37.36,37.05,37.88,36.94
37.04,36.85,37.05,36.68
36.63,36.81,37.08,36.61
36.74,36.63,37.14,36.48
36.95,36.87,36.98,36.61
36.96,37.01,37.13,36.83
37.27,37.19,37.27,36.96
37.44,37.10,37.44,37.04
37.21,37.34,37.42,37.04
37.38,37.30,37.56,37.14
37.42,37.04,37.42,36.65
37.04,36.83,37.09,36.78
36.95,36.83,36.97,36.78
37.06,37.51,37.73,36.80
37.90,38.15,38.40,37.85
38.23,38.21,38.36,37.96
38.16,37.76,38.50,37.61
37.65,37.71,37.84,37.47
37.74,37.77,37.98,37.60
37.67,37.67,37.96,37.38
37.72,37.72,37.93,37.66
37.44,37.56,37.78,37.36
37.00,36.71,37.25,36.06
36.81,36.71,36.90,36.47
36.71,36.44,37.06,36.33
36.43,36.42,36.68,36.39
36.44,36.27,36.54,36.09
36.31,36.60,36.65,36.27
36.64,36.55,36.86,36.55
36.55,36.91,37.08,36.43
36.96,36.93,37.17,36.86
36.75,36.56,36.93,36.56
36.48,36.91,36.96,36.40
37.00,37.36,37.39,36.95
37.02,36.90,37.21,36.75
36.76,36.92,37.01,36.68
36.94,36.95,37.05,36.80
36.92,37.14,37.19,36.81
37.11,37.30,37.39,37.08
37.30,37.30,37.57,37.22
37.30,37.69,37.82,37.27
37.69,37.43,37.93,37.20
37.35,37.69,37.71,37.20
37.67,37.41,37.76,37.05
37.40,37.51,37.57,37.10
37.52,38.17,38.21,37.40
38.03,38.30,38.30,38.01
38.14,38.43,38.47,38.09
38.16,37.70,38.31,37.64
37.50,37.91,37.98,37.28
37.61,37.58,37.72,37.37
37.26,36.99,37.77,36.94
36.87,37.55,37.64,36.87
37.34,36.77,37.56,36.53
36.74,37.15,37.32,36.74
37.33,36.82,37.33,36.76
36.97,37.39,37.42,36.81
37.50,37.40,37.74,37.25
37.34,36.98,37.34,36.97
36.78,36.87,37.00,36.62
36.89,37.21,37.36,36.79
37.31,37.41,37.50,37.01
37.43,36.85,37.49,36.69
37.09,36.91,37.17,36.44
36.99,36.87,36.99,36.55
36.73,36.83,37.03,36.58
36.83,36.83,37.09,36.55
36.89,36.39,36.94,36.15
36.30,36.59,36.79,36.30
36.74,36.55,36.74,36.40
36.56,36.13,36.64,36.01
36.21,36.57,36.80,36.13
36.42,36.84,36.95,36.28
37.04,36.82,37.25,36.63
36.85,36.83,37.04,36.61
37.18,37.04,37.19,36.95
37.06,36.90,37.16,36.85
36.81,36.68,36.99,36.51
36.65,36.65,36.78,36.46
36.84,36.72,37.08,36.62
36.63,36.55,36.78,36.53
36.47,36.25,36.70,36.23
36.45,35.65,36.45,35.58
35.71,35.51,35.85,35.44
35.50,35.91,36.01,35.38
35.94,35.87,36.13,35.80
35.90,35.42,35.95,35.38
35.56,34.01,35.99,33.66
34.07,33.92,34.30,33.79
34.11,33.99,34.31,33.62
33.76,33.83,33.97,33.72
33.49,33.40,33.64,33.07
33.50,32.36,33.59,32.32
32.38,32.34,32.70,32.32
32.35,32.10,32.68,32.07
32.33,33.58,33.81,32.16
33.55,33.51,33.80,33.25
33.51,33.39,33.62,33.35
33.32,33.25,33.45,33.21
33.44,33.11,33.60,33.02
33.14,33.30,33.64,33.13
33.06,32.95,33.32,32.90
32.97,33.42,33.48,32.90
33.36,32.89,33.36,32.78
32.96,32.61,33.01,32.54
32.53,31.94,32.68,31.90
31.94,31.95,32.21,31.64
32.00,31.79,32.09,31.74
31.74,31.93,31.95,31.64
31.87,32.66,32.88,31.75
34.22,34.22,35.22,33.82
34.22,34.16,34.35,33.72
34.23,34.30,34.67,34.12
34.34,34.13,34.42,33.82
34.13,33.95,34.34,33.75
33.70,33.73,34.02,33.66
33.83,34.16,34.35,33.71
34.02,34.39,34.55,34.02
34.41,34.34,34.56,34.20
34.29,34.47,34.50,34.23
34.37,34.58,34.70,34.37
34.69,34.40,34.69,34.24
34.44,34.02,34.45,33.91
34.02,34.15,34.53,34.02
34.01,33.79,34.06,33.58
33.85,33.65,33.95,33.57
33.78,33.96,34.01,33.63
33.92,33.97,34.13,33.49
34.12,34.32,34.40,34.01
34.20,34.43,34.63,34.10
34.38,34.44,34.50,34.10
34.46,34.19,34.48,33.86
34.14,34.04,34.21,33.93
34.14,34.09,34.14,33.82
34.05,33.77,34.05,33.53
33.84,33.65,34.07,33.62
