FXC,Guggenheim CurrencyShares Canadian Dollar Trust,NASDAQ
95.91,95.72,96.27,95.60
96.03,95.95,96.23,95.75
96.28,96.54,96.62,96.12
96.57,96.31,96.57,96.09
96.43,96.66,96.80,96.09
96.66,96.46,96.80,96.36
95.96,95.90,96.28,95.71
96.36,96.72,96.84,95.87
96.73,97.40,97.46,96.68
97.26,96.82,97.26,96.62
96.50,96.71,96.75,96.44
95.08,95.18,95.27,94.99
95.15,94.75,95.35,94.68
94.38,94.18,94.57,93.97
93.92,94.16,94.27,93.89
93.30,93.77,94.04,93.20
93.56,93.57,93.71,93.21
94.05,93.43,94.10,93.40
93.51,93.19,93.71,93.16
93.25,93.80,93.81,93.25
93.97,94.19,94.22,93.76
94.01,93.75,94.15,93.73
93.46,92.86,93.47,92.64
93.25,93.06,93.35,92.46
93.18,92.72,93.33,92.70
93.24,93.30,93.57,92.62
93.26,93.72,93.98,93.04
94.09,94.78,95.02,93.87
94.54,94.71,94.82,94.22
95.42,95.47,95.67,95.31
95.33,95.31,95.46,95.15
95.46,95.66,95.79,95.27
94.95,95.73,95.88,94.90
95.89,95.54,95.89,95.42
95.42,94.25,95.50,94.15
94.32,94.49,94.76,94.16
93.32,94.06,94.07,93.28
94.09,94.70,94.75,93.87
95.15,95.62,95.69,94.91
96.41,96.13,96.50,96.08
96.49,96.51,96.95,96.40
96.66,96.63,96.77,96.37
96.99,96.66,97.05,96.63
97.05,96.93,97.14,96.75
96.90,97.04,97.28,96.86
96.97,97.06,97.47,96.94
96.76,97.21,97.34,96.53
97.86,97.80,98.00,97.71
97.69,97.68,97.78,97.33
97.98,98.22,98.27,97.86
98.55,98.59,98.89,98.39
98.61,98.24,98.65,98.18
98.61,97.96,98.64,97.82
97.28,97.75,97.75,97.25
97.73,98.02,98.09,97.60
97.32,97.12,97.50,96.86
97.76,97.18,97.78,97.16
96.94,97.00,97.04,96.66
97.41,97.57,97.84,97.41
97.90,97.66,98.03,97.56
98.12,98.07,98.22,97.66
98.49,98.75,98.89,98.45
99.08,99.29,99.45,99.06
99.51,99.43,99.66,99.40
99.46,99.07,99.63,98.98
98.64,99.30,99.37,98.55
99.03,99.16,99.24,98.85
98.91,99.22,99.44,98.87
99.31,99.40,99.41,98.91
99.72,99.67,100.02,99.60
99.71,99.22,99.87,99.18
99.09,98.24,99.18,97.93
97.67,98.07,98.15,97.55
99.56,99.67,99.84,99.49
99.95,99.65,100.07,99.41
99.49,99.56,99.73,99.17
99.01,99.65,99.65,98.93
99.51,99.42,99.65,99.31
98.70,97.82,99.00,97.77
98.35,98.67,98.81,97.93
99.13,99.01,99.29,98.85
98.91,98.00,98.91,97.81
98.25,98.53,98.54,97.94
97.50,97.11,97.59,97.05
96.41,96.68,97.04,96.12
96.10,94.59,96.55,92.50
95.45,95.34,95.81,94.27
97.17,97.16,97.31,96.72
97.11,97.43,98.05,97.05
97.83,97.60,98.02,97.43
97.86,97.53,98.27,97.50
96.83,96.48,96.83,95.87
96.29,96.28,96.45,95.41
97.04,95.98,97.13,95.59
95.25,95.31,95.51,94.43
93.40,93.19,93.89,92.83
92.86,93.94,94.32,92.79
94.18,93.86,94.29,93.82
91.94,93.01,93.04,91.82
93.29,93.11,94.06,93.01
94.21,94.76,94.90,94.06
95.00,94.59,95.11,94.37
94.38,94.41,95.46,94.24
95.04,95.84,95.93,94.90
95.85,95.56,95.91,95.10
94.89,93.81,95.10,93.63
94.01,93.84,94.60,93.76
94.33,94.90,95.00,93.95
95.67,95.28,95.98,95.21
96.42,96.48,96.70,96.10
95.95,96.26,96.46,95.78
97.02,96.33,97.30,96.28
96.79,97.04,97.10,96.52
96.70,97.10,97.29,96.62
96.99,96.89,97.07,96.24
96.95,97.42,97.42,96.89
97.90,97.11,98.11,96.97
97.58,96.68,97.70,96.63
95.50,95.81,96.01,95.12
95.38,95.33,95.87,95.03
95.89,96.07,96.20,95.55
96.12,96.07,96.32,95.95
94.86,94.28,94.87,94.08
93.92,93.44,94.18,93.40
93.88,93.83,94.01,93.29
93.72,93.62,93.86,93.22
94.40,94.23,94.80,94.14
94.16,94.90,94.91,94.13
95.60,95.29,95.83,95.07
96.47,96.24,96.59,96.21
96.03,95.85,96.26,95.76
96.53,96.22,96.77,95.93
96.17,96.19,96.68,96.02
96.29,95.75,96.30,95.25
94.98,94.30,94.98,94.20
94.35,94.29,94.61,94.14
94.05,95.17,95.28,93.94
95.77,94.89,95.81,94.70
95.38,95.66,96.01,95.36
95.49,95.97,96.00,95.38
96.19,96.32,96.51,96.10
96.72,95.95,96.72,95.65
96.23,95.77,96.34,95.71
96.23,95.97,96.41,95.73
95.95,96.73,96.88,95.86
97.15,97.16,97.45,97.02
97.20,97.13,97.27,96.82
97.37,97.71,97.84,97.23
98.02,97.80,98.17,97.71
97.07,96.77,97.44,96.47
96.83,96.86,96.93,96.63
95.98,96.33,96.54,95.73
95.44,95.14,95.48,94.93
94.92,95.35,95.41,94.92
95.68,95.51,96.07,95.40
95.15,95.21,95.39,95.03
96.22,96.27,96.46,96.10
96.51,96.66,96.81,96.28
96.36,95.70,96.48,95.48
94.91,94.82,94.92,94.59
94.92,94.52,95.06,94.43
93.46,93.76,94.17,93.24
93.39,93.75,93.85,93.30
94.18,94.12,94.50,93.99
93.91,94.48,94.53,93.39
94.44,93.79,94.53,93.79
93.34,93.24,93.55,93.16
94.10,94.50,94.81,94.07
94.54,94.40,94.62,94.19
95.37,95.68,95.73,95.12
95.49,94.88,95.50,94.87
95.49,95.83,96.09,95.46
96.43,96.18,96.51,96.03
96.19,96.03,96.35,95.85
96.66,96.80,96.85,96.55
96.96,96.76,97.32,96.76
96.60,96.87,96.98,96.42
96.88,96.85,96.96,96.64
96.69,96.42,96.70,96.08
96.32,96.59,96.87,96.28
96.51,96.83,97.31,96.29
96.93,96.57,97.15,96.00
96.04,96.17,96.56,95.96
97.06,96.92,97.19,96.74
97.22,96.70,97.22,96.65
96.37,96.52,96.63,95.98
96.88,96.19,96.99,96.16
96.92,96.64,97.17,96.30
96.90,97.48,97.60,96.62
97.35,97.28,97.44,97.08
97.64,97.73,97.92,97.52
97.96,98.39,98.80,97.92
98.21,97.62,98.22,97.40
97.73,98.34,98.39,97.49
98.26,98.10,98.39,97.98
98.25,98.40,98.55,97.95
99.08,98.97,99.31,98.94
99.16,98.86,99.27,98.69
98.96,98.27,99.00,98.06
97.62,98.05,98.11,97.54
96.05,96.36,96.65,95.96
96.55,97.30,97.38,96.48
97.48,96.88,97.69,96.52
97.08,96.81,97.19,96.75
97.68,97.45,97.82,97.41
97.01,97.11,97.35,96.85
96.51,96.66,96.68,96.19
96.98,97.36,97.63,96.76
97.60,97.50,97.78,97.46
97.87,97.87,98.15,97.64
98.50,98.48,98.58,98.38
98.49,98.75,98.92,97.95
99.21,99.19,99.32,98.96
99.44,99.41,99.52,99.26
98.96,99.08,99.33,98.92
99.51,98.71,99.61,98.51
99.40,99.42,99.50,98.72
99.23,99.13,99.27,98.73
98.59,98.55,98.99,98.20
98.73,98.54,98.87,98.53
97.57,97.30,97.72,96.97
97.37,97.08,97.68,97.06
97.68,97.34,97.84,97.27
97.30,97.69,97.73,97.19
97.84,97.72,97.90,97.32
97.33,97.19,97.43,96.88
97.97,98.32,98.54,97.94
97.41,97.54,97.66,97.36
97.29,97.63,97.73,96.95
96.76,96.87,97.17,96.72
97.63,97.75,98.03,97.35
98.56,99.03,99.14,98.56
99.02,99.09,99.17,98.81
98.71,98.94,99.06,98.66
99.08,98.30,99.08,98.30
98.53,98.36,98.79,98.21
98.61,98.41,98.62,98.29
98.54,98.53,98.60,98.41
99.04,98.66,99.08,98.64
98.46,98.79,99.15,98.41
98.93,99.03,99.43,98.89
99.06,98.86,99.06,98.69
98.38,98.17,98.48,98.00
97.99,97.83,98.02,97.44
97.64,97.72,97.78,97.49
97.81,98.06,98.20,97.78
98.11,98.53,98.72,98.09
98.69,98.76,98.77,98.55
99.55,99.43,99.68,99.24
99.37,99.36,99.48,99.34
99.44,99.43,99.48,99.29
99.54,99.54,100.34,99.54
100.36,100.05,100.54,100.03
100.08,99.58,100.08,99.09
99.65,99.79,100.09,99.64
100.02,99.76,100.02,99.50
100.40,100.28,100.40,99.82
99.81,100.13,100.21,99.59
100.25,100.45,100.51,100.10
100.94,100.77,100.94,100.51
100.55,100.51,100.84,100.37
100.15,100.50,100.56,99.98
100.58,100.16,100.74,100.11
100.27,99.89,100.32,99.78
99.31,99.74,99.81,99.12
100.22,99.90,100.34,99.86
99.79,100.00,100.24,99.75
99.51,99.68,99.77,99.44
99.87,99.91,99.97,99.68
100.02,100.13,100.19,99.81
99.92,99.35,99.97,99.29
99.68,99.31,99.71,98.87
99.79,100.34,100.44,99.73
100.59,100.62,100.83,100.43
100.58,100.36,100.62,100.22
100.93,100.61,100.94,100.29
100.53,100.44,100.84,100.38
100.49,100.00,100.52,99.72
100.13,100.04,100.28,99.88
99.89,99.87,99.97,99.72
99.99,100.77,100.79,99.98
100.66,100.60,100.69,100.44
100.70,100.46,100.75,100.41
100.75,100.94,100.99,100.68
101.11,100.97,101.13,100.88
101.20,100.86,101.25,100.71
100.91,100.39,101.05,100.26
100.09,100.60,100.61,99.86
101.22,101.14,101.29,100.99
101.31,101.62,101.66,101.25
102.16,102.38,102.42,101.90
102.23,102.03,102.29,101.94
102.22,102.25,102.41,102.13
102.16,102.30,102.37,101.96
102.29,102.33,102.54,102.18
102.52,102.20,102.60,102.07
102.13,102.37,102.44,102.09
102.62,102.66,102.70,102.47
102.17,101.94,102.21,101.81
101.58,102.40,102.41,101.56
102.06,102.26,102.28,101.83
100.38,101.05,101.36,100.31
100.83,100.31,101.06,99.77
100.87,100.83,101.10,100.58
101.13,100.83,101.16,100.83
101.87,101.52,101.90,101.45
101.64,101.50,101.81,101.39
101.16,101.40,101.54,101.01
101.82,101.88,102.18,101.72
101.95,101.26,101.98,101.20
101.74,101.84,102.08,101.71
101.76,102.04,102.04,101.67
102.45,102.39,102.46,102.25
102.42,102.59,102.69,102.22
103.07,103.12,103.31,102.80
102.92,102.78,102.94,102.66
103.00,103.17,103.28,102.93
103.64,103.55,103.92,103.55
103.65,103.78,103.89,103.38
104.18,103.85,104.18,103.70
103.88,103.97,104.19,103.85
103.64,103.25,103.64,102.98
103.56,103.32,103.58,103.00
103.05,103.61,103.62,102.98
103.17,103.57,103.68,103.06
103.15,103.17,103.19,102.30
103.94,103.99,104.11,103.79
104.37,104.33,104.49,104.07
104.72,104.30,104.73,104.29
104.46,104.19,104.50,104.00
104.29,104.45,104.69,104.20
104.52,104.68,104.68,103.86
104.59,104.60,104.85,104.48
104.28,105.11,105.25,104.16
104.73,104.56,104.90,104.52
104.39,104.37,104.85,104.24
104.38,103.75,104.38,103.57
103.01,102.67,103.25,102.37
103.52,102.83,103.79,102.50
102.80,103.21,103.24,102.58
103.40,103.84,103.86,103.22
104.17,103.44,104.24,103.17
103.15,103.35,103.44,102.55
103.06,102.62,103.14,102.06
102.18,102.06,102.60,102.05
101.80,102.24,102.24,101.50
102.08,102.47,102.48,101.90
102.77,102.70,102.92,102.38
102.34,102.20,102.58,101.78
101.50,101.77,101.87,101.37
101.68,101.88,101.88,101.56
101.61,101.72,102.05,101.59
101.53,101.63,101.72,101.32
101.75,101.76,101.95,101.68
102.83,102.67,102.99,102.59
102.57,101.90,102.57,101.83
101.65,101.93,102.00,101.36
101.09,101.65,101.97,101.08
101.58,101.36,101.68,101.31
102.02,101.93,102.15,101.91
101.61,101.48,101.83,101.43
101.74,102.19,102.25,101.62
102.22,101.64,102.24,101.50
101.72,101.81,101.89,101.50
102.45,102.64,102.79,102.35
102.38,101.58,102.45,101.18
100.85,101.18,101.27,100.72
101.51,101.48,101.58,101.27
101.40,101.46,101.63,101.39
102.04,102.26,102.38,101.96
102.00,102.18,102.54,101.98
101.50,101.69,101.70,101.24
101.39,100.76,101.39,100.60
100.46,100.81,100.86,100.35
100.94,101.22,101.26,100.82
102.13,102.44,102.61,102.08
102.87,103.11,103.29,102.81
103.17,103.75,103.76,103.02
103.47,103.22,103.54,103.16
102.94,102.99,103.06,102.57
103.63,103.68,103.89,103.56
103.32,103.49,103.52,103.09
102.69,102.60,102.95,102.60
102.61,102.93,103.30,102.54
103.28,103.59,103.82,103.16
103.86,103.44,103.93,103.40
103.86,104.23,104.45,103.60
103.63,103.71,103.71,103.20
104.66,104.59,104.85,104.47
104.84,104.95,105.10,104.76
105.26,105.18,105.51,105.09
104.78,104.77,104.81,104.35
105.05,105.15,105.40,105.00
105.46,105.46,105.52,105.17
105.57,104.81,105.59,104.63
104.85,104.52,105.02,104.44
103.90,104.08,104.38,103.82
104.50,103.97,104.50,103.52
103.65,103.60,103.88,103.48
103.78,103.32,103.81,103.08
102.47,101.51,102.52,101.51
101.97,101.67,102.04,100.91
100.67,100.36,100.79,100.13
100.26,101.61,101.65,99.88
100.67,99.93,100.81,99.89
100.10,100.64,100.94,99.97
100.83,100.40,100.94,100.27
100.88,101.50,101.51,100.74
101.18,101.28,101.40,100.90
101.54,101.50,101.72,101.23
100.53,100.64,100.64,100.05
100.59,100.60,101.21,100.46
101.00,100.42,101.00,100.38
100.62,100.68,100.73,100.35
100.73,100.79,100.96,100.55
101.28,100.74,101.55,100.62
100.41,101.19,101.19,100.21
101.87,101.74,101.93,101.48
101.57,101.68,101.77,101.29
101.91,101.55,102.23,101.49
101.82,101.89,102.13,101.72
101.17,101.06,101.46,100.98
99.98,100.48,100.61,99.98
100.56,100.89,100.90,100.46
100.89,100.62,101.10,100.48
99.92,99.83,99.95,99.65
99.72,100.25,100.25,99.60
100.33,100.92,100.95,100.19
100.43,100.39,100.61,100.05
100.90,101.06,101.08,100.63
101.19,101.55,101.58,100.92
100.54,100.47,100.59,100.20
100.18,100.06,100.40,99.96
99.59,98.86,99.71,98.86
96.52,96.77,96.96,96.17
96.80,96.61,97.10,96.33
96.47,96.71,96.72,95.93
97.49,97.43,98.02,97.30
97.29,96.29,97.44,96.22
96.65,95.96,96.81,95.59
95.10,94.88,95.86,94.87
94.60,94.58,95.29,94.45
94.03,94.27,94.27,93.29
94.53,95.64,95.65,94.40
95.00,95.84,95.84,94.89
96.59,95.75,96.72,95.50
96.67,96.92,97.00,96.64
96.37,96.76,96.76,96.33
97.87,97.73,98.11,97.67
97.41,97.52,97.64,96.80
98.22,98.45,98.45,97.87
98.17,97.26,98.17,97.21
97.31,98.03,98.28,97.09
98.40,97.47,98.50,97.35
97.66,97.98,98.14,97.14
98.51,98.57,98.77,98.28
98.76,99.16,99.21,98.75
98.64,97.87,98.64,97.42
98.59,99.00,99.02,97.84
100.11,100.33,100.52,99.71
99.88,100.26,100.29,99.77
99.94,99.77,100.15,99.49
97.79,97.61,98.29,97.43
98.19,98.13,98.37,97.75
98.37,98.63,98.73,97.64
97.62,97.81,97.89,97.24
97.88,98.21,98.21,97.58
98.09,98.64,98.66,97.81
97.48,97.30,97.81,97.19
97.63,97.70,97.80,97.16
97.79,98.31,98.37,97.75
97.70,97.76,97.88,97.60
97.26,97.44,97.53,97.09
96.98,97.18,97.74,96.96
97.19,96.68,97.31,96.58
97.01,96.79,97.16,96.74
96.18,95.83,96.18,95.47
95.85,95.82,96.09,95.74
95.40,94.82,95.40,94.73
94.80,94.72,95.26,94.72
96.43,96.04,96.47,95.87
96.44,96.52,96.67,96.36
97.93,97.45,98.16,97.43
97.61,98.02,98.08,97.55
98.15,97.62,98.15,97.56
98.06,97.79,98.26,97.56
98.08,98.51,98.61,98.04
98.28,98.44,98.62,98.15
98.21,97.23,98.22,97.17
97.02,97.66,97.68,97.02
96.88,96.92,97.03,96.69
96.87,96.13,97.11,96.09
95.55,95.64,95.82,95.40
96.29,95.99,96.33,95.92
95.96,95.86,96.08,95.57
96.05,95.72,96.12,95.70
96.64,96.54,96.88,96.44
96.78,96.94,96.96,96.50
96.96,97.41,97.48,96.96
97.57,97.54,97.65,97.37
97.45,97.58,97.66,97.35
97.96,97.08,97.96,97.01
97.16,97.42,97.44,97.09
97.49,97.62,97.89,97.44
98.37,98.36,98.67,98.30
98.06,98.24,98.32,97.95
97.79,97.58,97.81,97.25
97.43,96.80,97.43,96.80
96.94,97.22,97.26,96.64
97.74,97.77,97.92,97.55
97.63,97.56,97.64,97.41
97.76,97.67,97.82,97.41
97.13,97.25,97.25,96.74
98.00,97.93,98.15,97.80
97.79,98.35,98.35,97.70
98.63,98.34,98.65,98.25
98.05,98.16,98.16,97.96
98.63,98.69,98.92,98.49
98.17,98.49,98.59,98.14
98.25,99.09,99.13,98.08
99.41,99.26,99.60,99.22
99.12,99.37,99.44,99.12
98.85,99.17,99.20,98.79
99.62,99.19,99.65,98.95
99.63,99.54,99.77,99.50
99.61,99.46,99.69,99.44
99.69,100.09,100.14,99.63
99.62,99.87,99.96,99.62
99.78,99.96,100.01,99.63
99.98,99.82,100.06,99.54
100.12,99.88,100.13,99.84
99.31,99.15,99.37,99.13
99.58,99.50,99.60,99.34
99.46,99.48,99.56,99.24
99.87,99.50,99.87,99.46
99.32,99.78,99.86,99.31
99.99,99.85,100.00,99.61
99.81,99.77,99.95,99.70
99.39,99.44,99.53,99.26
99.63,99.69,99.73,99.46
99.53,99.46,99.70,99.41
99.09,99.53,99.67,99.07
99.69,99.91,99.92,99.59
100.56,100.52,101.01,100.36
100.91,100.86,101.01,100.79
100.78,100.57,100.78,100.51
100.13,100.00,100.15,99.88
99.27,99.36,99.45,99.16
99.24,99.64,99.67,99.20
100.14,100.32,100.48,100.02
100.55,100.33,100.68,100.33
100.17,100.14,100.21,99.97
100.28,100.54,100.60,100.18
100.41,100.11,100.57,99.99
100.06,100.22,100.36,99.96
100.39,100.24,100.41,100.19
100.33,100.68,100.83,100.27
100.15,100.26,100.35,99.77
100.39,100.23,100.43,100.10
99.39,99.45,99.53,99.35
99.34,99.58,99.60,99.10
100.08,100.33,100.35,100.05
100.26,99.94,100.28,99.93
99.89,99.62,99.97,99.46
99.40,99.74,99.79,99.26
99.71,99.69,99.74,99.50
99.65,100.39,100.55,99.61
100.40,100.38,100.50,100.14
99.87,99.76,99.94,99.71
100.16,100.06,100.36,100.01
99.44,99.78,99.82,99.42
99.47,99.02,99.58,98.99
99.23,99.04,99.30,98.95
99.49,100.00,100.02,99.45
99.99,99.59,99.99,99.55
99.61,99.44,99.61,99.11
100.49,100.44,100.80,100.41
100.43,100.29,100.57,100.20
100.16,99.90,100.30,99.81
100.28,100.19,100.48,100.10
99.78,100.35,100.35,99.66
100.42,100.64,100.66,100.42
101.02,101.10,101.20,100.89
101.09,101.06,101.19,100.98
101.41,101.37,101.45,101.24
100.86,100.67,100.86,100.54
100.62,100.87,101.10,100.48
100.53,100.80,100.84,100.38
100.90,100.52,100.93,100.52
100.26,99.87,100.34,99.80
99.97,100.14,100.16,99.83
99.66,99.61,99.66,99.20
98.96,99.35,99.40,98.89
99.59,99.25,99.62,99.19
99.58,99.33,99.88,99.30
99.11,99.13,99.28,98.96
99.14,98.75,99.20,98.69
98.68,98.17,98.80,98.17
98.01,97.54,98.04,97.54
97.86,97.39,97.91,97.27
97.22,97.78,97.82,97.07
97.70,97.30,97.86,97.18
97.20,97.11,97.23,96.59
97.14,96.80,97.14,96.59
96.65,96.58,96.84,96.50
97.22,97.21,97.35,96.85
96.59,96.63,96.75,96.43
96.63,96.27,96.66,95.92
95.72,95.64,96.02,95.48
95.79,95.62,95.89,95.30
95.71,95.82,95.93,95.48
96.10,96.76,96.76,96.10
97.33,96.72,97.39,96.70
96.20,96.84,96.84,96.15
97.11,96.39,97.11,96.38
96.76,96.86,96.93,96.49
96.77,96.60,97.08,96.55
96.91,97.14,97.17,96.85
97.00,97.30,97.30,96.92
96.83,97.11,97.12,96.81
97.61,97.65,97.79,97.56
97.72,97.55,97.77,97.20
97.44,96.61,97.44,96.58
96.85,97.05,97.08,96.74
96.49,96.61,96.66,96.44
96.78,97.09,97.16,96.61
97.02,96.95,97.04,96.89
96.45,96.28,96.47,95.97
97.62,97.67,97.77,97.44
97.83,97.80,97.85,97.48
97.96,98.15,98.23,97.96
98.14,98.01,98.23,97.88
97.73,97.61,97.78,97.42
97.39,97.56,97.59,97.29
97.64,97.22,97.67,97.20
97.50,97.50,97.64,97.32
97.08,97.63,97.69,97.01
97.69,98.00,98.16,97.69
97.94,98.01,98.04,97.77
98.03,98.21,98.21,97.78
98.10,98.37,98.44,98.07
98.63,98.65,98.76,98.58
98.27,98.19,98.42,98.16
97.52,97.80,97.83,97.47
97.85,97.44,97.85,97.25
97.68,97.92,98.05,97.47
98.65,98.50,98.75,98.38
98.73,98.99,99.09,98.69
98.99,99.27,99.30,98.99
99.08,99.14,99.34,99.08
99.31,98.92,99.33,98.92
98.88,98.72,99.13,98.62
99.37,99.23,99.62,99.20
99.27,99.45,99.59,99.27
99.72,99.65,99.78,99.65
99.72,99.96,100.05,99.71
99.99,100.25,100.28,99.99
99.90,100.33,100.36,99.84
100.11,100.17,100.22,100.03
100.31,100.23,100.32,100.13
100.33,100.51,100.55,100.29
100.53,100.79,100.84,100.46
100.59,100.52,100.62,100.44
100.52,100.62,100.62,100.42
100.84,100.48,101.01,100.45
100.06,100.30,100.34,100.03
100.30,100.05,100.30,99.94
100.09,100.27,100.38,100.04
100.39,100.37,100.52,100.34
100.84,100.64,101.00,100.62
100.73,100.50,100.75,100.48
100.35,100.19,100.38,100.11
100.66,100.88,100.91,100.56
100.94,100.87,100.94,100.71
100.51,100.34,100.52,100.27
100.86,101.18,101.36,100.86
101.45,101.67,101.81,101.45
101.67,101.71,101.92,101.66
102.20,102.19,102.35,102.14
102.08,101.82,102.08,101.77
101.83,102.70,102.87,101.73
102.77,102.39,102.96,102.32
102.34,101.97,102.40,101.87
101.99,102.02,102.10,101.88
101.99,102.06,102.14,101.87
101.40,101.84,101.86,101.33
102.01,101.82,102.04,101.67
101.45,101.58,101.62,101.38
101.69,101.38,101.89,101.38
101.20,100.92,101.21,100.86
101.07,101.38,101.53,101.02
101.27,101.13,101.27,100.95
101.23,101.17,101.46,101.06
101.25,101.02,101.25,101.01
100.70,100.65,100.82,100.61
101.04,101.41,101.45,101.00
102.05,101.58,102.07,101.45
101.68,101.77,101.96,101.64
101.87,101.61,101.89,101.42
101.64,101.37,101.68,101.29
101.71,101.58,101.81,101.56
101.52,101.55,101.57,101.38
101.64,101.46,101.68,101.36
100.85,100.76,100.99,100.71
101.11,101.68,101.74,101.08
101.42,100.97,101.42,100.86
100.56,100.11,100.56,100.05
99.88,100.17,100.20,99.87
100.37,100.19,100.42,100.05
100.45,99.97,100.50,99.90
100.29,100.03,100.29,99.97
99.94,99.66,100.00,99.50
99.35,99.57,99.59,99.33
99.46,99.77,99.84,99.46
100.04,99.86,100.19,99.78
99.74,99.76,99.87,99.68
100.01,100.25,100.33,99.93
100.10,99.84,100.10,99.61
99.76,99.41,99.95,99.40
99.34,99.31,99.50,99.27
99.51,99.51,99.53,99.39
99.13,99.26,99.36,99.10
99.32,99.04,99.37,99.04
99.26,99.31,99.36,99.14
99.37,99.35,99.40,98.88
99.76,99.76,99.86,99.72
99.73,99.73,99.82,99.55
99.74,99.79,99.81,99.59
99.84,100.26,100.28,99.81
99.97,100.09,100.09,99.84
100.29,99.96,100.30,99.95
99.88,100.25,100.26,99.84
100.15,100.17,100.25,100.10
100.02,100.07,100.22,99.99
100.13,99.95,100.16,99.94
100.16,100.11,100.28,100.11
100.12,100.28,100.34,100.05
100.29,100.31,100.50,100.23
100.59,100.34,100.63,100.33
100.70,100.76,100.76,100.60
100.77,100.81,100.83,100.68
100.90,100.96,101.18,100.85
101.10,100.98,101.13,100.88
100.98,100.82,101.04,100.79
100.97,101.08,101.09,100.94
100.98,100.88,101.01,100.87
100.71,100.65,100.81,100.63
100.58,100.70,100.74,100.46
100.14,100.11,100.19,99.91
100.14,100.33,100.34,100.14
100.27,100.04,100.27,99.93
100.17,99.96,100.24,99.85
99.97,99.79,99.99,99.75
99.86,100.14,100.45,99.74
101.06,100.92,101.06,100.72
100.92,100.64,100.99,100.62
100.80,100.74,100.90,100.72
100.81,100.88,100.90,100.72
100.74,100.78,100.81,100.63
100.75,100.70,100.90,100.66
100.81,101.00,101.07,100.72
101.18,101.02,101.29,101.00
100.92,101.08,101.10,100.81
100.94,101.03,101.08,100.85
100.76,100.84,100.93,100.76
100.94,100.89,101.00,100.85
100.33,100.27,100.34,99.99
100.10,100.17,100.19,99.99
100.22,99.54,100.22,99.42
99.25,99.16,99.30,99.09
98.72,98.80,98.80,98.47
98.53,98.79,98.84,98.48
98.92,99.21,99.24,98.90
99.05,99.29,99.35,98.93
99.27,99.70,99.86,99.26
99.53,99.69,99.75,99.40
99.70,99.58,99.70,99.53
99.55,99.79,99.86,99.51
99.64,99.87,99.88,99.58
99.80,99.63,99.85,99.48
99.18,99.15,99.35,99.11
98.70,99.00,99.02,98.62
98.95,99.16,99.21,98.95
99.11,99.24,99.27,99.11
99.29,99.32,99.41,99.23
98.86,98.82,98.86,98.63
98.10,98.27,98.29,98.09
97.94,97.74,97.94,97.64
97.57,97.61,97.64,97.41
97.02,97.41,97.42,96.96
97.10,96.77,97.13,96.77
96.82,96.88,96.96,96.55
96.77,97.18,97.21,96.77
96.73,96.41,96.83,96.41
96.36,96.79,96.86,96.32
96.64,96.75,96.77,96.47
96.79,96.74,96.86,96.61
96.73,96.40,96.74,96.15
96.52,96.61,96.67,96.49
97.01,96.64,97.03,96.58
96.73,96.88,96.95,96.68
96.88,96.91,96.96,96.85
96.90,96.81,96.95,96.58
96.89,97.25,97.35,96.81
97.43,97.56,97.59,97.30
97.28,97.29,97.43,97.23
96.94,96.82,96.98,96.70
97.02,96.97,97.09,96.83
97.15,97.08,97.15,97.01
97.11,97.18,97.29,97.09
97.50,97.35,97.54,97.24
97.75,97.83,97.85,97.65
97.88,97.84,97.88,97.71
97.84,97.90,97.97,97.76
97.66,97.81,97.84,97.60
98.05,97.97,98.15,97.86
98.13,97.98,98.20,97.96
97.91,98.22,98.42,97.91
97.35,97.83,97.87,97.19
97.55,97.74,97.77,97.36
97.93,97.83,97.96,97.78
97.92,98.00,98.05,97.89
98.36,98.41,98.43,98.27
98.28,98.09,98.37,98.01
97.50,96.97,97.51,96.95
97.34,97.42,97.45,97.09
96.87,96.87,96.95,96.61
96.92,96.93,97.05,96.80
96.96,96.90,97.00,96.82
96.77,96.93,96.99,96.69
96.91,96.91,97.03,96.82
96.92,96.97,97.03,96.76
97.40,97.43,97.61,97.38
97.50,97.81,97.87,97.49
98.01,98.31,98.38,97.96
98.46,98.71,98.91,98.39
98.60,98.61,98.85,98.45
98.66,98.59,98.83,98.57
98.54,98.66,98.67,98.41
98.57,98.75,98.79,98.52
98.85,99.01,99.04,98.85
98.95,99.11,99.24,98.95
99.11,98.66,99.22,98.55
98.19,98.33,98.34,97.95
98.56,98.34,98.56,98.29
97.80,97.74,98.07,97.71
97.61,97.74,97.77,97.51
97.63,97.57,97.97,97.48
96.51,96.63,96.88,96.48
96.63,97.12,97.30,96.63
96.62,96.83,97.01,96.35
96.34,95.86,97.00,95.71
96.20,96.60,96.62,96.09
96.14,96.33,96.41,96.14
96.17,95.65,96.26,95.64
95.84,96.06,96.07,95.62
95.99,96.53,96.58,95.99
96.39,95.90,96.42,95.82
96.02,96.75,96.88,95.92
96.24,96.13,96.38,96.00
96.17,96.10,96.17,95.81
96.07,96.92,97.47,96.02
97.41,97.51,97.59,97.18
97.49,97.57,97.77,97.33
97.26,97.58,97.70,97.26
97.79,97.35,97.79,97.32
97.79,97.79,97.90,97.61
97.75,97.77,98.11,97.65
97.80,97.71,97.88,97.46
97.42,97.43,97.52,97.35
97.53,96.79,97.75,96.70
96.01,95.88,96.14,95.67
95.05,95.11,95.21,94.88
94.32,94.82,94.96,94.22
94.75,94.62,94.76,94.31
94.98,94.91,95.02,94.75
95.00,94.93,95.11,94.67
94.71,94.55,94.84,94.23
94.48,94.73,94.81,94.48
94.14,94.29,94.47,94.11
94.20,94.54,94.57,94.18
94.06,94.07,94.09,93.78
94.17,94.15,94.27,93.99
94.53,94.46,94.53,94.17
94.53,94.54,95.16,94.48
95.46,95.75,95.87,95.29
95.76,95.65,95.77,95.60
95.58,95.49,95.61,95.36
95.36,95.89,95.93,95.31
95.84,95.48,95.84,95.27
95.55,95.82,95.83,95.40
95.76,95.92,96.02,95.73
96.00,96.16,96.33,95.99
96.43,96.67,96.74,96.39
96.74,96.39,96.76,96.30
96.56,96.86,96.92,96.55
96.77,96.82,96.83,96.52
96.76,96.92,96.98,96.75
96.88,96.51,96.89,96.45
96.47,96.81,97.02,96.32
96.46,96.08,96.51,96.06
95.74,95.68,95.99,95.66
95.69,95.95,95.96,95.61
95.74,95.82,95.92,95.71
95.36,95.41,95.55,95.33
95.59,96.31,96.48,95.59
96.06,96.61,96.75,96.06
96.53,96.50,96.58,96.46
96.15,96.13,96.20,96.10
96.25,96.28,96.34,96.22
96.08,96.52,96.55,96.00
96.20,96.20,96.28,95.99
96.23,96.15,96.31,96.11
95.66,95.69,95.80,95.64
95.26,94.93,95.28,94.87
94.55,94.55,94.74,94.47
94.26,94.69,94.73,94.20
94.63,94.68,94.72,94.54
94.57,94.96,94.97,94.57
94.75,94.86,94.91,94.75
94.65,94.43,94.79,94.38
94.48,94.45,94.61,94.22
94.30,94.41,94.54,94.27
94.58,94.78,94.89,94.55
94.79,94.64,94.86,94.55
95.61,95.55,95.77,95.53
95.84,95.85,95.95,95.78
96.08,96.09,96.13,95.92
96.14,96.39,96.40,96.12
96.24,96.30,96.40,96.23
96.15,96.09,96.22,96.07
96.58,96.30,96.58,96.30
96.39,96.58,96.76,96.39
96.42,97.28,97.46,96.38
97.36,96.88,97.36,96.86
96.68,96.56,96.71,96.55
96.72,96.69,96.79,96.60
96.65,96.53,96.66,96.47
96.40,96.41,96.66,96.40
96.40,96.42,96.49,96.17
96.37,96.53,96.55,96.37
96.66,96.55,96.76,96.53
96.44,96.29,96.44,96.20
96.15,96.23,96.29,96.13
96.29,96.29,96.39,96.26
96.26,96.63,96.64,96.23
96.30,96.41,96.53,96.30
96.32,95.91,96.37,95.87
95.81,95.67,95.83,95.54
95.67,95.63,95.84,95.62
95.63,96.03,96.13,95.63
96.08,96.12,96.14,96.00
95.91,95.80,95.99,95.72
96.00,96.22,96.28,95.94
96.46,96.61,96.72,96.46
96.68,96.60,96.76,96.57
96.56,96.52,96.65,96.52
96.59,96.65,96.79,96.57
96.27,95.74,96.37,95.67
95.58,95.38,95.58,95.28
95.21,95.12,95.24,95.07
95.22,95.21,95.28,95.17
95.24,94.98,95.26,94.98
95.15,94.85,95.17,94.77
95.27,95.38,95.49,95.19
95.35,95.37,95.37,95.12
95.49,95.44,95.56,95.39
95.24,95.08,95.24,95.02
95.21,95.44,95.53,95.21
95.23,95.04,95.29,95.03
94.75,94.90,94.90,94.70
94.88,94.97,94.98,94.88
94.86,94.78,94.88,94.72
94.86,95.06,95.10,94.80
94.68,94.97,95.04,94.48
94.93,95.20,95.23,94.91
95.43,95.31,95.47,95.27
95.27,94.98,95.30,94.87
95.16,95.19,95.26,95.06
94.78,94.50,94.82,94.48
94.39,94.48,94.50,94.27
94.23,94.26,94.32,94.15
94.23,94.40,94.40,94.21
93.90,93.85,93.94,93.81
93.91,93.59,94.04,93.59
93.50,93.41,93.54,93.37
93.35,93.36,93.37,93.19
93.25,93.12,93.30,92.86
93.05,93.44,93.56,92.93
93.34,93.30,93.58,93.23
93.22,93.49,93.49,93.19
93.63,93.77,93.78,93.56
93.86,93.86,93.88,93.64
93.57,93.44,93.58,93.34
93.47,93.83,93.91,93.43
93.90,93.91,94.06,93.89
93.86,93.71,93.86,93.67
93.43,93.01,93.71,92.91
92.93,93.22,93.25,92.91
92.94,93.37,93.38,92.77
93.79,93.70,93.96,93.68
93.60,93.59,93.73,93.54
93.59,93.43,93.61,93.36
93.22,92.88,93.22,92.76
92.96,93.47,93.47,92.96
93.56,93.61,93.65,93.43
93.71,93.14,93.86,93.12
93.61,93.44,93.74,93.44
93.13,93.34,93.44,93.13
92.76,92.29,92.83,92.22
92.02,92.02,92.12,91.90
91.59,91.61,91.70,91.43
90.93,91.20,91.35,90.86
91.39,91.68,91.69,91.37
91.13,90.81,91.16,90.75
90.79,90.83,91.04,90.72
91.10,91.01,91.17,90.96
90.78,90.59,90.84,90.53
90.67,90.62,90.68,90.52
90.65,89.67,90.69,89.66
89.38,89.59,89.62,89.05
89.75,89.80,89.90,89.65
90.06,89.46,90.09,89.46
89.05,89.12,89.22,89.02
89.39,88.98,89.42,88.97
89.09,89.05,89.18,88.96
88.73,89.27,89.65,88.70
89.94,89.60,90.02,89.50
89.76,89.76,89.95,89.67
89.53,89.73,89.91,89.43
89.50,89.82,89.92,89.48
90.43,90.08,90.56,90.06
89.95,89.94,90.09,89.93
89.87,90.28,90.36,89.86
90.48,90.43,90.52,90.38
90.27,90.58,90.78,90.27
90.58,90.53,90.67,90.50
90.72,90.83,90.89,90.64
90.30,89.72,90.33,89.70
89.72,89.60,89.83,89.47
89.19,89.32,89.49,89.15
89.77,89.87,89.95,89.71
89.81,89.70,89.82,89.62
89.63,89.35,89.64,89.22
89.31,89.28,89.31,89.14
89.67,89.80,90.06,89.62
89.73,89.73,89.77,89.60
89.84,89.59,89.84,89.43
89.75,90.08,90.15,89.53
90.44,90.47,90.75,90.42
89.78,89.65,89.79,89.58
89.55,89.56,89.60,89.49
89.56,89.56,89.79,89.51
89.33,89.44,89.62,89.22
89.90,89.95,90.00,89.82
89.66,89.61,89.77,89.56
89.75,89.96,90.01,89.75
89.99,89.29,90.02,89.21
88.96,88.41,89.14,88.22
88.27,88.44,88.52,88.20
88.89,88.71,88.89,88.62
88.65,88.81,88.89,88.60
88.95,89.13,89.15,88.86
89.04,89.73,89.75,89.03
89.76,90.16,90.22,89.76
90.03,89.91,90.07,89.79
90.22,89.98,90.30,89.94
90.04,90.13,90.24,89.97
90.15,90.10,90.20,90.05
90.20,90.11,90.36,90.03
90.56,90.57,90.70,90.50
90.43,90.64,90.72,90.40
91.00,91.04,91.18,90.85
90.92,91.46,91.58,90.92
91.10,90.99,91.32,90.99
90.68,90.59,90.78,90.59
90.73,90.79,90.84,90.65
90.32,90.60,90.62,90.32
90.61,90.24,90.67,90.17
90.43,90.30,90.50,90.29
90.16,90.27,90.31,90.15
90.37,90.18,90.38,90.09
90.04,90.16,90.22,89.97
90.22,90.20,90.22,90.13
90.22,90.14,90.27,90.05
90.24,90.21,90.25,90.10
90.61,90.80,90.83,90.61
90.72,90.76,90.90,90.60
90.53,90.72,90.76,90.49
90.54,90.55,90.90,90.51
90.55,90.79,90.81,90.55
91.19,91.41,91.44,91.14
91.33,91.29,91.35,91.17
91.48,91.89,91.95,91.40
91.23,91.26,91.33,91.17
91.34,91.26,91.41,91.24
91.29,91.17,91.32,91.03
91.18,91.38,91.47,91.17
91.41,91.42,91.45,91.33
91.42,91.58,91.60,91.38
91.56,91.52,91.62,91.45
91.21,91.23,91.30,91.09
91.05,91.10,91.11,90.90
91.13,91.27,91.33,91.08
91.43,91.48,91.54,91.38
91.73,91.58,91.73,91.44
91.60,91.44,91.60,91.37
91.56,91.79,91.85,91.55
91.70,91.73,91.77,91.52
91.29,91.25,91.30,91.18
91.08,91.12,91.15,91.04
91.05,90.92,91.05,90.77
90.96,90.99,91.05,90.73
90.84,90.98,90.98,90.84
91.04,91.16,91.22,91.04
91.21,91.20,91.21,91.08
91.43,91.52,91.54,91.43
91.56,91.60,91.71,91.56
91.56,91.61,91.62,91.49
91.51,91.72,91.78,91.51
91.54,91.55,91.65,91.49
91.52,91.69,91.69,91.41
91.88,91.88,91.93,91.80
92.41,92.50,92.51,92.30
92.65,92.72,92.73,92.59
92.65,92.56,92.65,92.55
92.70,92.75,92.78,92.70
92.86,93.00,93.09,92.75
93.07,93.27,93.29,93.05
93.11,93.20,93.37,93.11
93.36,93.61,93.61,93.27
93.39,93.20,93.39,93.19
92.78,93.59,93.60,92.78
93.49,93.15,93.49,93.09
93.11,93.11,93.27,93.09
93.18,93.28,93.41,93.18
93.17,93.39,93.40,93.17
92.94,92.64,92.94,92.60
92.62,92.79,92.85,92.60
92.69,92.43,92.71,92.33
92.36,92.53,92.72,92.03
92.58,92.42,92.60,92.42
92.63,92.65,92.66,92.59
92.54,92.67,92.70,92.50
92.60,92.61,92.66,92.53
92.72,92.69,92.72,92.55
92.65,92.53,92.66,92.51
92.41,91.96,92.42,91.92
92.00,92.07,92.09,91.97
91.94,91.58,91.94,91.54
91.29,91.22,91.38,91.10
91.10,91.22,91.38,91.10
91.14,90.98,91.34,90.98
91.05,91.15,91.17,91.03
90.85,90.71,90.87,90.59
90.80,91.11,91.11,90.80
91.01,91.05,91.11,90.94
90.63,90.63,90.74,90.54
90.72,91.05,91.05,90.72
90.93,91.03,91.10,90.84
91.03,91.08,91.12,90.91
91.15,91.19,91.22,91.14
91.51,91.30,91.51,91.07
91.29,91.36,91.36,91.29
91.11,90.86,91.12,90.81
90.91,90.65,90.97,90.64
90.81,90.85,90.87,90.79
90.83,90.85,90.93,90.71
90.59,90.55,90.65,90.54
90.78,90.79,90.84,90.69
91.27,91.60,91.81,91.21
91.53,91.68,91.72,91.53
91.75,91.47,91.93,91.43
91.16,90.96,91.16,90.94
91.10,91.31,91.45,91.03
91.66,91.43,91.76,91.42
91.37,91.38,91.43,91.29
91.13,90.61,91.14,90.57
90.25,90.63,90.70,90.16
90.58,90.93,90.94,90.52
90.40,90.00,90.40,89.94
89.77,89.62,89.92,89.61
89.79,89.98,90.09,89.79
90.37,90.66,90.66,90.14
90.69,90.36,90.96,90.24
90.73,90.83,90.94,90.67
91.06,90.84,91.07,90.60
90.35,90.13,90.39,90.10
90.22,89.83,90.27,89.74
89.48,89.92,89.95,89.40
89.55,89.53,89.68,89.48
89.42,89.14,89.49,89.03
89.16,89.15,89.30,89.08
88.92,88.79,89.01,88.64
88.82,89.01,89.08,88.81
89.27,89.10,89.27,89.00
88.52,88.32,88.57,88.25
88.63,89.32,89.46,88.61
89.14,89.03,89.15,88.82
88.94,89.55,89.60,88.71
89.46,89.03,89.66,89.00
88.86,88.67,89.00,88.63
88.83,88.75,88.88,88.70
88.58,87.94,88.64,87.90
88.04,88.35,88.57,87.77
87.70,88.39,88.57,87.70
88.47,88.14,88.65,88.14
88.15,88.16,88.32,88.10
88.68,88.58,88.75,88.50
88.17,88.46,88.92,88.02
88.48,88.55,88.58,88.34
88.77,88.56,88.81,88.49
88.45,88.49,88.60,88.39
88.75,89.02,89.04,88.75
89.34,88.87,89.43,88.63
88.92,88.92,88.98,88.78
88.14,88.24,88.27,87.75
88.00,87.54,88.04,87.40
87.17,87.14,87.29,87.05
86.97,87.31,87.40,86.82
87.14,87.03,87.25,86.94
87.51,87.73,87.83,87.49
87.90,87.41,87.92,87.34
87.47,87.76,87.81,87.42
87.97,87.89,88.16,87.81
87.92,87.40,87.92,87.39
87.57,88.16,88.26,87.57
87.87,88.02,88.04,87.78
87.97,87.99,88.04,87.87
87.63,87.60,87.87,87.55
87.82,87.93,88.04,87.82
88.50,88.49,88.60,88.39
88.35,88.08,88.40,87.94
88.30,88.36,88.51,88.26
88.38,88.50,88.56,88.33
87.20,86.95,87.24,86.90
87.42,87.75,87.86,87.36
87.42,87.22,87.42,87.10
87.32,87.46,87.60,87.09
87.30,87.39,87.44,87.28
87.13,86.97,87.13,86.68
86.83,86.62,86.89,86.59
86.83,86.95,87.16,86.82
86.73,86.64,86.74,86.48
86.22,86.26,86.34,86.10
86.04,85.94,86.32,85.87
85.71,85.29,85.79,85.29
85.50,85.47,85.59,85.41
85.41,85.42,85.99,85.19
85.53,85.70,85.81,85.53
85.68,85.70,85.75,85.50
85.56,85.41,85.59,85.36
85.26,85.53,85.68,85.23
85.62,85.50,85.66,85.41
85.56,85.49,85.65,85.48
85.46,85.49,85.60,85.35
85.58,85.67,85.72,85.51
85.69,85.54,85.92,85.50
85.05,84.54,85.05,84.52
84.42,84.63,84.63,84.25
84.45,84.06,84.60,84.06
83.87,84.09,84.14,83.80
84.00,84.02,84.24,83.95
83.76,83.84,83.98,83.71
83.46,83.08,83.51,83.08
83.13,83.16,83.35,83.06
83.26,83.25,83.34,82.83
83.51,83.13,83.51,83.01
82.74,83.10,83.11,82.63
82.60,82.14,82.60,82.08
82.43,80.64,82.43,80.25
80.37,80.19,80.67,80.17
80.04,80.00,80.28,79.95
79.84,79.78,80.16,79.78
80.07,80.19,80.32,80.01
80.00,79.42,80.00,79.31
79.22,78.85,79.27,78.43
78.02,78.22,78.48,77.80
78.76,79.02,79.19,78.74
79.31,80.18,80.48,79.27
79.65,79.16,79.71,78.97
79.51,80.02,80.22,79.50
79.71,79.40,79.80,79.24
79.77,79.79,79.98,79.75
79.42,79.04,79.48,78.77
78.66,78.63,78.81,78.33
79.34,79.59,79.88,79.34
79.70,79.78,80.00,79.62
80.16,80.35,80.39,79.88
79.88,80.10,80.25,79.80
79.34,79.53,79.69,79.30
79.38,79.27,79.51,79.13
79.08,79.06,79.25,78.90
78.81,79.54,79.67,78.56
80.08,80.02,80.08,79.80
79.61,79.37,79.77,79.32
79.53,79.53,79.68,79.37
79.49,79.33,79.49,79.14
79.72,79.61,79.92,79.60
79.48,80.05,80.12,79.22
79.79,79.52,79.86,79.45
78.93,78.87,78.96,78.73
78.96,78.95,79.05,78.87
78.72,78.43,78.82,78.38
78.21,77.93,78.31,77.68
78.60,78.28,78.66,78.24
78.12,77.75,78.12,77.52
77.88,77.82,78.05,77.61
77.78,77.85,77.95,77.78
77.62,79.11,79.20,77.62
78.18,78.15,78.24,77.94
78.66,79.03,79.23,78.56
79.44,79.56,79.57,79.24
79.62,79.53,79.62,79.36
79.57,79.43,79.64,79.23
80.01,79.73,80.01,79.60
79.65,78.87,79.65,78.87
78.57,78.36,78.71,78.30
78.12,78.50,78.57,78.06
78.63,78.74,79.05,78.50
78.93,79.13,79.14,78.91
79.77,79.67,79.92,79.54
79.47,79.51,79.74,79.47
80.10,79.27,80.10,79.18
79.23,78.95,79.23,78.85
79.02,79.02,79.07,78.87
78.94,78.97,79.03,78.86
79.62,79.58,79.84,79.56
79.35,80.85,80.92,79.29
81.30,81.65,81.87,81.13
81.99,81.33,81.99,81.05
81.27,81.30,81.56,81.19
81.09,80.95,81.12,80.82
81.25,81.29,81.33,81.04
81.30,81.86,82.02,81.30
81.97,81.72,81.97,81.60
81.91,82.20,82.29,81.91
82.29,82.66,82.75,82.29
82.89,82.69,83.22,82.60
82.36,82.43,82.47,81.95
82.08,81.78,82.11,81.50
82.06,82.23,82.25,81.99
82.53,82.38,82.83,82.35
82.77,82.58,83.22,82.48
82.14,82.02,82.20,81.74
82.32,82.22,82.41,81.94
82.23,82.11,82.41,82.08
82.47,82.72,82.97,82.41
83.03,83.05,83.28,83.00
83.37,82.83,83.38,82.81
82.59,82.69,82.88,82.40
82.08,81.75,82.08,81.69
81.30,81.29,81.42,81.15
81.38,81.49,81.63,81.27
81.39,81.42,81.53,81.27
81.00,80.84,81.04,80.70
80.13,79.99,80.13,79.92
79.77,79.81,79.95,79.59
79.50,79.98,80.05,79.28
79.43,79.92,79.95,79.42
79.74,79.33,79.74,79.13
79.80,80.12,80.30,79.68
79.71,79.81,80.06,79.67
79.59,79.53,79.78,79.52
79.23,79.91,79.93,79.14
80.05,80.20,80.20,79.85
80.58,80.54,80.75,80.48
81.40,81.08,81.46,80.93
80.85,80.98,80.99,80.64
80.57,80.74,80.88,80.49
80.58,80.73,80.82,80.53
80.67,80.76,80.79,80.52
80.78,81.26,81.31,80.50
81.81,81.28,81.90,81.21
81.06,81.00,81.18,80.86
81.18,80.67,81.18,80.61
80.40,80.59,80.70,80.31
80.41,80.19,80.42,80.04
80.55,80.65,80.68,80.46
80.33,80.71,80.71,80.28
80.20,80.23,80.37,80.10
79.97,79.58,79.97,79.55
79.32,78.98,79.34,78.90
78.99,79.24,79.24,78.98
78.59,78.54,78.81,78.48
77.95,78.20,78.39,77.79
77.99,78.05,78.17,77.93
78.26,78.24,78.31,78.00
78.07,78.36,78.37,77.95
77.88,78.03,78.08,77.71
77.94,78.02,78.12,77.89
77.73,76.95,77.80,76.75
76.90,76.65,77.02,76.64
76.63,76.56,76.63,76.47
76.53,76.51,76.67,76.37
76.51,76.79,76.95,76.51
76.28,76.23,76.36,76.18
76.35,76.24,76.52,76.21
76.01,76.23,76.30,75.88
76.48,76.22,76.49,76.20
76.44,76.89,77.00,76.44
76.83,76.80,77.28,76.76
76.41,76.40,76.50,76.20
76.68,75.97,76.68,75.94
75.62,75.53,75.80,75.51
75.71,75.39,75.79,75.34
75.61,75.34,75.65,75.34
75.49,75.82,75.82,75.48
75.42,75.65,76.10,75.42
75.64,76.45,76.47,75.58
75.96,75.82,75.96,75.63
76.48,76.58,76.69,76.42
76.21,76.05,76.21,75.94
75.96,75.92,76.26,75.90
75.85,75.94,76.07,75.65
75.87,76.09,76.12,75.87
75.85,75.79,76.12,75.42
75.80,75.97,76.07,75.66
75.99,75.43,75.99,75.39
74.86,74.92,75.95,74.77
75.17,74.45,75.18,74.44
74.69,74.57,74.80,74.47
74.91,75.13,75.41,74.82
74.76,75.17,75.23,74.69
74.77,75.50,75.54,74.59
75.54,75.14,75.66,75.13
75.14,74.86,75.14,74.60
74.89,75.27,75.64,74.89
75.15,74.90,75.15,74.78
75.21,75.22,75.27,74.93
75.11,74.99,75.50,74.96
75.00,75.11,75.33,74.93
74.95,74.97,74.98,74.67
75.01,74.92,75.04,74.84
74.99,74.95,75.06,74.84
75.15,75.43,75.46,75.15
75.32,75.42,75.93,75.23
76.10,75.18,76.11,75.09
75.06,75.01,75.17,74.90
74.91,74.92,74.97,74.71
74.75,74.42,74.88,74.35
74.17,74.60,74.60,74.12
74.59,74.56,74.65,74.45
74.44,74.17,74.47,74.16
74.08,73.99,74.26,73.83
74.16,74.42,74.43,74.08
75.04,74.90,75.12,74.83
75.01,75.43,75.44,75.01
75.73,75.90,75.94,75.73
75.79,76.25,76.25,75.79
76.41,75.99,76.51,75.99
76.13,76.33,76.47,75.95
76.49,76.78,76.86,76.45
76.80,76.31,76.80,76.31
75.95,76.29,76.62,75.94
76.48,76.86,76.90,76.31
76.76,77.30,77.38,76.76
76.99,76.94,77.08,76.77
76.75,76.24,76.75,76.22
76.48,76.48,76.77,76.45
76.21,75.58,76.24,75.57
75.72,75.77,75.88,75.67
75.30,75.33,75.54,75.27
75.54,75.41,75.64,75.40
75.14,74.82,75.14,74.82
75.14,75.25,75.77,75.10
75.23,75.38,75.57,75.23
75.41,75.91,76.01,75.40
75.80,75.77,75.90,75.73
75.55,76.08,76.13,75.49
75.76,75.46,75.76,75.26
75.36,75.38,75.46,75.36
74.78,74.65,74.90,74.54
74.72,74.76,74.81,74.67
74.66,74.83,74.94,74.66
74.95,74.82,74.95,74.73
74.41,74.73,74.74,74.41
74.51,74.53,74.57,74.36
74.34,74.50,74.50,74.25
74.59,74.56,74.60,74.45
74.42,74.50,74.50,74.25
74.76,74.63,74.86,74.60
74.66,74.39,74.74,74.37
74.20,74.20,74.36,74.17
74.41,74.56,74.69,74.37
74.53,74.65,74.68,74.44
74.24,74.21,74.28,74.19
74.32,74.29,74.53,74.27
74.23,74.26,74.43,74.17
74.08,74.35,74.43,74.03
74.29,74.40,74.42,74.06
74.24,74.19,74.48,74.10
73.60,73.44,73.62,73.38
73.03,73.03,73.24,72.92
73.23,73.13,73.40,72.91
73.08,72.77,73.16,72.76
72.56,72.23,72.60,72.14
72.36,72.23,72.39,72.12
72.37,72.22,72.45,72.11
72.08,71.98,72.14,71.67
71.54,71.13,71.54,70.96
71.04,71.15,71.62,71.04
71.20,71.06,71.24,70.90
71.15,71.17,71.27,71.14
71.50,71.63,71.70,71.36
71.77,71.65,71.77,71.56
71.44,71.35,71.50,71.35
71.47,71.76,71.80,71.46
71.38,71.43,71.50,71.25
71.55,71.67,71.76,71.35
71.40,71.17,71.48,70.96
71.21,70.91,71.21,70.80
70.47,70.46,70.61,70.33
70.43,70.39,70.59,70.36
70.38,70.13,70.38,70.11
70.37,69.73,70.43,69.64
69.81,69.56,69.84,69.35
69.69,69.16,69.80,68.98
69.13,69.09,69.13,68.90
68.55,68.26,68.78,68.16
68.45,68.14,68.45,68.05
67.73,68.45,68.51,67.71
68.84,69.45,69.65,68.79
70.13,70.11,70.26,70.01
69.88,69.53,69.97,69.50
70.13,70.48,70.62,70.11
70.43,70.31,70.70,70.11
70.94,70.59,70.94,70.36
70.90,70.80,70.99,70.30
70.85,71.20,71.30,70.57
70.64,70.71,70.83,70.44
71.57,72.03,72.03,71.23
72.61,72.17,72.67,72.14
71.93,71.29,71.94,71.29
71.16,71.19,71.38,70.97
71.47,71.48,71.91,71.38
71.19,71.19,71.65,70.84
70.99,71.21,71.28,70.80
71.11,71.52,71.74,71.10
71.70,71.41,71.70,71.29
71.75,72.37,72.54,71.75
72.41,72.11,72.50,72.11
71.69,72.01,72.02,71.67
72.42,72.33,72.57,72.31
72.05,72.02,72.16,71.75
71.62,72.44,72.49,71.59
72.75,73.21,73.36,72.68
73.32,73.37,73.40,73.12
73.31,73.27,73.54,73.20
73.49,73.91,74.06,73.47
73.51,73.82,73.84,73.47
73.67,74.00,74.13,73.67
73.93,74.44,74.45,73.88
74.23,74.67,74.75,74.18
74.24,73.87,74.24,73.84
73.92,74.81,74.92,73.86
74.52,74.30,74.81,74.00
74.80,74.93,75.26,74.80
74.82,74.74,74.82,74.51
74.31,74.18,74.31,73.98
74.17,75.56,75.57,74.14
76.32,76.30,76.40,76.00
76.47,76.05,76.56,76.05
75.91,75.77,75.97,75.75
75.76,76.04,76.07,75.76
75.48,75.05,75.48,74.97
74.59,74.87,74.88,74.56
75.06,75.16,75.25,75.00
75.21,75.89,75.92,75.11
76.26,76.47,76.74,76.25
76.75,76.33,77.07,76.18
75.68,76.17,76.17,75.41
76.03,75.84,76.17,75.83
75.15,75.34,75.38,74.99
75.29,75.71,75.83,75.24
75.37,75.42,75.49,75.21
76.16,76.22,76.48,76.13
76.59,76.82,76.92,76.55
76.96,77.70,77.71,76.80
77.47,77.34,77.76,77.26
77.33,77.12,77.33,77.02
77.00,77.22,77.26,76.84
76.78,77.46,77.46,76.78
77.99,78.27,78.43,77.99
78.09,78.36,78.66,78.03
78.09,77.85,78.14,77.72
78.29,78.19,78.44,77.95
78.19,78.11,78.24,78.07
78.38,78.50,78.59,78.31
78.59,78.52,78.77,78.01
78.73,78.95,79.17,78.73
79.16,78.97,79.26,78.72
79.16,79.02,79.17,78.92
78.44,77.92,78.53,77.85
77.30,76.97,77.42,76.88
77.36,76.98,77.36,76.97
76.70,76.66,76.92,76.53
76.34,76.42,76.43,76.15
76.50,76.72,76.74,76.39
76.87,77.08,77.19,76.69
77.49,77.18,77.49,77.04
76.79,76.60,76.79,76.47
76.78,76.81,76.92,76.69
76.53,76.76,76.92,76.50
76.38,76.07,76.83,76.02
75.45,75.60,75.74,75.31
75.60,75.47,75.68,75.28
75.21,75.33,75.47,75.20
75.35,75.33,75.67,75.25
75.51,76.06,76.07,75.50
76.64,76.37,76.70,76.20
75.90,75.99,76.19,75.86
75.77,75.54,75.96,75.43
75.60,75.82,75.82,75.54
75.39,75.60,75.76,75.39
76.48,76.51,76.65,76.35
76.67,77.32,77.35,76.65
77.40,77.55,77.64,77.28
78.10,77.99,78.17,77.85
77.73,77.90,77.94,77.72
78.06,77.66,78.09,77.50
77.29,77.35,77.65,77.29
77.21,77.07,77.21,76.97
76.83,76.62,76.92,76.58
76.07,76.44,76.60,75.71
76.90,76.90,77.19,76.80
77.48,77.32,77.54,77.28
77.29,77.33,77.44,77.24
77.40,77.14,77.55,77.11
77.63,77.55,77.70,77.38
76.32,76.19,76.74,76.18
76.07,75.78,76.07,75.42
75.90,75.96,75.99,75.57
76.13,76.30,76.34,76.06
76.43,76.65,76.65,76.11
76.82,76.68,76.93,76.61
76.49,76.08,76.50,76.08
76.05,76.40,76.42,75.89
76.75,76.12,76.88,76.06
76.03,75.93,76.05,75.65
75.76,75.46,75.79,75.41
76.04,75.97,76.27,75.86
75.84,76.29,76.49,75.70
76.62,76.78,76.95,76.47
76.71,76.56,76.73,76.28
76.27,76.51,76.57,76.06
76.01,76.01,76.06,75.92
75.69,75.85,76.00,75.66
75.80,75.67,75.98,75.60
75.63,75.32,75.63,75.08
74.85,74.88,74.96,74.78
74.95,75.05,75.14,74.81
75.11,75.07,75.23,74.70
75.17,75.22,75.28,75.12
75.56,75.81,76.13,75.45
75.61,75.45,75.66,75.45
75.89,75.56,76.10,75.50
75.53,75.72,75.76,75.53
75.81,76.01,76.13,75.81
75.14,75.21,75.22,74.99
75.21,75.21,75.34,75.16
75.30,75.44,75.51,75.30
75.98,75.78,76.02,75.72
76.00,76.25,76.38,75.92
76.49,76.35,76.58,76.32
76.53,76.61,76.69,76.53
76.98,77.01,77.12,76.84
76.84,76.96,77.12,76.70
77.19,77.51,77.54,77.19
76.98,76.96,77.00,76.76
76.67,76.39,76.67,76.35
76.63,76.65,76.92,76.60
76.54,76.53,76.63,76.42
76.55,76.56,76.56,76.48
76.79,76.11,77.06,76.07
75.92,76.01,76.07,75.87
75.77,75.57,75.82,75.53
75.42,75.46,75.50,75.29
75.30,75.62,75.62,75.27
76.02,76.17,76.20,75.96
76.65,77.01,77.12,76.57
77.10,76.68,77.14,76.65
76.68,76.53,76.75,76.51
76.04,75.91,76.05,75.81
75.46,75.80,75.88,75.42
75.29,75.16,75.36,75.02
74.99,74.97,75.25,74.93
74.96,75.19,75.33,74.90
74.76,74.88,74.96,74.68
75.16,74.94,75.25,74.92
74.77,74.90,74.97,74.73
74.98,75.47,75.48,74.80
76.04,75.77,76.08,75.72
75.26,75.12,75.35,75.09
75.17,74.75,75.17,74.72
74.62,74.94,74.94,74.59
74.86,75.50,75.59,74.57
75.70,75.24,75.70,75.09
75.45,75.42,75.55,75.30
75.44,75.46,75.56,75.32
75.26,74.99,75.29,74.91
75.02,75.09,75.15,74.78
74.91,74.89,74.93,74.69
74.78,74.48,74.78,74.30
74.65,75.10,75.26,74.65
74.98,74.71,74.98,74.57
74.59,74.63,74.86,74.47
74.66,74.92,75.00,74.63
75.13,75.24,75.48,75.07
75.32,75.33,75.36,75.18
75.65,75.38,75.65,75.32
75.55,75.34,76.03,75.31
75.01,74.82,75.01,74.79
74.24,74.25,74.31,74.10
74.12,73.89,74.18,73.82
74.11,74.08,74.25,74.06
74.05,73.91,74.19,73.91
74.06,73.89,74.06,73.80
73.81,73.86,74.06,73.67
73.82,73.74,73.88,73.70
74.03,73.88,74.03,73.77
73.91,73.84,73.96,73.72
73.90,73.90,73.95,73.81
73.65,73.78,73.84,73.49
73.93,73.95,74.01,73.76
74.01,74.32,74.36,73.94
73.55,73.91,73.96,73.40
73.31,73.37,73.62,73.21
73.08,73.02,73.30,73.00
72.97,72.99,72.99,72.80
73.07,73.54,73.54,73.07
73.54,73.56,73.74,73.44
73.73,73.20,73.73,73.16
73.18,73.19,73.26,73.04
73.73,73.71,73.88,73.54
73.89,73.51,73.89,73.45
73.21,73.26,73.41,73.19
73.24,73.14,73.24,73.13
73.66,73.65,73.78,73.59
73.42,73.59,73.70,73.42
73.80,73.57,73.80,73.47
73.97,74.22,74.33,73.82
74.44,74.43,74.50,74.32
74.46,74.47,74.67,74.40
74.31,74.37,74.45,74.31
74.38,74.66,74.68,74.38
74.66,74.92,74.96,74.66
74.97,74.99,75.13,74.96
75.29,75.26,75.40,75.17
75.37,75.26,75.43,75.23
75.36,74.43,75.55,74.34
73.93,74.04,74.07,73.67
73.87,74.05,74.14,73.80
73.79,73.64,73.85,73.64
73.70,73.93,73.97,73.70
73.81,73.73,73.89,73.60
73.24,73.21,73.39,73.19
72.91,73.00,73.05,72.91
72.88,72.76,73.00,72.76
72.68,72.89,72.98,72.68
72.85,73.15,73.28,72.85
73.44,73.57,73.65,73.44
73.35,73.54,73.71,73.35
74.12,74.24,74.36,74.03
74.36,74.62,74.88,74.33
74.73,74.66,74.85,74.56
74.58,74.70,74.80,74.54
74.85,74.71,74.89,74.65
74.59,75.01,75.29,74.33
75.46,75.26,75.51,75.17
75.19,75.29,75.35,75.11
