GMAN,Gordmans Stores,NASDAQ
N/A,N/A,N/A,N/A
N/A,N/A,N/A,N/A
N/A,N/A,N/A,N/A
N/A,N/A,N/A,N/A
N/A,N/A,N/A,N/A
N/A,N/A,N/A,N/A
N/A,N/A,N/A,N/A
N/A,N/A,N/A,N/A
N/A,N/A,N/A,N/A
N/A,N/A,N/A,N/A
N/A,N/A,N/A,N/A
N/A,N/A,N/A,N/A
N/A,N/A,N/A,N/A
N/A,N/A,N/A,N/A
N/A,N/A,N/A,N/A
N/A,N/A,N/A,N/A
N/A,N/A,N/A,N/A
N/A,N/A,N/A,N/A
N/A,N/A,N/A,N/A
N/A,N/A,N/A,N/A
N/A,N/A,N/A,N/A
N/A,N/A,N/A,N/A
N/A,N/A,N/A,N/A
N/A,N/A,N/A,N/A
N/A,N/A,N/A,N/A
N/A,N/A,N/A,N/A
N/A,N/A,N/A,N/A
N/A,N/A,N/A,N/A
N/A,N/A,N/A,N/A
N/A,N/A,N/A,N/A
N/A,N/A,N/A,N/A
N/A,N/A,N/A,N/A
N/A,N/A,N/A,N/A
N/A,N/A,N/A,N/A
N/A,N/A,N/A,N/A
N/A,N/A,N/A,N/A
N/A,N/A,N/A,N/A
N/A,N/A,N/A,N/A
N/A,N/A,N/A,N/A
N/A,N/A,N/A,N/A
N/A,N/A,N/A,N/A
N/A,N/A,N/A,N/A
N/A,N/A,N/A,N/A
N/A,N/A,N/A,N/A
N/A,N/A,N/A,N/A
N/A,N/A,N/A,N/A
N/A,N/A,N/A,N/A
N/A,N/A,N/A,N/A
N/A,N/A,N/A,N/A
N/A,N/A,N/A,N/A
N/A,N/A,N/A,N/A
N/A,N/A,N/A,N/A
N/A,N/A,N/A,N/A
N/A,N/A,N/A,N/A
N/A,N/A,N/A,N/A
N/A,N/A,N/A,N/A
N/A,N/A,N/A,N/A
N/A,N/A,N/A,N/A
N/A,N/A,N/A,N/A
N/A,N/A,N/A,N/A
N/A,N/A,N/A,N/A
N/A,N/A,N/A,N/A
N/A,N/A,N/A,N/A
N/A,N/A,N/A,N/A
N/A,N/A,N/A,N/A
N/A,N/A,N/A,N/A
N/A,N/A,N/A,N/A
N/A,N/A,N/A,N/A
N/A,N/A,N/A,N/A
N/A,N/A,N/A,N/A
N/A,N/A,N/A,N/A
N/A,N/A,N/A,N/A
N/A,N/A,N/A,N/A
N/A,N/A,N/A,N/A
N/A,N/A,N/A,N/A
N/A,N/A,N/A,N/A
N/A,N/A,N/A,N/A
N/A,N/A,N/A,N/A
N/A,N/A,N/A,N/A
N/A,N/A,N/A,N/A
N/A,N/A,N/A,N/A
N/A,N/A,N/A,N/A
N/A,N/A,N/A,N/A
N/A,N/A,N/A,N/A
N/A,N/A,N/A,N/A
N/A,N/A,N/A,N/A
N/A,N/A,N/A,N/A
N/A,N/A,N/A,N/A
N/A,N/A,N/A,N/A
N/A,N/A,N/A,N/A
N/A,N/A,N/A,N/A
N/A,N/A,N/A,N/A
N/A,N/A,N/A,N/A
N/A,N/A,N/A,N/A
N/A,N/A,N/A,N/A
N/A,N/A,N/A,N/A
N/A,N/A,N/A,N/A
N/A,N/A,N/A,N/A
N/A,N/A,N/A,N/A
N/A,N/A,N/A,N/A
N/A,N/A,N/A,N/A
N/A,N/A,N/A,N/A
N/A,N/A,N/A,N/A
N/A,N/A,N/A,N/A
N/A,N/A,N/A,N/A
N/A,N/A,N/A,N/A
N/A,N/A,N/A,N/A
N/A,N/A,N/A,N/A
N/A,N/A,N/A,N/A
N/A,N/A,N/A,N/A
N/A,N/A,N/A,N/A
N/A,N/A,N/A,N/A
N/A,N/A,N/A,N/A
N/A,N/A,N/A,N/A
N/A,N/A,N/A,N/A
N/A,N/A,N/A,N/A
N/A,N/A,N/A,N/A
N/A,N/A,N/A,N/A
N/A,N/A,N/A,N/A
N/A,N/A,N/A,N/A
N/A,N/A,N/A,N/A
N/A,N/A,N/A,N/A
N/A,N/A,N/A,N/A
N/A,N/A,N/A,N/A
N/A,N/A,N/A,N/A
N/A,N/A,N/A,N/A
N/A,N/A,N/A,N/A
N/A,N/A,N/A,N/A
N/A,N/A,N/A,N/A
N/A,N/A,N/A,N/A
N/A,N/A,N/A,N/A
N/A,N/A,N/A,N/A
N/A,N/A,N/A,N/A
N/A,N/A,N/A,N/A
N/A,N/A,N/A,N/A
N/A,N/A,N/A,N/A
N/A,N/A,N/A,N/A
N/A,N/A,N/A,N/A
N/A,N/A,N/A,N/A
N/A,N/A,N/A,N/A
N/A,N/A,N/A,N/A
N/A,N/A,N/A,N/A
N/A,N/A,N/A,N/A
N/A,N/A,N/A,N/A
N/A,N/A,N/A,N/A
N/A,N/A,N/A,N/A
N/A,N/A,N/A,N/A
N/A,N/A,N/A,N/A
11.00,11.03,11.99,11.00
10.99,10.85,10.99,10.70
10.95,10.71,10.95,10.65
10.69,10.50,10.84,10.49
10.60,10.25,10.60,10.00
10.10,10.24,10.39,10.02
10.08,9.85,10.34,9.68
10.10,9.91,10.38,9.83
9.94,10.32,10.40,9.94
10.65,10.53,10.69,9.99
10.69,10.54,10.69,10.01
10.57,10.70,10.89,10.50
10.68,10.66,10.89,10.39
10.55,10.79,10.89,10.35
10.70,10.83,10.93,10.43
10.96,10.80,10.96,10.70
10.88,10.83,10.88,10.76
10.68,10.64,11.02,10.48
10.40,10.69,10.85,10.35
10.83,10.79,10.83,10.61
10.90,10.65,10.90,10.61
10.89,10.63,10.89,10.42
10.09,10.38,10.55,10.09
10.18,9.63,10.35,9.26
9.88,9.75,9.98,9.65
10.00,10.12,10.25,9.78
9.82,10.16,10.23,9.82
10.26,10.10,10.30,9.91
10.29,10.09,10.53,10.07
10.12,10.29,10.31,10.02
10.30,10.65,10.78,10.18
10.80,10.99,10.99,10.59
11.02,10.99,11.02,10.57
10.72,10.70,10.94,10.41
10.56,10.71,10.88,10.51
10.75,11.16,11.42,10.70
11.14,11.04,11.28,11.03
11.22,11.36,11.47,11.15
11.39,11.94,12.29,11.34
12.02,11.55,12.02,11.47
11.48,11.77,12.00,11.04
11.77,11.55,11.87,11.30
11.67,11.69,12.21,11.60
10.87,11.93,11.93,10.85
11.95,11.66,12.00,11.57
11.74,11.83,11.96,11.67
11.93,11.97,12.00,11.67
11.93,11.91,11.99,11.73
12.00,11.98,12.28,11.86
11.89,11.64,12.03,11.46
11.77,11.86,11.95,11.40
11.80,11.77,11.90,11.53
11.63,11.29,11.63,11.21
11.33,11.11,11.38,11.07
11.27,10.72,11.34,10.55
10.80,10.71,10.94,10.68
10.86,10.59,10.86,10.49
10.35,10.52,10.64,10.24
10.51,10.65,10.74,10.45
10.65,9.93,10.82,9.80
9.93,10.03,10.33,9.70
10.04,10.30,10.30,10.03
10.35,10.43,10.43,10.07
10.24,10.45,10.75,10.24
10.45,10.39,10.53,10.18
10.41,10.85,11.79,10.32
10.75,10.69,11.19,10.56
10.60,10.99,11.31,10.38
10.99,11.36,11.72,10.96
11.36,11.03,11.72,11.00
11.00,10.76,11.01,10.70
10.71,11.09,11.14,10.71
11.21,10.66,11.46,10.51
10.65,11.27,11.34,10.64
11.31,11.41,11.59,11.20
11.44,11.62,11.70,11.14
11.60,12.20,12.27,11.60
12.15,11.83,12.15,11.69
11.97,12.62,13.00,11.97
12.60,12.94,13.00,12.60
13.00,12.73,13.00,12.55
12.60,12.76,12.76,12.41
13.02,13.61,13.62,12.64
14.00,16.39,16.60,14.00
16.25,15.82,16.35,15.68
15.75,15.97,16.01,15.36
16.19,17.10,17.48,15.84
17.22,17.80,17.91,17.06
17.78,17.29,18.03,17.11
17.32,16.45,17.40,16.05
16.55,16.70,17.97,16.51
16.88,17.51,18.25,16.87
17.50,17.38,17.88,17.10
17.40,17.38,17.61,17.25
17.32,17.30,17.42,16.78
17.40,17.11,17.40,16.67
17.20,16.77,17.20,16.50
16.72,16.75,17.00,16.53
16.84,16.28,16.86,16.28
16.11,16.54,16.91,15.79
16.20,16.62,16.90,16.14
16.56,16.39,16.78,16.35
16.91,16.47,16.91,16.12
16.35,16.76,16.98,16.35
17.11,17.60,17.95,15.75
17.72,16.71,17.72,16.71
16.67,17.99,18.50,16.56
17.96,18.22,18.68,17.01
17.64,17.62,18.92,17.51
17.58,16.73,17.79,16.69
16.80,16.48,17.35,16.36
16.67,16.47,16.94,15.95
18.43,15.83,18.64,15.56
15.68,16.15,16.16,15.65
15.99,15.95,16.35,15.59
15.88,16.06,16.49,15.55
15.96,15.94,16.22,15.89
16.00,15.23,16.00,15.06
15.27,15.74,16.41,15.27
15.53,15.21,15.75,15.16
15.36,15.16,16.06,15.06
15.00,16.00,16.61,15.00
16.09,14.61,16.09,14.46
14.56,14.93,15.48,14.40
14.98,14.56,15.08,14.41
14.58,14.49,14.83,14.48
14.56,14.52,15.04,14.35
14.62,14.44,15.03,14.27
14.40,14.29,14.98,14.04
14.36,14.90,14.93,14.11
14.81,15.53,15.71,14.81
15.44,16.05,16.69,14.40
15.92,16.00,16.50,15.74
16.06,16.21,16.41,15.65
16.22,16.22,16.34,16.14
16.26,16.25,16.29,16.00
16.22,16.37,16.47,16.22
16.49,16.70,16.91,16.43
16.48,16.01,16.61,16.00
15.99,15.00,16.00,14.97
15.01,14.78,15.18,14.15
14.85,15.41,15.59,14.54
15.15,14.98,15.32,14.90
14.62,14.08,14.88,13.78
14.00,14.11,14.25,13.84
14.30,14.37,14.43,14.20
14.32,14.10,14.38,14.00
14.23,14.04,14.64,13.93
14.08,14.55,14.69,14.08
14.36,14.63,14.66,14.26
14.21,14.10,14.23,14.00
14.08,14.09,14.72,14.04
14.00,14.22,14.37,13.80
13.55,13.89,14.20,13.55
13.81,13.65,13.94,13.59
13.94,14.27,14.28,13.32
15.99,16.38,16.44,15.70
16.50,16.46,16.81,16.01
16.36,16.10,16.42,16.04
16.00,16.35,16.48,16.00
16.40,16.15,16.44,15.72
16.47,16.34,16.50,16.22
16.28,16.50,16.50,16.21
16.41,16.63,16.75,16.00
16.76,17.52,17.99,16.56
17.50,17.73,17.90,16.84
17.34,17.60,18.18,17.34
17.75,17.39,17.80,17.02
17.37,16.99,17.75,16.88
17.24,16.80,17.45,16.80
16.85,16.79,17.23,16.73
16.95,15.94,16.97,15.80
15.94,16.41,16.73,15.93
16.74,16.53,16.74,16.35
16.71,16.48,16.79,16.03
16.22,16.50,16.76,16.22
16.35,17.75,17.75,16.19
17.41,18.03,18.10,17.03
18.02,18.24,19.05,17.77
18.66,18.71,19.74,18.13
18.81,18.30,19.00,17.97
18.95,19.05,19.26,18.37
19.05,18.85,19.42,18.65
18.92,18.76,18.92,18.43
18.91,18.86,19.25,18.62
18.87,18.79,19.01,18.49
18.64,18.67,19.05,18.07
18.92,18.88,19.03,18.75
18.67,18.70,18.92,18.50
18.90,18.97,19.11,18.25
19.25,19.28,19.50,19.04
19.40,19.25,19.81,19.19
19.16,19.44,20.35,19.00
19.48,19.63,19.95,19.33
19.81,19.64,20.12,19.47
19.81,20.02,20.22,19.35
19.97,19.85,20.49,19.83
20.38,20.00,20.88,19.71
20.04,21.18,21.36,19.81
21.47,21.50,21.59,20.73
21.51,21.26,21.57,20.86
20.99,22.09,22.48,20.99
22.28,22.03,22.28,21.86
22.05,22.94,23.09,21.86
22.72,22.01,23.24,21.77
15.85,17.42,17.99,15.61
17.50,17.39,17.60,16.67
17.01,17.02,17.23,16.89
16.88,16.64,17.04,16.56
16.48,16.25,16.57,16.24
16.12,15.49,16.23,15.23
15.57,15.53,15.93,15.50
15.34,16.48,16.65,15.34
16.45,16.84,16.90,16.43
16.71,16.81,16.90,16.60
16.80,16.72,16.81,16.45
16.81,16.98,17.02,16.63
16.77,16.53,16.92,16.40
16.48,16.42,16.68,16.21
16.64,16.76,16.80,16.48
16.62,16.97,17.04,16.62
17.07,17.23,17.25,16.96
17.12,16.80,17.29,16.78
16.73,17.40,17.53,16.57
17.38,17.72,17.88,16.66
17.70,17.68,17.81,17.17
17.79,18.43,18.47,17.45
18.49,17.79,18.49,17.76
17.91,17.39,18.16,17.36
17.50,17.79,17.98,17.49
17.85,17.85,18.06,17.64
18.49,17.88,18.49,17.61
18.04,18.27,18.41,17.79
18.11,18.32,18.42,18.11
18.15,18.15,18.45,18.06
18.14,18.12,18.49,18.10
18.18,18.51,18.93,17.96
18.58,18.29,18.58,18.17
18.32,18.27,19.00,17.94
18.27,18.29,18.50,18.08
18.28,19.43,19.66,18.16
19.31,19.33,19.43,19.09
19.42,19.50,19.94,19.37
19.54,19.23,19.54,18.98
19.13,19.22,19.54,16.59
18.93,19.22,19.57,18.87
18.94,18.82,19.15,18.56
18.56,17.79,18.76,17.52
17.75,17.93,18.28,17.67
18.06,17.84,18.40,17.63
17.87,17.71,18.45,17.31
17.81,18.55,18.74,17.75
18.08,17.53,18.48,17.46
17.69,17.82,18.61,17.18
17.61,16.40,18.19,16.40
16.82,17.38,18.26,16.29
16.98,16.65,18.01,16.40
16.54,16.32,16.89,16.14
16.32,15.66,16.59,15.61
16.01,16.00,16.06,15.78
15.96,15.65,16.09,15.58
15.79,15.48,15.94,14.88
15.10,14.03,15.46,13.17
13.75,14.31,14.53,13.75
14.60,14.87,15.09,14.18
14.91,15.50,15.65,14.62
15.51,15.45,15.98,15.07
15.38,14.58,15.38,14.44
14.49,14.82,15.12,14.10
15.04,15.39,15.47,14.40
15.31,15.30,16.08,14.78
14.46,14.90,15.28,14.46
14.52,14.36,15.00,14.33
14.29,13.65,14.62,13.49
13.14,13.93,14.00,13.09
14.24,14.03,14.43,13.88
13.96,13.52,14.11,13.51
13.36,12.78,13.57,12.67
12.68,13.00,13.56,12.14
13.00,13.05,13.39,12.98
13.31,13.37,13.63,13.17
13.93,13.44,13.93,13.30
13.50,13.43,13.72,13.31
13.28,13.05,13.32,12.96
13.07,12.95,13.26,12.95
13.08,12.29,13.23,12.23
12.01,11.49,12.29,11.48
11.55,11.79,11.98,11.43
12.24,12.44,12.45,11.80
12.57,12.85,13.08,12.39
12.92,12.32,12.95,12.25
12.50,12.19,12.50,12.00
12.02,11.97,12.20,11.87
11.88,11.54,12.08,11.45
11.48,12.52,12.65,11.48
12.40,12.98,13.00,12.23
13.64,13.10,13.64,12.70
12.95,13.09,13.51,12.79
13.38,13.90,13.90,13.11
13.79,13.37,13.96,12.93
13.42,12.90,13.42,12.72
12.77,12.39,12.88,12.12
12.46,12.30,12.77,12.15
12.06,11.73,12.27,11.70
11.96,12.00,12.24,11.43
12.05,11.63,12.23,11.50
11.68,11.27,11.69,11.18
11.48,11.48,11.72,11.18
11.48,12.04,12.12,11.48
12.45,12.57,13.22,12.45
12.98,12.79,13.00,12.53
13.33,14.31,14.31,12.97
13.82,14.27,14.40,12.97
14.10,13.98,14.43,13.89
13.57,13.33,13.84,13.26
13.44,13.82,13.96,13.16
14.09,14.43,14.47,13.45
14.25,14.20,14.47,13.97
14.25,14.88,14.92,14.20
14.89,15.13,15.29,14.71
14.72,14.46,15.15,14.44
14.80,14.81,15.09,14.39
14.54,15.56,15.65,14.54
15.13,15.38,15.71,15.13
15.19,15.48,15.57,15.10
15.25,15.09,15.44,15.03
15.10,14.11,15.16,13.82
14.17,14.28,14.53,14.05
13.98,13.19,14.02,12.53
13.29,12.64,13.37,12.51
12.53,11.70,13.00,11.65
11.74,11.46,11.95,11.42
11.82,12.30,12.74,11.73
12.36,12.07,12.60,11.94
12.67,12.85,13.05,12.35
13.20,12.43,13.20,12.40
12.69,12.79,13.03,12.32
12.78,12.17,12.91,12.16
12.25,12.47,12.68,12.22
12.40,12.76,12.85,12.30
12.69,12.50,12.83,12.39
12.47,13.12,13.18,12.45
12.96,12.93,13.06,12.73
13.03,13.07,13.25,12.92
13.00,13.83,13.85,13.00
13.99,14.06,14.50,13.67
14.21,13.33,14.21,13.12
13.53,13.03,13.53,12.88
13.38,13.86,13.94,13.11
13.76,13.38,13.77,13.05
13.33,13.27,13.54,13.01
13.30,13.10,13.30,12.99
13.13,12.90,13.31,12.85
12.80,12.00,12.82,12.00
12.10,12.50,12.54,12.05
12.40,12.57,12.78,12.35
12.97,12.89,13.16,12.69
12.94,12.52,13.06,12.48
12.45,12.45,12.64,12.40
12.40,12.10,12.43,12.04
12.21,12.12,12.26,11.75
12.33,12.40,12.52,12.06
12.39,12.39,12.48,12.20
12.40,13.68,13.79,12.23
13.57,14.25,14.29,13.51
14.33,14.15,14.33,13.80
13.96,14.22,14.22,13.76
14.15,14.74,14.78,13.95
14.62,15.47,15.50,14.62
15.47,15.33,15.50,15.12
15.21,15.19,15.36,15.00
15.20,15.07,15.20,14.68
15.12,14.29,15.13,14.10
14.18,14.58,14.60,14.13
14.41,14.62,14.72,14.25
14.91,14.52,14.91,14.45
14.66,14.52,14.68,14.30
14.38,14.99,15.09,14.38
15.00,15.37,15.37,14.95
15.28,15.01,15.37,14.66
14.70,14.58,15.16,14.58
14.68,14.09,14.78,12.89
14.02,13.75,14.20,13.75
13.66,13.50,13.71,13.21
13.64,14.00,14.00,13.50
14.00,14.02,14.20,13.92
14.16,14.01,14.19,13.98
14.03,14.30,14.30,13.98
14.32,14.44,14.49,14.26
14.55,14.01,14.60,13.97
14.01,14.20,14.45,13.98
14.24,14.63,14.69,14.15
14.68,14.78,15.22,14.68
14.66,14.69,14.80,14.50
14.69,15.05,15.06,14.69
15.07,15.17,15.35,14.95
15.33,15.25,15.45,15.13
15.27,15.10,15.45,15.04
15.32,15.11,15.37,15.00
15.00,15.00,15.23,14.80
15.11,15.03,15.18,14.94
15.08,15.02,15.14,14.95
14.98,15.14,15.31,14.96
15.06,15.45,15.52,15.06
15.59,15.51,15.59,15.31
15.55,15.49,15.59,15.32
15.56,15.55,15.69,15.32
15.51,15.47,15.59,15.37
15.50,15.44,15.60,15.12
17.15,19.44,19.69,16.75
19.15,19.79,20.28,19.14
19.65,20.13,20.17,19.49
20.00,20.47,20.66,19.84
20.64,20.88,21.59,20.64
20.89,20.55,21.20,20.47
20.53,20.52,20.70,20.49
20.38,20.83,21.00,20.02
20.95,21.97,22.28,20.80
22.07,22.33,22.49,22.00
22.28,22.75,22.86,22.18
22.40,22.24,22.61,22.09
22.25,22.22,22.50,22.16
21.82,21.83,22.19,21.46
21.84,21.17,21.89,20.95
21.32,21.40,21.75,20.94
21.46,21.40,21.85,21.34
21.35,20.98,21.37,20.86
21.14,21.23,21.34,20.87
21.50,21.67,21.87,21.45
21.54,21.11,21.91,21.00
21.17,20.93,21.22,20.85
21.21,21.03,21.67,20.71
20.63,21.25,21.44,20.51
21.26,20.94,21.28,20.77
21.28,20.86,21.28,20.46
20.88,20.99,21.03,20.76
21.33,21.46,21.73,21.02
21.50,21.24,21.81,21.13
21.12,21.18,21.35,20.97
20.93,21.13,21.20,20.81
21.00,19.99,21.04,19.80
19.99,19.16,20.01,19.15
19.18,18.86,19.30,18.66
18.66,18.53,18.90,18.19
18.37,18.74,18.96,18.23
18.92,17.95,18.92,17.79
17.61,19.41,19.89,17.61
19.26,19.21,19.44,18.85
19.12,20.42,20.65,19.12
20.00,20.15,20.80,20.00
20.17,19.60,20.17,19.52
19.61,19.13,19.61,19.01
19.21,18.48,19.21,18.20
18.39,17.98,18.55,17.76
17.79,18.07,18.12,17.40
18.20,17.42,18.20,16.93
17.40,17.15,17.57,16.59
17.40,17.88,17.88,17.16
17.62,18.03,18.09,17.41
18.02,17.81,18.20,17.70
17.43,17.16,17.91,17.00
17.04,17.31,17.39,16.81
17.26,17.58,17.80,17.23
17.76,18.05,18.07,17.49
18.18,17.33,18.20,17.28
17.29,17.60,17.69,17.19
18.06,17.64,18.23,17.54
17.79,17.97,18.10,17.52
17.98,17.33,18.10,17.27
17.27,17.60,17.79,17.27
17.69,17.76,17.79,17.32
17.55,17.95,18.04,17.28
18.09,17.77,18.09,17.48
17.81,17.55,17.85,17.34
17.55,17.22,17.63,16.99
17.28,17.55,17.91,16.80
17.28,17.17,17.28,17.01
17.12,16.65,17.12,16.61
16.60,16.20,16.87,16.15
16.04,16.05,16.28,15.48
16.33,16.50,16.59,16.21
16.62,16.97,16.97,16.42
16.99,17.04,17.08,16.89
17.06,17.60,17.79,17.06
17.57,16.82,17.64,16.49
16.80,17.44,17.47,16.72
17.55,17.48,17.78,17.39
17.59,17.75,17.92,17.31
17.73,18.22,18.29,17.54
18.31,18.31,18.51,18.22
18.30,18.40,18.51,18.30
18.54,18.50,18.60,18.07
18.40,18.31,18.74,18.23
18.31,18.45,18.49,18.16
18.26,17.80,18.26,17.80
17.54,16.79,17.54,16.60
16.94,16.22,16.94,16.13
16.35,16.47,16.69,16.32
16.69,16.69,16.91,16.55
16.76,16.88,16.95,16.58
16.80,16.92,17.00,16.79
16.89,16.94,17.15,16.78
16.97,16.78,16.99,16.78
16.61,16.90,17.07,16.48
17.06,17.39,17.50,17.06
17.33,17.50,18.02,17.33
17.65,17.57,17.69,17.36
17.41,17.92,17.98,17.41
17.99,18.24,18.28,17.91
18.27,18.19,18.29,18.00
18.23,18.41,18.50,17.92
18.44,18.25,18.59,18.19
18.30,18.51,18.54,18.15
18.56,18.86,18.88,18.47
18.78,19.25,19.25,18.73
19.29,19.08,19.29,18.83
19.10,19.05,19.34,18.86
19.04,19.07,19.33,18.88
19.15,19.01,19.23,18.80
18.92,19.29,19.43,18.81
19.44,19.45,19.46,19.01
19.50,19.72,19.72,19.49
19.82,20.40,20.53,19.81
20.40,20.67,21.10,20.28
17.10,17.58,17.96,16.25
17.51,17.84,18.09,17.07
17.74,17.99,18.05,17.50
18.01,17.85,18.19,17.70
17.94,17.87,17.95,17.51
17.72,17.72,17.85,17.33
17.75,17.63,17.83,17.42
17.70,17.90,17.93,17.55
17.87,18.48,18.72,17.87
18.66,19.23,19.28,18.56
19.27,18.62,19.27,18.49
18.59,18.26,18.59,18.10
18.24,17.91,18.24,17.74
17.79,17.95,17.98,17.60
18.14,17.88,18.15,17.84
17.84,18.25,18.33,17.74
18.34,17.78,18.34,17.75
17.88,17.90,18.00,17.70
17.92,18.09,18.32,17.89
17.99,18.45,18.63,17.99
15.25,14.20,15.25,13.75
14.30,14.19,14.99,13.85
14.24,14.29,14.87,14.02
14.38,15.10,15.12,14.38
15.10,15.00,15.45,14.81
15.00,15.08,15.30,14.89
15.13,15.00,15.29,14.78
15.00,14.99,15.23,14.84
15.02,14.99,15.30,14.90
15.01,15.11,15.25,14.84
15.20,14.89,15.20,14.79
15.00,15.22,15.22,14.78
15.22,15.49,15.58,15.15
15.54,15.69,16.00,15.10
15.65,15.41,15.65,15.32
15.35,15.03,15.56,15.03
14.91,15.03,15.13,14.80
15.13,14.88,15.15,14.84
15.02,14.88,15.02,14.62
14.91,14.99,15.04,14.64
15.13,15.06,15.58,14.90
15.16,14.66,15.25,14.63
14.77,14.58,14.77,14.32
14.62,15.00,15.14,14.55
15.08,14.96,15.43,14.76
14.89,14.92,15.08,14.58
14.92,14.62,14.92,14.62
14.53,14.75,14.99,14.53
14.74,14.84,15.03,14.44
14.77,14.23,14.88,14.00
14.18,13.69,14.31,13.52
13.73,14.05,14.30,13.72
14.03,14.41,14.46,13.90
14.50,14.57,14.75,14.38
14.48,14.60,14.66,14.16
14.71,14.95,14.95,14.35
14.94,15.35,15.54,14.89
15.28,14.99,15.30,14.87
14.55,14.01,14.86,13.85
14.30,15.27,15.27,13.90
15.24,14.61,15.57,13.90
14.69,14.46,14.96,14.28
14.50,14.65,14.93,14.19
14.81,15.00,15.00,14.59
15.00,14.73,15.01,14.67
14.68,14.54,14.71,14.34
14.61,14.76,14.80,14.54
14.71,15.05,15.05,14.61
15.17,15.80,16.13,15.17
15.78,15.56,15.78,15.30
15.53,14.98,15.79,14.97
14.99,15.01,15.10,14.62
14.93,15.13,15.18,14.93
15.11,15.10,15.21,14.83
15.05,14.80,15.12,14.36
14.78,14.74,14.91,14.60
14.65,14.53,14.65,14.27
14.58,14.66,14.75,14.58
14.66,14.48,14.84,14.37
14.62,14.70,15.75,14.21
14.61,14.62,14.88,14.61
14.59,15.02,15.12,14.55
15.03,15.36,15.45,14.85
15.21,14.94,15.40,14.84
15.01,14.74,15.18,14.64
14.60,14.57,14.81,14.50
14.50,14.68,14.75,14.39
14.79,14.43,14.82,14.19
14.56,14.23,14.56,14.10
14.26,14.02,14.43,14.01
14.00,13.98,14.13,13.75
12.10,11.66,12.18,11.55
11.74,11.89,12.00,11.73
12.12,11.90,12.12,11.77
11.90,11.89,11.92,11.81
11.89,11.80,11.95,11.74
11.80,11.74,11.80,11.71
11.70,11.69,11.75,11.62
11.74,11.59,11.75,11.56
11.59,11.84,11.89,11.57
11.84,11.90,11.98,11.74
12.13,11.88,12.13,11.79
11.90,11.94,11.98,11.81
12.00,12.21,12.25,11.92
12.19,12.11,12.29,12.03
12.19,12.35,12.49,12.13
12.34,12.54,12.61,12.26
12.51,12.52,12.53,12.45
12.53,12.81,12.91,12.51
12.81,12.89,12.96,12.72
12.91,13.03,13.05,12.85
12.99,13.16,13.30,12.98
13.14,13.07,13.22,13.00
13.07,13.11,13.18,13.05
13.11,13.29,13.30,13.02
13.29,13.43,13.66,13.15
13.40,13.15,13.41,13.04
13.23,13.16,13.27,13.00
13.18,12.96,13.24,12.96
13.09,13.11,13.24,12.94
13.14,13.21,13.33,13.12
13.23,13.31,13.50,13.11
13.23,13.45,13.59,13.23
13.48,13.26,13.48,13.04
13.28,13.25,13.32,13.20
13.25,13.24,13.30,13.12
13.25,13.75,13.80,13.25
13.79,13.97,14.04,13.67
13.88,14.11,14.20,13.88
14.17,13.99,14.18,13.94
14.01,14.04,14.13,13.96
13.95,14.34,14.35,13.95
14.30,14.30,14.46,14.19
14.15,14.23,14.27,14.10
14.30,14.11,14.30,14.00
14.11,13.95,14.12,13.86
13.90,13.98,14.03,13.75
13.96,14.01,14.08,13.75
14.19,14.22,14.35,13.97
12.58,12.05,12.58,11.56
11.92,11.98,12.08,11.78
11.86,11.71,11.94,11.57
11.66,11.50,11.66,11.46
11.55,11.51,11.74,11.46
11.47,11.15,11.50,11.12
11.19,11.47,11.49,11.13
11.38,11.42,11.45,11.16
11.42,11.48,11.48,11.25
11.46,11.35,11.55,11.31
11.37,11.47,11.57,11.32
11.49,11.68,11.88,11.49
11.67,11.74,11.78,11.65
11.64,11.25,11.74,11.25
11.36,11.36,11.58,11.25
11.33,11.28,11.52,11.25
11.35,11.29,11.35,11.25
11.25,11.56,11.62,11.25
11.62,11.26,11.62,11.14
11.38,11.30,11.57,11.27
11.28,11.40,11.51,11.24
11.46,11.51,11.56,11.37
11.51,11.48,11.56,11.43
11.55,11.51,11.66,11.50
11.49,11.28,11.60,11.26
11.28,11.25,11.40,11.24
11.27,11.22,11.34,11.18
11.37,11.35,11.45,11.26
11.40,11.35,11.40,11.29
11.35,11.25,11.35,11.24
11.20,11.25,11.27,11.12
11.21,11.32,11.40,11.15
11.37,11.38,11.48,11.31
11.35,11.41,11.68,11.35
11.43,11.72,11.81,11.43
11.66,11.65,11.75,11.55
11.61,11.85,12.00,11.61
11.98,11.78,11.98,11.77
11.78,11.67,11.78,11.51
11.71,12.02,12.02,11.70
12.02,11.94,12.24,11.89
11.65,12.56,12.56,11.45
12.75,12.67,12.99,12.62
12.79,12.30,12.79,12.23
12.27,12.50,12.57,12.19
12.62,12.54,12.74,12.45
12.51,12.81,13.06,12.51
12.88,13.25,13.29,12.65
13.20,12.95,13.50,12.91
12.98,13.13,13.18,12.97
13.10,13.24,13.25,13.05
13.35,13.49,13.51,13.22
13.49,13.74,13.75,13.46
13.66,13.67,13.86,13.62
13.58,13.49,13.61,13.28
13.56,13.82,13.90,13.56
13.84,13.42,13.91,13.39
13.57,13.51,13.74,13.37
13.50,13.57,13.63,13.22
13.51,13.40,13.55,13.32
13.28,13.09,13.29,12.76
13.13,13.17,13.38,13.01
13.09,12.91,13.24,12.63
13.03,13.15,13.23,13.03
13.21,13.13,13.25,13.10
13.21,13.55,13.56,13.14
13.48,13.61,13.70,13.37
13.70,13.74,13.88,13.66
13.77,13.77,13.91,13.67
13.79,13.84,13.84,12.93
13.81,13.95,13.99,13.63
13.94,14.13,14.18,13.56
14.24,14.41,14.41,13.70
14.48,14.60,14.77,14.42
14.69,14.55,14.71,14.44
14.58,14.44,14.70,14.19
14.49,14.73,14.85,14.49
14.75,14.89,15.25,14.62
15.00,14.71,15.00,14.65
14.72,14.64,14.90,14.63
14.58,14.60,14.68,14.50
14.61,14.60,14.92,14.52
14.58,14.43,14.67,14.43
14.42,14.60,14.70,14.42
14.50,14.84,14.84,14.50
14.68,14.60,14.81,14.46
14.56,14.11,14.56,14.00
14.14,14.03,14.38,14.00
13.95,13.99,14.14,13.77
14.11,14.27,14.33,13.84
14.16,14.24,14.25,14.06
14.26,14.36,14.40,14.15
14.25,14.22,14.25,14.00
14.22,14.01,14.27,14.00
14.08,14.17,14.25,13.95
14.06,14.05,14.20,14.00
14.00,14.07,14.13,13.90
14.03,14.04,14.14,14.00
14.02,14.11,14.15,14.02
14.00,14.04,14.06,13.99
14.05,14.02,14.09,13.89
14.03,14.09,14.23,14.00
14.13,14.07,14.25,14.00
14.05,13.96,14.05,13.92
14.00,14.18,14.21,13.93
14.16,14.03,14.16,13.73
14.00,14.04,14.16,13.94
14.00,13.31,14.09,13.31
14.20,13.82,14.88,13.46
14.25,13.82,14.25,13.70
13.87,13.82,13.91,13.64
14.04,14.01,14.06,13.90
14.20,14.01,14.35,13.98
13.97,13.79,14.05,13.72
13.96,13.75,13.96,13.73
13.80,13.85,13.94,13.75
13.99,13.77,13.99,13.75
13.79,13.79,13.93,13.75
13.76,13.78,13.82,13.75
13.83,13.88,13.91,13.77
13.96,13.77,13.96,13.76
13.76,13.90,13.91,13.76
13.91,13.96,13.99,13.76
13.99,14.00,14.08,13.87
13.96,13.85,13.99,13.83
13.84,14.02,14.15,13.62
10.48,11.23,11.66,10.43
11.27,11.31,11.52,11.25
11.37,11.30,11.55,11.27
11.25,11.26,11.37,11.11
11.16,11.25,11.40,11.10
11.25,11.30,11.38,11.17
11.26,11.16,11.28,11.16
11.18,11.05,11.22,10.97
11.03,11.12,11.20,10.97
11.08,10.90,11.13,10.86
10.83,10.50,10.83,10.37
10.48,10.35,10.48,10.16
10.46,10.69,10.81,10.37
10.63,10.67,10.71,10.45
10.59,10.57,10.65,10.49
10.55,10.57,10.57,10.48
10.60,10.55,10.63,10.52
10.63,10.62,10.72,10.57
10.65,10.50,10.65,10.45
10.49,10.42,10.53,10.42
10.43,10.30,10.48,10.28
10.29,9.96,10.33,9.84
9.96,10.01,10.17,9.90
10.05,9.92,10.08,9.88
9.94,9.99,10.09,9.85
10.05,10.25,10.30,10.05
10.22,10.08,10.27,10.03
10.07,9.90,10.08,9.90
9.89,9.90,10.00,9.82
9.90,10.01,10.05,9.82
9.93,9.82,10.03,9.79
9.91,9.77,9.99,9.75
9.80,9.69,9.83,9.67
9.68,9.71,9.94,9.59
9.73,9.57,9.77,9.56
9.58,9.75,9.78,9.52
9.74,9.98,10.07,9.70
10.01,10.00,10.12,9.95
10.00,10.08,10.14,9.97
10.09,10.11,10.15,10.01
10.10,10.16,10.27,10.10
10.16,9.89,10.24,9.87
9.88,10.00,10.29,9.75
10.02,10.02,10.03,9.92
10.04,9.96,10.04,9.89
9.86,10.02,10.09,9.86
10.05,10.27,10.35,10.05
10.33,10.45,10.47,10.32
10.47,9.50,10.47,9.50
8.69,8.60,8.90,8.50
8.60,8.08,8.60,8.01
8.06,7.81,8.08,7.77
7.84,7.82,8.04,7.77
7.82,7.50,7.96,7.45
7.51,7.07,7.60,7.02
7.08,7.31,7.37,7.00
7.29,7.20,7.35,7.10
7.25,7.25,7.36,7.24
7.23,7.18,7.30,7.15
7.15,7.00,7.27,6.97
7.04,7.17,7.21,6.99
7.18,7.15,7.18,7.08
7.15,8.05,8.09,7.12
8.12,7.79,8.24,7.62
7.82,7.90,8.00,7.78
7.91,7.72,7.96,7.65
7.71,7.60,7.72,7.55
7.60,7.76,7.87,7.54
7.76,7.67,7.87,7.60
7.64,7.95,8.11,7.64
7.95,8.10,8.13,7.95
8.14,7.93,8.20,7.93
8.00,8.14,8.29,7.93
8.16,8.08,8.29,8.00
8.07,8.15,8.18,8.01
8.12,8.08,8.15,8.00
8.03,7.57,8.14,7.53
7.62,7.42,7.75,7.35
7.46,8.01,8.02,7.44
7.92,7.81,8.01,7.75
7.78,8.09,8.19,7.77
8.11,8.08,8.13,7.98
8.08,8.02,8.08,7.93
7.95,8.11,8.13,7.95
8.05,8.10,8.11,7.85
8.03,7.92,8.16,7.88
7.90,7.72,7.95,7.54
7.68,7.24,7.74,7.18
7.29,7.22,7.46,7.20
7.07,7.22,7.27,7.07
7.22,7.05,7.22,7.02
7.05,6.51,7.20,6.39
6.51,6.68,6.74,6.51
6.76,6.84,6.92,6.76
6.82,6.62,6.88,6.58
6.58,6.56,6.62,6.52
6.56,6.53,6.65,6.51
6.56,6.37,6.58,6.30
6.34,6.22,6.34,6.18
6.20,6.42,6.50,6.19
6.43,6.55,6.57,6.34
6.53,6.32,6.55,6.31
6.30,6.38,6.49,6.30
6.41,6.14,6.43,6.14
6.18,6.32,6.48,6.17
6.31,6.26,6.36,6.16
6.28,6.35,6.48,6.28
6.30,6.28,6.34,6.23
6.31,6.35,6.45,6.28
6.33,6.11,6.35,6.10
6.18,6.32,6.44,6.14
6.29,6.34,6.39,6.26
6.39,6.24,6.44,6.19
6.28,6.39,6.44,6.17
6.42,6.39,6.42,6.27
6.39,6.31,6.43,6.28
6.27,6.34,6.36,6.27
6.34,6.11,6.39,6.06
6.09,6.10,6.18,6.01
6.12,6.05,6.18,6.04
6.09,6.02,6.12,6.01
6.00,5.97,6.09,5.95
5.99,5.87,6.02,5.84
5.86,6.18,6.20,5.85
6.18,6.03,6.18,5.97
6.08,6.27,6.55,6.08
6.34,5.66,6.34,5.62
5.66,5.21,5.72,5.13
5.17,5.22,5.45,5.16
5.24,5.46,5.53,5.24
5.49,5.43,5.55,5.39
5.41,5.47,5.55,5.40
5.44,5.29,5.50,5.15
5.32,5.27,5.38,5.16
5.27,5.07,5.29,5.07
5.06,5.03,5.25,5.01
5.06,5.06,5.08,5.01
5.05,4.67,5.05,4.61
4.70,4.68,5.03,4.67
4.75,4.58,4.85,4.49
4.57,4.44,4.60,4.39
4.45,4.36,4.45,4.31
4.36,4.35,4.39,4.33
4.33,4.37,4.42,4.33
4.39,4.45,4.48,4.37
4.44,4.44,4.58,4.42
4.46,4.45,4.47,4.40
4.61,4.72,4.98,4.61
4.75,4.62,4.77,4.59
4.65,4.55,4.76,4.55
4.57,4.49,4.59,4.43
4.49,4.39,4.50,4.37
4.44,4.53,4.61,4.41
4.52,4.46,4.58,4.40
4.41,4.37,4.56,4.35
4.38,4.35,4.59,4.33
4.39,4.68,4.74,4.36
4.66,4.80,4.93,4.58
4.85,4.99,5.02,4.73
4.96,4.54,4.96,4.51
4.53,4.43,4.55,4.43
4.64,4.75,4.90,4.54
4.85,5.07,5.12,4.70
5.15,4.94,5.46,4.88
5.19,4.64,5.26,4.63
4.69,4.55,4.79,4.51
4.68,4.50,4.68,4.44
4.56,4.50,4.57,4.44
4.55,4.67,4.75,4.41
4.67,4.99,5.00,4.50
4.35,4.36,4.50,4.28
4.35,4.30,4.40,4.20
4.28,4.32,4.45,4.20
4.32,4.33,4.41,4.20
4.30,4.23,4.37,4.20
4.24,4.38,4.42,4.24
4.41,4.57,4.68,4.39
4.56,4.39,4.62,4.32
4.39,4.31,4.41,4.27
4.31,4.18,4.34,4.09
4.20,4.15,4.29,4.15
4.18,4.15,4.30,4.08
4.18,4.32,4.34,4.15
4.31,4.24,4.33,4.22
4.21,4.34,4.52,4.21
4.38,4.35,4.38,4.28
4.39,4.20,4.40,4.20
4.23,4.16,4.25,4.15
4.18,4.09,4.20,4.06
4.07,4.07,4.13,4.03
4.09,4.00,4.09,3.95
3.95,4.24,4.35,3.95
4.26,4.30,4.37,4.17
4.30,4.26,4.36,4.17
4.27,4.41,4.45,4.22
4.44,4.45,4.50,4.35
4.48,4.45,4.50,4.40
4.45,4.15,4.47,4.14
4.19,4.18,4.36,4.17
4.18,4.09,4.21,4.04
4.06,4.01,4.18,3.97
4.09,3.76,4.09,3.66
3.80,3.61,3.80,3.52
3.62,3.63,3.76,3.55
3.64,3.59,3.67,3.52
3.58,3.59,3.60,3.54
3.55,3.51,3.68,3.50
3.55,3.60,3.60,3.52
3.60,3.57,3.62,3.50
3.53,3.66,3.69,3.53
3.68,3.61,3.68,3.58
3.65,3.60,3.67,3.53
3.64,3.67,3.70,3.59
3.72,3.64,3.72,3.62
3.63,3.62,3.67,3.53
3.63,3.59,3.63,3.54
3.58,3.50,3.75,3.44
3.46,3.52,3.60,3.44
3.48,3.52,3.56,3.42
3.51,3.53,3.57,3.47
3.56,3.57,3.60,3.49
3.61,3.61,3.69,3.60
3.63,3.53,3.65,3.49
3.51,3.16,3.51,3.10
3.16,3.18,3.20,3.11
3.17,3.14,3.23,3.06
3.23,3.14,3.23,3.10
3.17,3.19,3.21,3.13
3.25,3.38,3.60,3.22
3.41,3.53,3.55,3.37
3.55,3.60,3.69,3.47
3.65,3.65,3.68,3.60
3.65,3.69,3.73,3.61
3.72,3.96,4.00,3.61
3.86,3.59,3.86,3.52
3.57,3.54,3.67,3.51
3.51,3.55,3.60,3.51
3.60,3.62,3.65,3.60
3.65,3.60,3.67,3.56
3.57,3.59,3.63,3.52
3.61,3.56,3.61,3.54
3.55,3.54,3.58,3.53
3.55,3.52,3.56,3.52
3.53,3.56,3.57,3.52
3.55,3.48,3.57,3.46
3.45,3.30,3.50,3.29
3.32,3.40,3.45,3.32
3.40,3.36,3.42,3.30
3.35,3.44,3.49,3.35
3.44,3.65,3.78,3.35
3.66,3.61,3.70,3.52
3.47,3.45,3.57,3.29
3.47,3.40,3.50,3.38
3.38,3.46,3.49,3.33
3.49,3.50,3.59,3.27
3.47,3.70,3.72,3.47
3.69,3.42,3.70,3.41
3.45,3.34,3.46,3.33
3.37,3.38,3.43,3.36
3.40,3.49,3.60,3.39
3.51,3.46,3.51,3.44
3.42,3.34,3.45,3.30
3.33,2.99,3.38,2.93
2.98,3.06,3.13,2.98
3.08,3.16,3.18,3.05
3.19,3.18,3.32,3.10
3.15,3.20,3.25,3.09
3.21,3.16,3.21,3.12
3.12,3.17,3.29,3.12
3.19,3.23,3.27,3.12
3.27,3.35,3.36,3.24
3.38,3.39,3.45,3.34
3.38,3.30,3.38,3.29
3.33,3.24,3.38,3.16
3.23,3.17,3.26,3.15
3.12,3.17,3.17,3.10
3.15,3.14,3.17,3.10
3.09,3.13,3.13,3.08
3.09,3.14,3.16,3.08
3.15,3.15,3.18,3.12
3.19,3.15,3.19,3.11
3.11,3.18,3.18,3.10
3.14,3.26,3.35,3.13
3.31,3.29,3.31,3.17
3.26,3.19,3.26,3.13
3.19,3.19,3.37,3.17
3.15,3.14,3.20,3.13
3.12,3.19,3.20,3.12
3.25,3.21,3.27,3.19
3.23,3.22,3.24,3.14
3.25,3.22,3.25,3.20
3.25,3.24,3.32,3.23
3.31,3.25,3.31,3.23
3.27,3.30,3.34,3.23
3.37,3.36,3.37,3.04
3.28,3.39,3.39,3.27
3.33,3.25,3.33,3.23
3.25,3.11,3.27,3.10
3.12,3.15,3.15,3.11
3.12,3.02,3.12,2.97
2.97,3.10,3.14,2.97
3.10,2.89,3.10,2.87
2.87,2.80,2.91,2.62
2.78,2.80,2.80,2.70
2.77,2.61,2.77,2.56
2.55,2.66,2.71,2.55
2.66,2.56,2.72,2.56
2.60,2.61,2.64,2.57
2.62,2.50,2.71,2.44
2.49,2.55,2.67,2.42
2.53,2.60,2.60,2.49
2.57,2.69,2.72,2.57
2.72,2.62,2.74,2.57
2.65,2.55,2.72,2.55
2.60,2.66,2.72,2.49
2.64,2.63,2.70,2.61
2.64,2.54,2.64,2.48
2.51,2.56,2.60,2.47
2.53,2.46,2.59,2.45
2.47,2.58,2.62,2.45
2.55,2.73,2.73,2.55
2.72,2.79,2.80,2.72
2.78,2.90,2.94,2.78
2.87,2.88,2.88,2.77
2.87,2.90,2.90,2.70
2.87,2.99,2.99,2.84
2.96,2.96,2.99,2.90
3.00,3.42,3.63,3.00
3.49,3.47,3.63,3.38
3.43,3.55,3.60,3.37
3.52,3.34,3.56,3.32
3.30,3.40,3.43,3.28
3.40,3.57,3.57,3.40
3.51,3.55,3.62,3.43
3.56,3.58,3.61,3.48
3.59,3.76,3.93,3.59
3.79,3.86,3.94,3.70
3.81,3.89,4.00,3.81
3.97,3.76,3.97,3.76
3.87,3.80,3.91,3.69
3.80,3.70,3.84,3.66
3.64,3.70,3.90,3.52
3.69,3.74,3.92,3.62
3.79,3.78,3.86,3.71
3.80,3.94,4.00,3.79
3.93,3.88,3.95,3.86
3.93,3.82,3.93,3.80
3.82,3.79,3.85,3.75
3.75,3.83,3.90,3.75
3.81,3.85,3.90,3.80
3.82,4.00,4.04,3.82
4.03,3.96,4.04,3.90
3.96,3.93,4.00,3.92
3.99,3.97,4.00,3.88
3.95,3.95,3.99,3.90
3.90,3.90,3.93,3.84
3.90,3.90,3.95,3.90
3.93,3.97,3.98,3.92
3.99,3.99,4.01,3.93
3.98,3.93,4.00,3.92
3.96,4.01,4.05,3.96
4.03,4.05,4.05,4.01
4.04,4.02,4.04,4.00
4.04,4.02,4.04,3.99
4.00,4.00,4.03,3.94
4.02,4.19,4.19,4.00
4.14,4.07,4.15,4.00
4.07,4.07,4.10,4.00
4.03,4.06,4.09,4.02
4.06,4.12,4.14,4.04
4.09,4.10,4.18,4.05
4.12,4.12,4.14,4.04
4.14,4.07,4.17,4.05
4.09,4.36,4.65,4.05
4.55,4.91,5.44,4.55
4.99,5.30,5.39,4.98
5.35,5.50,5.56,5.12
5.45,6.20,6.48,5.45
6.35,6.09,6.38,5.86
6.13,6.35,6.59,6.10
6.47,7.77,7.92,6.35
8.18,8.30,8.35,7.62
8.36,7.80,8.70,7.76
7.97,7.85,8.00,7.18
7.85,7.90,8.08,7.76
7.90,7.91,8.02,7.90
7.90,7.94,8.01,7.86
7.98,7.99,8.00,7.85
8.00,8.09,8.44,7.92
8.12,8.21,8.50,8.04
8.21,8.26,8.45,8.20
8.35,8.73,8.86,8.31
8.79,8.64,8.79,8.46
8.50,8.36,8.60,8.31
8.51,8.80,8.85,8.42
8.92,8.80,8.92,8.35
8.86,8.63,8.86,8.52
8.65,8.44,8.65,8.20
8.39,8.49,8.75,8.34
8.61,8.35,8.68,8.20
8.23,8.30,8.50,8.14
8.23,7.51,8.24,7.46
7.51,7.28,7.66,7.20
7.26,7.61,7.83,7.14
7.59,7.32,7.61,7.24
7.24,7.29,7.31,7.20
7.33,7.42,7.45,7.22
7.28,7.27,7.35,7.20
7.35,7.33,7.43,7.29
7.21,7.37,7.48,7.21
7.30,7.33,7.38,7.20
7.34,7.34,7.44,7.22
7.30,7.21,7.30,7.20
7.20,6.78,7.22,6.72
6.99,6.34,6.99,6.29
6.36,6.66,6.79,6.36
6.64,6.75,6.76,6.50
6.76,6.58,6.85,6.48
6.59,6.47,7.63,6.38
6.07,5.41,6.40,5.41
5.40,5.47,5.62,5.34
5.44,5.52,5.59,5.43
5.49,5.52,5.55,5.49
5.58,5.72,5.87,5.52
5.67,5.74,5.88,5.67
5.75,5.80,5.84,5.75
5.80,5.77,6.00,5.72
5.73,5.58,5.75,5.58
5.58,5.72,5.75,5.58
5.74,5.60,5.76,5.53
5.60,5.74,5.77,5.60
5.61,5.78,6.07,5.61
5.75,5.75,5.98,5.72
5.75,5.79,5.91,5.65
5.74,5.66,5.86,5.62
5.65,5.70,5.75,5.65
5.69,5.75,5.83,5.67
5.78,5.68,5.78,5.54
5.67,5.35,5.67,5.24
5.35,5.50,5.56,5.35
5.52,5.60,5.75,5.52
5.68,5.63,5.70,5.55
5.66,5.60,5.74,5.53
5.52,5.48,5.60,5.37
5.53,6.13,6.59,5.47
6.18,6.03,6.34,6.00
6.05,5.56,6.07,5.53
5.54,5.76,5.94,5.53
5.80,5.66,5.86,5.60
5.60,5.57,5.69,5.50
5.61,5.52,5.62,5.50
5.56,5.51,5.56,5.45
5.49,5.66,5.81,5.49
5.69,5.72,5.85,5.67
5.79,5.77,5.95,5.67
5.80,5.83,5.86,5.75
5.83,5.82,5.96,5.80
5.82,5.49,5.98,5.49
5.49,5.49,5.63,5.45
5.49,5.60,5.65,5.49
5.56,5.55,5.64,5.53
5.53,5.47,5.57,5.47
5.46,5.52,5.59,5.46
5.54,5.49,5.54,5.47
5.45,5.48,5.53,5.45
5.48,5.49,5.57,5.48
5.46,5.51,5.52,5.46
5.50,5.54,5.57,5.50
5.57,5.54,5.65,5.50
5.53,5.57,5.75,5.47
5.58,5.35,5.62,5.29
5.35,4.97,5.43,4.79
4.97,4.24,4.97,4.22
4.24,4.08,4.39,4.00
4.05,4.28,4.33,4.05
4.26,4.44,4.47,4.25
4.44,4.57,4.57,4.44
4.59,4.72,4.82,4.54
4.69,4.66,4.78,4.63
4.64,4.64,4.66,4.58
4.63,4.42,4.63,4.38
4.15,4.40,4.69,4.15
4.15,4.20,4.42,4.15
4.31,4.20,4.38,4.20
4.35,4.11,4.35,4.05
4.12,3.56,4.16,3.49
3.60,3.76,3.88,3.60
3.82,3.78,3.85,3.70
3.70,3.72,3.80,3.70
3.78,3.67,3.78,3.63
3.67,3.71,3.79,3.66
3.65,3.69,3.76,3.64
3.76,3.71,3.76,3.65
3.70,3.52,3.70,3.52
3.52,3.31,3.54,3.29
3.28,3.15,3.45,3.10
3.12,3.08,3.17,3.07
3.08,3.14,3.23,3.08
3.14,3.24,3.35,3.11
3.25,3.42,3.44,3.25
3.40,3.51,3.57,3.39
3.51,3.51,3.54,3.48
3.48,3.52,3.54,3.45
3.51,3.51,3.52,3.44
3.51,3.52,3.57,3.48
3.52,3.54,3.57,3.49
3.50,3.52,3.57,3.47
3.54,3.53,3.57,3.45
3.53,3.50,3.53,3.47
3.49,3.54,3.54,3.46
3.49,3.61,3.61,3.45
3.59,3.70,3.85,3.59
3.71,3.74,3.74,3.68
3.76,3.79,3.85,3.72
3.80,3.70,3.90,3.70
3.70,3.83,3.86,3.70
3.84,3.71,3.84,3.70
3.69,3.84,3.84,3.67
3.81,3.69,3.82,3.69
3.69,3.70,3.73,3.69
3.72,3.73,3.75,3.67
3.69,3.73,3.73,3.67
3.69,3.70,3.71,3.61
3.68,3.54,3.71,3.52
3.57,3.51,3.60,3.50
3.50,3.46,3.55,3.42
3.45,3.39,3.46,3.38
3.39,3.24,3.39,3.22
3.26,3.25,3.33,3.25
3.25,3.24,3.28,3.22
3.24,3.09,3.26,3.08
3.13,3.17,3.26,3.13
3.14,3.26,3.27,3.14
3.27,3.13,3.27,3.11
3.13,3.21,3.39,3.12
3.20,3.22,3.38,3.11
3.23,3.17,3.23,3.10
3.23,3.16,3.41,3.11
3.35,3.10,3.35,3.08
3.08,3.12,3.15,3.08
3.13,2.91,3.15,2.80
2.91,2.74,2.92,2.70
2.75,2.76,2.78,2.73
2.80,2.76,2.93,2.75
2.84,2.57,2.95,2.53
2.52,2.74,2.77,2.52
2.74,2.95,2.96,2.74
2.95,3.19,3.26,2.85
3.19,3.34,3.34,3.16
3.38,3.33,3.42,3.26
3.29,3.05,3.29,3.02
3.15,3.02,3.15,3.00
3.00,2.99,3.03,2.95
2.99,3.02,3.05,2.95
3.01,3.09,3.13,3.00
3.05,3.05,3.09,3.00
3.06,3.06,3.15,3.02
3.08,3.09,3.14,3.00
3.10,3.10,3.15,3.05
3.11,2.87,3.13,2.85
2.90,2.93,2.94,2.86
3.00,2.94,3.00,2.85
2.95,2.90,3.01,2.90
2.89,2.93,2.93,2.85
2.90,3.00,3.09,2.88
3.00,3.08,3.09,2.99
3.04,3.06,3.09,3.00
3.04,3.15,3.19,3.04
3.17,3.14,3.19,3.11
3.16,3.12,3.19,3.10
3.10,3.14,3.19,3.10
3.11,3.10,3.17,3.09
3.12,3.15,3.17,3.06
3.06,3.15,3.17,3.06
3.13,3.18,3.23,3.11
3.21,3.17,3.24,3.11
3.11,3.15,3.19,3.11
3.03,3.05,3.13,2.87
3.04,3.06,3.08,2.91
3.24,3.15,3.24,3.10
3.13,3.01,3.16,3.00
3.05,3.03,3.08,2.99
2.97,2.85,2.97,2.79
2.78,2.77,2.83,2.62
2.67,2.45,2.69,2.34
2.49,2.48,2.52,2.37
2.55,2.55,2.57,2.42
2.55,2.54,2.58,2.51
2.47,2.54,2.57,2.47
2.39,2.58,2.59,2.38
2.59,2.43,2.60,2.40
2.45,2.51,2.55,2.45
2.50,2.56,2.60,2.50
2.53,2.54,2.65,2.51
2.55,2.53,2.59,2.49
2.50,2.51,2.66,2.49
2.50,2.50,2.79,2.50
2.43,2.45,2.55,2.35
2.42,2.61,2.68,2.29
2.61,2.49,2.61,2.48
2.39,2.42,2.47,2.35
2.50,2.50,2.51,2.46
2.56,2.58,2.60,2.50
2.56,2.57,2.58,2.53
2.51,2.55,2.57,2.50
2.50,2.51,2.51,2.50
2.53,2.43,2.54,2.32
2.38,2.37,2.40,2.35
2.49,2.38,2.49,2.35
2.47,2.52,2.53,2.37
2.43,2.40,2.50,2.30
2.44,2.38,2.47,2.38
2.38,2.57,2.62,2.38
2.50,2.54,2.61,2.48
2.53,2.46,2.63,2.42
2.49,2.41,2.51,2.40
2.43,2.49,2.52,2.43
2.48,2.49,2.52,2.46
2.49,2.46,2.54,2.46
2.52,2.52,2.58,2.49
2.53,2.59,2.59,2.48
2.55,2.71,2.78,2.55
2.69,2.69,2.81,2.65
2.66,2.46,2.66,2.45
2.49,2.55,2.64,2.42
2.53,2.41,2.65,2.37
2.41,2.35,2.50,2.29
2.29,2.26,2.35,2.25
2.25,2.28,2.40,2.25
2.28,2.19,2.32,2.14
2.23,2.16,2.23,2.12
2.16,2.20,2.25,2.13
2.17,2.25,2.34,2.14
2.19,2.26,2.30,2.19
2.25,2.25,2.26,2.25
2.27,2.20,2.30,2.19
2.16,2.27,2.30,2.16
2.30,2.30,2.33,2.30
2.29,2.30,2.32,2.13
2.31,2.40,2.41,2.25
2.40,2.35,2.55,2.33
2.28,2.31,2.36,2.28
2.42,2.36,2.43,2.26
2.39,2.37,2.42,2.36
2.40,2.48,2.50,2.38
2.50,2.46,2.50,2.37
2.40,2.39,2.44,2.38
2.42,2.39,2.42,2.33
2.40,2.31,2.40,2.30
2.35,2.30,2.35,2.27
2.22,2.28,2.34,2.22
2.26,2.26,2.31,2.16
2.28,2.38,2.45,2.18
2.35,2.26,2.35,2.23
2.29,2.31,2.31,2.17
2.29,2.33,2.46,2.28
2.46,2.23,2.46,2.23
2.32,2.46,2.46,2.26
2.40,2.26,2.49,2.24
2.21,2.40,2.45,2.21
2.34,2.51,2.58,2.25
2.41,2.35,2.46,2.26
2.35,2.40,2.42,2.35
2.46,2.26,2.46,2.26
2.29,2.25,2.30,2.21
2.22,2.20,2.32,2.20
2.25,2.16,2.43,2.15
2.17,2.00,2.17,2.00
2.03,1.86,2.03,1.82
1.81,1.88,1.97,1.80
1.87,1.90,2.06,1.87
1.93,1.93,1.95,1.88
2.00,1.96,2.00,1.95
1.91,1.77,2.00,1.70
1.84,1.78,1.90,1.76
1.94,1.71,1.94,1.70
1.72,1.72,1.84,1.71
1.73,1.71,1.75,1.71
1.72,1.73,1.81,1.70
1.72,1.68,1.75,1.68
1.65,1.63,1.68,1.63
1.61,1.64,1.76,1.61
1.63,1.62,1.74,1.60
1.60,1.60,1.62,1.60
1.60,1.57,1.62,1.55
1.58,1.55,1.65,1.53
1.54,1.42,1.58,1.41
1.42,1.39,1.52,1.35
1.39,1.41,1.44,1.34
1.42,1.47,1.54,1.39
1.47,1.49,1.54,1.41
1.46,1.45,1.51,1.45
1.45,1.39,1.50,1.36
1.37,1.36,1.52,1.36
1.37,1.30,1.38,1.30
1.31,1.34,1.45,1.31
1.35,1.27,1.44,1.15
1.26,1.29,1.34,1.23
1.30,1.28,1.34,1.27
1.26,1.25,1.33,1.25
1.25,1.26,1.33,1.25
1.26,1.26,1.31,1.26
1.27,1.30,1.30,1.26
1.27,1.29,1.33,1.25
1.28,1.26,1.31,1.26
1.26,1.22,1.30,1.22
1.28,1.21,1.28,1.18
1.18,1.22,1.24,1.18
1.25,1.29,1.31,1.24
1.29,1.29,1.31,1.29
1.28,1.28,1.30,1.26
1.27,1.26,1.29,1.26
1.26,1.27,1.30,1.26
1.28,1.28,1.29,1.28
1.28,1.22,1.30,1.22
1.23,1.25,1.26,1.22
1.23,1.22,1.25,1.21
1.21,1.20,1.24,1.13
1.20,1.17,1.26,1.14
1.18,1.18,1.20,1.10
1.17,1.22,1.26,1.15
1.21,1.17,1.21,1.16
1.17,1.15,1.17,1.11
1.15,1.09,1.19,1.09
1.14,1.14,1.19,1.09
1.14,1.15,1.18,1.13
1.15,1.15,1.25,1.14
1.15,1.14,1.19,1.14
1.17,1.15,1.17,1.14
1.15,1.16,1.18,1.15
1.15,1.17,1.20,1.15
1.20,1.38,1.40,1.18
1.17,1.28,1.39,1.10
1.32,1.32,1.34,1.25
1.33,1.32,1.34,1.30
1.33,1.28,1.33,1.25
1.22,1.29,1.31,1.22
1.28,1.23,1.33,1.22
1.22,1.21,1.24,1.21
1.21,1.22,1.23,1.19
1.21,1.19,1.21,1.19
1.19,1.14,1.21,1.13
1.17,1.12,1.17,1.12
1.12,1.05,1.18,1.05
1.06,0.99,1.13,0.97
1.07,0.99,1.12,0.95
1.00,1.00,1.05,0.99
0.99,1.01,1.10,0.99
1.01,1.01,1.03,1.01
1.01,1.03,1.05,1.00
1.02,1.02,1.02,1.01
1.02,1.00,1.02,0.98
1.00,0.97,1.00,0.97
0.95,0.84,0.95,0.82
0.87,0.84,0.98,0.84
0.87,0.83,0.87,0.77
0.81,0.84,0.85,0.81
0.82,0.81,0.91,0.81
0.81,0.82,0.90,0.81
0.86,0.86,0.90,0.84
0.85,0.87,0.90,0.84
0.88,0.88,0.88,0.86
0.88,0.80,0.88,0.78
0.82,0.80,0.83,0.78
0.81,0.84,0.84,0.81
0.82,0.80,0.85,0.80
0.78,0.80,0.84,0.78
0.84,0.82,0.85,0.79
0.80,0.84,0.85,0.80
0.82,0.82,0.85,0.81
0.83,0.81,0.84,0.81
0.83,0.83,0.84,0.81
0.84,0.84,0.84,0.82
0.83,0.81,0.83,0.77
0.83,0.83,0.84,0.82
0.81,0.82,0.83,0.81
0.83,0.80,0.83,0.80
0.80,0.81,0.82,0.80
0.81,0.80,0.81,0.80
0.78,0.79,0.81,0.78
0.79,0.80,0.80,0.79
0.80,0.80,0.81,0.80
0.80,0.81,0.81,0.80
0.81,0.80,0.81,0.80
0.80,0.80,0.81,0.80
0.81,0.80,0.81,0.80
0.80,0.80,0.81,0.80
0.81,0.81,0.81,0.80
0.80,0.80,0.81,0.80
0.81,0.80,0.81,0.76
0.78,0.78,0.81,0.78
0.79,0.80,0.81,0.78
0.80,0.81,0.83,0.80
0.80,0.78,0.80,0.78
0.82,0.77,0.82,0.75
0.77,0.76,0.81,0.76
0.75,0.75,0.80,0.74
0.75,0.75,0.75,0.72
0.75,0.77,0.77,0.75
0.78,0.83,0.83,0.77
0.82,0.79,0.82,0.75
0.82,0.79,0.82,0.75
0.82,0.77,0.82,0.74
0.77,0.71,0.82,0.65
0.74,0.73,0.77,0.71
0.71,0.75,0.75,0.71
0.75,0.74,0.75,0.74
0.76,0.72,0.76,0.72
0.71,0.73,0.75,0.71
0.78,0.72,0.80,0.72
0.71,0.75,0.79,0.71
0.75,0.74,0.75,0.71
0.76,0.75,0.76,0.66
0.77,0.72,0.77,0.72
0.73,0.72,0.73,0.70
0.69,0.67,0.71,0.67
0.68,0.66,0.68,0.66
0.67,0.70,0.71,0.65
0.65,0.68,0.71,0.65
0.66,0.67,0.70,0.65
0.66,0.71,0.71,0.66
0.71,0.70,0.71,0.68
0.69,0.68,0.70,0.63
0.65,0.66,0.82,0.65
0.66,0.69,0.73,0.66
0.70,0.77,0.79,0.69
0.81,0.77,0.82,0.70
0.77,0.75,0.79,0.75
0.80,0.75,0.81,0.70
0.75,0.78,0.78,0.75
0.79,0.78,0.79,0.76
0.77,0.75,0.79,0.75
0.78,0.76,0.79,0.76
0.76,0.79,0.79,0.76
