JKE,iShares Morningstar Large-Cap Growth ETF,NASDAQ
59.30,59.60,59.63,59.23
59.61,59.72,59.74,59.37
59.60,59.51,59.72,59.41
59.38,59.59,59.61,59.24
59.37,59.99,60.00,59.29
60.19,59.78,60.19,59.54
59.39,59.12,59.44,58.92
59.27,59.73,59.75,58.96
59.65,59.82,59.92,59.54
59.84,59.28,59.86,59.10
59.16,59.99,59.99,59.16
59.50,59.21,59.50,58.66
59.25,58.24,59.47,58.11
57.95,56.64,58.16,56.64
57.13,56.97,57.27,56.81
56.78,56.82,57.44,56.60
56.66,57.08,57.24,56.31
56.25,55.96,56.34,55.76
56.50,55.10,56.62,54.96
55.38,55.88,55.90,55.38
56.06,56.48,56.49,55.80
56.17,56.42,56.57,56.17
56.01,54.70,56.06,54.70
54.75,55.19,55.19,54.06
55.12,54.69,55.41,54.69
55.33,55.42,55.83,55.00
55.29,55.23,55.49,54.90
55.07,55.83,55.96,55.02
55.27,55.85,55.85,55.15
56.32,56.67,56.70,56.14
56.96,56.92,56.96,56.71
56.95,57.32,57.40,56.90
57.08,57.30,57.46,56.97
57.43,57.07,57.49,57.00
56.91,56.44,57.08,56.24
56.64,56.87,56.99,56.52
56.13,56.83,56.86,55.89
56.92,56.92,57.04,56.61
57.12,57.55,57.56,57.12
57.78,57.74,58.00,57.65
57.89,57.77,58.08,57.75
57.83,58.06,58.13,57.69
58.45,58.91,58.94,58.43
58.84,59.11,59.14,58.84
58.87,59.21,59.52,58.85
59.24,59.51,59.58,59.15
59.34,59.70,59.70,59.27
59.96,59.74,59.96,59.56
59.54,59.63,59.68,59.15
59.84,59.99,59.99,59.66
59.99,60.17,60.41,59.99
60.28,60.21,60.28,60.02
59.78,59.78,60.38,59.60
59.46,60.15,60.32,59.45
60.29,60.44,60.46,60.03
60.28,60.15,60.35,60.00
60.53,59.97,60.81,59.97
60.20,60.01,60.36,59.74
60.33,60.30,60.40,60.20
60.42,60.49,60.64,60.27
60.28,60.25,60.50,60.15
60.66,60.41,60.83,60.00
60.57,60.91,61.01,60.47
60.71,61.03,61.17,60.71
60.92,60.76,61.08,60.65
60.66,61.13,61.15,60.50
61.22,61.42,61.43,61.09
61.43,61.56,61.65,61.43
61.45,61.71,61.74,61.22
61.91,62.26,62.26,61.91
62.26,62.45,62.52,62.26
62.18,61.34,62.29,61.09
61.10,61.47,61.49,60.91
61.86,61.93,62.08,61.73
62.00,62.01,62.21,61.75
61.51,62.10,62.10,61.20
62.08,62.41,62.42,61.95
62.43,62.18,62.50,62.18
61.95,60.88,62.17,60.83
61.33,61.22,61.34,60.81
61.56,61.97,62.12,61.52
61.94,60.81,61.94,60.81
61.03,61.42,61.61,60.97
60.51,59.76,60.51,59.50
59.15,59.51,59.91,59.06
59.30,57.59,59.54,25.00
57.47,56.62,57.92,55.64
59.00,58.86,60.59,58.53
58.42,58.70,59.50,58.42
59.04,59.60,59.71,58.97
59.32,58.89,59.78,58.84
58.40,57.45,58.40,57.23
57.93,57.82,57.93,56.74
58.24,57.05,58.40,56.82
56.91,56.60,57.15,55.96
55.60,54.52,55.60,54.44
53.59,55.14,55.34,53.26
55.16,54.74,55.55,54.74
53.22,54.79,54.82,53.11
55.30,54.37,55.79,54.33
55.37,55.96,55.96,55.29
56.12,55.46,56.12,55.22
54.91,54.71,55.86,54.71
54.97,56.09,56.09,54.76
56.33,56.48,56.50,55.98
55.48,54.63,55.95,54.53
54.73,53.81,54.98,53.77
53.93,54.07,54.07,53.32
54.43,53.63,54.79,53.46
54.43,55.08,55.11,54.32
54.65,55.49,55.49,54.65
55.95,55.26,56.09,55.26
55.59,56.71,56.74,55.59
56.36,56.78,57.02,56.36
56.99,56.87,57.00,56.47
56.97,57.01,57.19,56.86
57.77,56.60,57.77,56.38
56.70,55.94,57.04,55.90
55.56,55.46,55.94,55.16
55.21,54.57,55.24,54.46
54.70,54.73,55.12,54.34
54.69,54.48,54.84,54.29
53.68,52.57,53.68,52.26
52.49,52.01,52.90,51.87
51.96,51.85,52.16,51.05
52.07,51.77,52.15,51.49
52.38,52.01,52.77,51.77
52.22,53.68,53.74,52.17
54.12,54.08,54.14,53.58
54.14,54.53,54.55,54.14
54.41,54.66,54.73,54.36
55.13,55.36,55.57,54.96
55.34,55.60,55.77,55.25
55.53,55.65,55.81,54.93
55.38,54.07,55.38,54.04
54.35,54.43,54.49,54.07
53.71,55.19,55.20,53.69
55.57,54.45,55.57,54.28
55.24,55.65,55.83,55.24
55.42,56.14,56.14,55.34
56.07,56.41,56.42,56.02
56.53,56.26,56.56,55.99
56.17,55.93,56.27,55.84
56.33,55.60,56.37,55.26
55.05,55.61,55.84,55.00
56.27,56.74,56.82,56.15
56.58,56.37,56.59,56.25
56.53,56.91,56.97,56.49
56.55,56.76,56.82,56.54
56.18,56.65,56.65,55.85
56.84,57.03,57.11,56.81
56.52,56.71,56.91,56.24
55.76,55.19,55.76,55.03
54.09,54.62,54.77,53.88
54.48,54.28,54.58,54.27
54.01,54.39,54.62,53.88
55.04,55.15,55.56,54.80
55.09,55.27,55.52,54.92
54.95,54.39,55.10,54.18
54.31,54.24,54.33,53.93
54.48,53.92,54.71,53.92
53.28,52.84,53.36,52.76
52.61,53.20,53.37,52.42
53.49,52.66,53.49,52.66
53.07,53.38,53.43,52.18
53.38,52.74,53.40,52.74
52.51,52.48,52.82,52.27
53.21,53.95,54.07,53.16
54.07,54.52,54.54,54.05
55.11,55.32,55.33,54.91
55.16,54.92,55.32,54.88
55.14,55.34,55.57,55.14
55.95,55.50,55.95,55.47
55.58,55.81,55.85,55.52
56.50,56.64,56.68,56.35
56.54,56.73,57.05,56.49
56.60,57.00,57.09,56.54
56.88,57.18,57.18,56.85
57.59,57.47,57.59,57.26
57.64,58.29,58.42,57.64
58.29,58.15,58.59,57.99
58.00,58.10,58.38,57.92
57.66,57.89,58.39,57.66
58.43,59.02,59.06,58.43
59.07,58.79,59.17,58.79
58.99,58.97,59.08,58.15
58.79,58.86,59.01,58.66
59.09,58.64,59.37,58.40
59.14,58.82,59.25,58.65
58.69,58.25,58.81,58.01
58.80,59.48,59.59,58.80
59.49,59.27,59.54,59.05
59.15,59.28,59.40,59.00
59.30,59.69,59.77,59.07
59.72,59.62,59.93,59.62
59.40,59.96,60.11,59.25
60.37,60.65,60.90,60.37
60.69,60.60,60.86,60.32
61.29,61.61,61.61,60.94
61.64,61.95,61.95,61.61
61.08,60.88,61.37,60.51
60.99,61.38,61.76,60.99
61.77,61.59,62.09,61.23
61.77,61.95,61.95,61.63
62.58,62.27,62.69,62.23
61.92,62.30,62.42,61.83
62.08,62.40,62.40,61.75
62.65,62.45,62.65,61.98
62.43,62.45,62.62,62.38
62.65,62.53,62.92,62.21
63.23,63.25,63.38,63.03
63.37,63.36,63.48,62.89
64.32,64.53,64.53,64.21
64.48,64.53,64.61,64.31
64.35,64.43,64.56,64.20
64.74,64.12,64.83,63.92
64.13,64.39,64.42,63.72
63.41,63.72,63.90,63.16
63.45,62.68,63.57,62.47
62.92,62.48,62.97,62.48
62.03,61.38,62.12,61.20
61.38,61.55,61.82,61.38
62.20,62.61,62.84,62.20
62.53,62.62,62.77,62.33
62.50,62.93,62.93,62.28
62.29,61.92,62.32,61.77
62.43,62.99,63.07,62.43
62.45,62.73,62.80,62.45
62.36,62.56,62.60,61.82
61.88,61.98,62.24,61.64
63.06,63.37,63.49,63.05
63.42,64.00,64.07,63.42
63.75,64.21,64.21,63.75
64.19,64.22,64.29,64.07
64.84,64.29,64.93,64.29
64.23,64.29,64.39,64.00
64.86,64.56,64.86,64.40
64.74,64.94,64.99,64.55
65.12,65.00,65.42,65.00
65.08,65.08,65.37,65.08
65.13,64.83,65.40,64.76
64.88,65.14,65.29,64.70
65.24,65.33,65.46,65.24
65.42,65.58,65.70,65.15
65.74,65.89,65.93,65.68
65.85,65.92,65.93,65.77
65.70,65.57,65.71,65.45
65.36,65.62,65.67,65.23
65.67,65.57,65.68,65.48
65.65,65.81,65.90,65.65
65.80,65.64,65.83,65.55
65.62,65.53,65.62,65.31
66.07,66.15,66.52,66.07
66.30,65.93,66.30,65.60
65.69,66.25,66.34,65.69
66.41,66.43,66.43,66.15
66.38,66.43,66.56,65.84
66.10,66.46,66.46,66.05
66.64,66.63,66.74,66.46
66.95,67.06,67.10,66.87
67.15,67.01,67.20,66.91
67.13,67.49,67.49,66.94
67.32,67.73,67.79,67.32
67.88,66.90,67.88,66.90
66.73,66.60,66.75,66.18
67.02,66.29,67.02,66.29
66.41,66.81,66.89,66.41
66.65,67.00,67.00,66.50
67.23,67.55,67.68,67.09
67.66,67.77,67.91,67.38
67.65,66.33,67.65,66.20
66.32,66.71,66.81,66.13
67.11,67.85,67.95,67.11
67.70,67.73,67.93,67.69
67.64,67.83,67.88,67.30
67.81,68.02,68.06,67.67
68.25,68.57,68.77,68.25
68.66,68.79,68.79,68.41
68.73,68.67,68.94,68.48
68.20,68.64,68.64,67.99
68.58,68.95,69.03,68.55
69.05,69.22,69.26,69.01
69.10,68.99,69.20,68.85
69.22,69.51,69.56,69.22
69.12,69.55,69.62,69.12
69.55,69.63,69.81,69.41
68.72,67.98,69.16,67.88
68.02,67.68,68.13,67.27
67.57,67.75,67.86,67.10
67.99,68.57,68.62,67.99
68.89,68.74,68.95,68.42
69.09,67.66,69.09,67.52
67.47,67.88,68.02,67.47
68.44,69.01,69.10,68.44
69.05,68.67,69.05,68.22
68.94,67.92,68.94,67.60
68.16,68.29,68.45,67.66
68.11,67.99,68.12,67.74
67.25,66.70,67.25,66.63
66.64,67.20,67.30,66.56
66.64,66.79,66.81,66.23
64.68,65.94,66.21,64.68
65.58,64.40,65.74,64.00
65.47,65.23,65.52,65.03
65.97,65.06,65.97,64.96
66.30,66.28,66.40,66.12
66.24,66.12,66.34,66.06
65.96,66.41,66.57,65.66
66.82,67.28,67.32,66.65
67.48,67.32,67.63,67.29
67.37,67.11,67.57,67.09
67.19,67.67,67.70,66.95
68.08,68.11,68.24,67.96
68.08,68.15,68.25,67.96
68.37,68.43,68.81,68.26
68.51,68.35,68.74,68.21
68.50,68.18,68.56,68.15
68.75,68.29,68.75,68.11
68.20,68.18,68.59,67.97
68.41,67.95,68.48,67.79
68.06,67.58,68.18,67.43
67.27,67.06,67.27,66.85
67.41,67.45,67.56,67.14
66.93,67.45,67.45,66.91
67.43,67.30,67.47,67.13
66.57,66.74,66.81,65.94
66.96,67.07,67.07,66.63
68.27,68.33,68.39,68.22
68.77,68.85,68.87,68.63
68.78,68.68,68.82,68.47
68.86,69.26,69.26,68.78
69.38,69.67,69.67,68.94
69.55,69.69,69.74,69.43
69.74,69.76,69.84,69.61
70.00,69.61,70.17,69.51
69.51,69.26,69.57,68.96
69.30,68.89,69.31,68.58
68.66,68.26,68.93,68.01
69.08,68.60,69.19,68.28
68.62,68.92,69.08,68.54
69.32,69.39,69.47,69.06
69.16,68.59,69.28,68.44
68.47,69.07,69.10,68.40
69.04,68.38,69.04,68.38
68.11,67.37,68.36,67.37
67.26,67.55,67.58,66.99
67.56,68.24,68.30,67.56
68.54,68.50,68.64,68.19
68.43,68.19,68.46,68.01
67.02,67.24,67.39,66.93
67.37,67.17,67.37,67.08
66.90,67.50,67.76,66.90
67.51,67.92,68.12,67.39
68.12,68.11,68.30,67.99
68.71,68.84,68.84,68.35
68.97,67.58,68.97,67.58
67.54,67.60,67.79,67.24
66.85,66.82,67.31,66.82
66.63,66.15,66.83,66.09
66.47,66.16,66.52,66.16
65.74,65.70,65.88,65.59
66.09,66.18,66.36,66.09
65.80,65.05,65.91,65.05
65.18,65.00,65.31,64.70
65.55,65.87,66.06,65.55
65.37,64.68,65.57,64.50
64.75,64.56,64.93,64.01
65.21,64.46,65.21,64.46
64.40,64.86,65.01,64.39
65.67,66.14,66.17,65.67
65.88,65.70,66.29,65.70
64.76,65.63,65.63,64.47
65.64,64.64,65.64,64.64
64.64,65.62,65.72,64.64
66.12,66.57,66.63,66.03
67.03,67.34,67.34,66.75
67.76,68.15,68.21,67.76
68.12,69.21,69.22,67.95
69.37,69.50,69.56,69.23
69.52,69.72,69.83,69.30
70.44,70.60,70.77,70.32
69.94,70.32,70.32,69.70
69.61,68.82,69.61,68.82
68.84,68.86,69.21,68.63
68.98,69.21,69.60,68.98
69.04,68.22,69.26,68.04
68.76,69.03,69.11,68.44
68.96,68.77,69.06,68.32
69.42,70.12,70.21,69.42
70.50,69.95,70.50,69.86
70.16,70.74,70.92,70.15
70.71,71.17,71.30,70.64
70.46,71.11,71.40,70.43
70.97,70.78,71.14,70.71
70.26,69.09,70.27,68.85
69.04,69.09,69.85,68.94
68.41,68.67,69.36,68.15
69.56,68.33,69.56,67.72
67.91,66.59,68.26,66.59
66.62,67.25,67.31,65.64
66.30,64.06,66.30,63.88
64.76,63.73,64.81,61.86
61.80,59.76,62.66,59.76
60.90,62.55,62.55,58.75
61.04,60.14,61.55,60.14
60.96,62.83,63.44,60.88
63.29,63.33,63.69,63.03
63.93,64.27,64.32,63.44
63.74,63.61,64.23,63.04
64.11,63.44,64.27,62.96
61.68,60.22,61.68,59.82
59.36,59.39,60.77,59.22
60.00,59.15,60.04,59.15
59.50,61.44,61.45,59.46
61.47,62.30,62.31,61.22
62.48,61.27,62.48,61.10
60.90,62.58,62.72,60.39
63.30,64.25,64.28,63.30
64.05,64.59,64.94,63.70
64.93,64.82,65.57,64.41
64.85,64.16,65.48,64.16
62.72,62.59,63.17,62.38
60.90,62.48,62.48,60.84
63.33,64.17,64.17,63.32
64.00,63.94,64.67,63.66
63.15,62.28,63.37,61.80
61.41,62.71,62.71,61.41
62.87,63.54,63.56,62.85
63.70,64.30,64.92,63.10
65.00,65.38,65.44,64.68
65.61,65.71,66.00,65.40
64.70,65.57,65.88,64.38
65.53,65.37,66.49,65.37
65.41,63.56,65.41,63.56
61.66,61.28,62.17,60.54
60.97,61.62,61.90,60.97
61.80,62.76,62.76,61.03
64.02,63.19,64.17,63.18
63.51,61.97,63.78,61.97
63.03,61.70,63.06,60.81
60.91,60.18,61.23,60.11
59.56,58.48,60.08,58.48
57.77,59.83,59.83,57.31
59.47,60.97,61.01,59.47
61.08,62.42,62.42,61.08
62.53,61.89,62.60,61.84
63.40,64.18,64.18,63.40
63.84,64.66,64.69,63.84
65.07,65.11,65.67,64.97
64.64,65.22,65.34,64.48
66.13,66.50,66.72,66.13
66.46,65.29,66.47,65.16
65.30,66.48,66.65,65.15
66.19,65.18,66.23,65.13
65.15,65.27,65.36,64.44
66.03,65.93,66.38,65.62
66.34,67.16,67.48,66.34
66.59,65.82,66.88,65.82
66.43,65.98,66.50,65.09
67.76,68.43,68.75,67.51
67.98,68.64,68.73,67.98
67.97,67.15,68.06,67.15
65.37,65.31,66.17,65.12
66.22,66.36,66.40,65.77
66.67,67.81,67.84,66.67
67.50,67.40,67.55,66.80
67.32,67.58,67.70,66.99
68.17,68.77,68.77,67.67
67.13,66.22,67.33,66.11
67.10,66.51,67.10,65.90
67.26,67.85,68.00,67.26
67.57,67.36,67.71,67.30
67.10,68.09,68.21,67.10
67.37,66.83,67.98,66.83
66.72,65.39,66.72,65.04
65.67,65.03,65.67,64.96
64.05,63.72,64.05,63.25
63.57,63.81,64.11,63.30
63.16,62.69,63.24,62.43
62.19,62.00,62.68,62.00
63.68,63.97,64.13,63.58
64.35,64.00,64.64,63.95
65.95,66.28,66.28,65.69
66.55,66.63,66.75,66.37
67.24,66.51,67.37,66.51
67.40,67.08,67.62,67.02
67.16,67.16,67.36,66.84
66.35,67.05,67.05,66.35
66.55,65.62,66.74,65.62
65.88,66.74,66.88,65.88
65.62,65.88,65.88,65.30
66.41,65.08,66.53,64.94
64.77,64.08,64.83,63.91
64.69,63.96,64.69,63.96
64.48,64.32,65.06,64.23
64.62,63.75,64.72,63.59
65.17,65.64,65.74,65.17
64.95,65.13,65.19,64.41
65.10,65.44,65.48,65.10
65.75,65.99,65.99,65.47
65.90,66.16,66.32,65.90
66.16,65.33,66.16,65.32
65.48,65.86,65.90,65.42
66.01,65.95,66.03,65.85
67.00,66.80,67.24,66.67
66.69,66.92,67.02,66.52
66.65,67.19,67.21,66.53
67.31,67.19,67.31,66.94
67.38,67.19,67.38,66.92
67.90,67.78,68.06,67.66
67.62,67.72,67.75,67.48
67.80,67.95,67.95,67.45
67.52,67.45,67.52,66.96
68.21,68.01,68.33,67.86
68.01,68.97,69.05,68.01
69.24,69.35,69.51,69.20
69.07,68.82,69.12,68.63
68.88,69.01,69.28,68.68
68.57,68.98,69.03,68.57
69.54,70.09,70.17,69.25
70.26,69.59,70.41,69.45
69.39,69.89,70.00,69.39
69.34,69.80,69.87,69.21
70.34,70.01,70.34,69.56
70.36,70.31,70.70,70.19
70.74,70.66,70.80,70.36
71.50,71.71,71.71,71.49
71.46,71.72,71.72,71.38
71.54,71.90,71.94,71.42
71.91,71.96,72.08,71.58
72.25,72.51,72.68,72.16
71.97,71.98,72.17,71.84
72.58,72.71,72.78,72.38
72.53,72.86,72.86,72.49
73.25,72.46,73.66,72.36
72.47,73.22,73.25,72.21
73.33,73.12,73.35,72.97
73.30,73.36,73.64,73.09
73.29,73.39,73.60,73.29
73.36,73.81,73.88,73.35
74.08,74.18,74.25,74.00
73.77,74.23,74.37,73.52
74.33,74.66,74.67,74.30
74.92,74.32,75.00,74.24
74.63,74.93,74.99,74.51
74.73,74.64,74.90,74.50
74.69,73.99,74.69,73.79
73.14,73.09,73.17,72.75
73.44,73.59,73.66,73.28
74.09,74.54,74.68,74.01
74.72,74.71,75.00,74.71
74.83,74.68,74.91,74.47
75.08,75.97,75.97,74.97
76.11,76.20,76.41,75.88
76.52,76.53,76.61,76.28
76.61,76.61,76.73,76.47
76.81,77.38,77.42,76.73
76.96,77.19,77.23,76.64
77.19,77.14,77.43,77.05
76.55,76.69,76.82,76.39
76.76,76.77,76.88,76.24
77.20,77.83,77.83,77.12
77.79,77.72,77.96,77.65
77.71,77.39,77.80,76.91
76.93,77.18,77.28,76.58
77.35,77.14,77.35,76.92
77.08,78.00,78.20,77.08
78.02,78.14,78.31,77.68
77.53,77.21,77.54,76.85
77.09,77.65,77.65,77.09
76.60,77.02,77.23,76.50
76.91,75.71,77.06,75.71
76.54,76.20,76.63,76.09
76.28,77.17,77.24,76.28
77.08,76.15,77.08,76.15
76.48,75.25,76.49,75.20
75.60,76.80,76.91,75.60
76.71,76.69,77.01,76.50
76.58,75.87,76.93,75.64
76.28,75.50,76.41,75.47
74.89,74.88,74.94,74.30
74.89,74.79,75.04,74.44
76.67,76.80,76.80,76.38
76.76,77.30,77.38,76.71
77.66,77.57,77.82,77.31
77.42,77.05,77.42,76.94
77.23,77.29,78.02,77.07
76.81,77.34,77.42,76.75
77.46,76.61,77.46,76.52
76.13,75.07,76.13,75.07
74.77,75.08,75.30,74.69
74.63,74.75,74.86,73.52
74.03,74.40,74.95,73.69
74.98,74.39,74.99,74.39
74.10,74.21,74.89,74.10
73.56,73.39,73.95,73.36
73.47,73.10,74.08,73.05
73.54,72.74,73.67,72.69
72.81,71.30,72.81,71.30
71.68,70.62,71.93,70.50
70.84,72.65,72.65,70.84
72.91,72.52,73.34,72.27
72.07,73.06,73.08,71.63
73.24,72.65,73.24,72.35
72.76,72.47,72.82,72.47
73.21,73.57,73.83,72.97
72.82,72.75,72.89,72.48
72.01,72.30,72.45,71.88
71.05,70.40,71.28,70.38
70.45,70.77,70.86,69.89
70.51,71.16,71.25,70.51
71.62,72.60,72.61,71.62
73.51,72.86,73.51,72.72
72.29,72.96,72.99,72.07
73.60,72.14,73.60,72.14
72.25,72.68,72.70,71.97
72.45,71.94,72.84,71.89
71.95,72.48,72.62,71.95
73.00,73.31,73.35,72.88
72.98,73.78,73.93,72.92
74.17,74.24,74.39,74.09
74.13,73.89,74.32,73.58
73.96,72.17,73.96,72.17
72.55,72.88,72.90,72.36
72.10,71.73,72.10,71.55
71.90,72.17,72.22,71.73
72.29,72.46,72.59,72.27
72.06,72.10,72.13,71.34
73.35,73.82,73.90,73.10
74.14,74.38,74.38,74.00
74.39,75.00,75.02,74.39
74.85,75.09,75.36,74.84
74.56,74.31,74.56,73.98
74.14,74.27,74.35,74.00
74.71,73.69,74.85,73.48
73.62,73.45,73.62,72.89
72.78,73.15,73.36,72.58
73.57,74.15,74.22,73.55
74.04,73.99,74.39,73.91
74.41,74.44,74.58,73.69
74.32,74.98,75.13,74.32
75.49,75.87,76.04,75.41
75.55,75.00,75.55,75.00
73.86,74.32,74.41,73.43
74.24,73.70,74.36,73.33
73.44,73.24,73.67,72.91
74.33,74.41,74.60,73.88
74.82,75.81,75.94,74.76
75.90,75.85,76.21,75.78
75.79,75.62,76.03,75.62
75.95,75.36,75.95,75.19
74.79,74.99,75.38,74.51
76.09,76.33,76.52,76.09
76.72,76.63,76.84,76.63
76.88,77.01,77.15,76.86
76.62,76.60,76.85,76.49
76.70,76.60,76.72,76.42
76.44,76.60,76.60,76.37
76.65,76.83,76.91,76.52
77.28,77.09,77.29,77.09
76.95,77.14,77.21,76.95
77.23,77.74,77.86,77.13
77.91,78.01,78.07,77.83
78.11,78.08,78.15,77.91
78.31,77.66,78.50,77.52
77.64,77.99,78.16,77.52
77.76,77.33,77.76,77.29
77.17,77.90,77.94,77.13
78.26,77.91,78.26,77.91
77.85,77.97,78.15,77.84
78.09,78.05,78.17,77.87
77.78,77.40,77.78,77.40
77.86,77.89,77.99,77.53
77.80,77.87,78.04,77.29
77.70,77.65,77.94,77.63
78.20,79.09,79.11,78.20
79.23,79.35,79.42,79.20
79.32,78.71,79.34,78.71
78.95,78.82,79.03,78.71
79.13,79.06,79.13,78.75
79.35,80.27,80.51,79.25
80.69,80.74,81.15,80.64
80.76,80.85,80.95,80.76
80.79,80.86,80.96,80.68
80.98,80.96,81.13,80.79
80.55,80.63,80.73,80.43
81.12,80.69,81.12,80.68
80.14,80.31,80.50,79.98
80.29,79.13,80.40,79.13
79.03,78.70,79.08,78.56
78.90,79.58,79.78,78.85
79.32,79.15,79.55,78.92
79.48,79.28,80.07,79.14
79.59,79.37,79.78,78.87
79.56,79.83,79.89,79.26
80.07,80.08,80.17,79.93
80.37,79.68,80.37,79.60
79.39,79.26,79.51,79.11
79.18,78.39,79.18,78.32
78.51,78.09,78.60,78.00
78.68,78.09,78.68,78.06
78.14,78.02,78.39,77.92
78.23,78.51,78.54,77.85
78.81,79.44,79.50,78.72
79.26,79.22,79.43,79.03
78.93,78.32,78.99,78.00
78.19,76.76,78.19,76.72
76.62,77.07,77.07,76.49
76.30,76.04,76.51,75.99
76.51,75.86,76.61,75.75
76.36,75.75,76.39,75.61
75.83,75.88,76.19,75.28
75.98,75.80,76.10,75.56
76.05,76.57,76.78,76.05
77.06,75.94,77.09,75.90
75.80,76.13,76.32,75.68
76.32,76.52,76.86,76.30
75.90,75.04,75.91,74.71
75.23,73.95,75.23,73.95
73.87,74.24,74.81,73.86
74.62,74.32,74.64,74.13
73.89,74.11,74.78,73.89
74.37,73.08,74.37,73.00
73.06,73.01,73.26,72.50
73.08,73.54,73.67,72.45
74.26,75.39,75.43,74.26
75.48,75.46,75.56,74.92
75.64,75.72,75.86,75.54
76.07,76.58,76.59,76.07
76.48,76.79,76.79,76.25
76.77,76.52,76.89,76.44
76.00,77.13,77.13,76.00
77.53,77.67,77.75,77.25
77.48,77.60,77.60,77.29
78.03,77.32,78.10,77.32
77.26,77.07,77.39,76.90
76.96,76.42,76.96,76.17
76.19,76.75,76.89,76.19
77.15,76.70,77.15,76.48
76.50,76.59,76.90,76.50
77.01,77.29,77.69,77.01
77.60,77.09,77.60,77.02
77.01,76.59,77.29,76.42
76.18,75.96,76.33,75.85
76.08,76.99,76.99,76.08
77.13,77.85,77.97,77.11
77.41,76.85,77.41,76.85
76.68,76.99,77.07,76.58
76.05,76.54,76.61,75.94
76.36,76.45,76.53,76.32
76.42,75.73,76.42,75.54
75.74,75.84,75.96,74.92
75.32,74.95,75.63,74.95
74.90,76.50,76.51,74.90
78.10,78.56,78.56,77.81
78.47,78.21,78.75,78.12
78.32,78.32,78.52,78.15
78.10,78.27,78.35,77.94
78.25,78.18,78.36,77.84
78.40,78.28,78.55,78.28
78.66,78.74,78.79,78.19
78.95,78.92,78.97,78.71
78.56,78.35,78.56,78.35
78.07,78.25,78.28,77.96
78.23,78.46,78.63,78.17
78.80,78.82,79.05,78.58
78.62,79.00,79.03,78.46
79.02,79.19,79.19,78.72
79.58,79.70,79.81,79.50
78.77,78.89,79.35,78.70
79.13,79.19,79.32,78.90
79.12,79.12,79.29,78.96
79.02,79.23,79.34,78.88
79.25,78.93,79.28,78.81
78.93,78.84,79.16,78.77
79.39,79.60,79.68,79.22
79.13,78.51,79.13,78.49
78.91,79.48,79.67,78.91
79.33,79.35,79.54,79.14
79.47,79.58,79.59,78.84
79.84,80.23,80.34,79.84
80.16,80.11,80.18,79.99
80.08,79.83,80.12,79.82
80.07,79.93,80.22,79.73
79.71,79.91,80.10,79.70
80.06,79.88,80.14,79.73
80.08,80.32,80.34,80.00
80.18,79.31,80.24,79.31
79.06,78.79,79.07,78.53
79.09,79.58,79.58,79.00
79.93,78.27,80.05,78.27
78.63,78.83,78.88,78.31
78.78,79.63,79.85,78.78
79.60,79.47,80.00,79.47
79.30,79.69,79.76,79.02
79.51,80.03,80.03,79.41
80.38,80.88,81.02,80.38
81.17,80.83,81.21,80.74
80.88,80.92,81.00,80.68
81.16,81.24,81.32,80.78
81.10,81.52,81.52,81.09
81.37,81.11,81.37,80.93
81.02,81.16,81.38,81.02
81.44,81.61,81.67,81.39
81.57,81.41,81.58,81.32
80.69,81.06,81.32,80.61
81.32,80.76,81.33,80.24
81.26,81.41,81.45,81.10
80.84,80.70,81.10,80.66
80.99,81.35,81.37,80.99
81.44,80.97,81.62,80.70
81.20,81.49,81.49,81.20
81.09,81.55,81.57,80.91
81.49,81.71,81.80,81.45
81.73,81.23,81.81,80.66
81.46,81.90,82.12,81.46
82.07,81.20,82.07,81.03
81.35,81.23,81.35,80.96
80.31,80.69,80.72,80.13
80.64,81.26,81.26,80.62
81.49,81.47,81.58,81.08
81.75,82.54,82.64,81.75
82.60,83.03,83.13,82.60
82.69,82.88,82.88,82.37
82.37,80.99,82.39,80.99
81.73,82.36,82.42,81.61
81.48,81.00,81.48,80.68
80.99,80.07,80.99,79.85
79.93,80.39,80.45,79.77
80.70,80.87,80.99,80.17
81.38,81.55,81.68,80.84
81.46,81.55,81.85,81.46
81.78,81.86,82.21,81.78
81.79,81.75,81.91,81.59
82.10,82.55,82.76,81.99
82.52,83.11,83.12,82.50
82.96,82.52,83.06,82.46
82.75,83.43,83.54,82.75
84.43,84.45,84.64,84.40
84.61,84.61,84.70,84.55
84.61,84.90,84.95,84.61
84.83,85.37,85.37,84.83
85.22,85.13,85.56,85.07
85.23,85.48,85.48,85.21
85.35,85.61,85.82,85.35
86.16,86.17,86.32,85.93
85.94,86.30,86.30,85.86
86.23,85.97,86.43,85.88
86.28,86.70,86.70,86.11
86.71,86.60,86.87,86.54
86.61,86.70,87.04,86.61
86.78,85.89,87.43,85.57
84.99,85.62,85.73,84.88
85.10,85.59,85.59,85.03
86.49,86.04,86.78,85.94
85.33,85.37,85.63,85.01
85.41,85.50,85.86,85.41
85.31,84.31,85.73,84.31
84.53,84.73,84.73,83.82
84.76,84.28,85.08,83.91
84.05,83.06,84.27,83.06
83.27,83.63,83.63,82.67
84.34,84.81,84.81,83.99
85.16,84.66,85.16,84.57
83.85,83.86,84.48,83.68
84.35,83.06,84.37,83.01
83.04,84.20,84.26,83.04
84.45,83.71,84.45,83.65
84.38,84.30,84.62,83.97
84.41,84.99,85.07,84.41
84.95,83.85,85.06,83.85
83.10,81.76,83.10,81.61
82.08,81.70,82.08,80.97
80.83,80.79,81.29,79.94
81.45,81.52,81.77,81.05
82.00,82.06,82.15,81.74
82.14,82.36,82.82,82.14
82.13,82.10,82.65,81.93
82.37,82.94,83.45,82.20
82.91,83.15,83.60,82.78
82.83,83.42,83.54,82.83
83.94,84.16,84.16,83.43
84.48,84.43,84.76,84.27
84.82,85.12,85.12,84.52
85.06,85.15,85.33,84.88
86.07,86.50,86.55,86.03
86.45,86.84,86.91,86.35
87.00,86.79,87.00,86.73
86.78,86.44,86.78,86.20
86.66,86.81,86.87,86.66
87.05,86.95,87.05,86.84
86.81,86.98,87.03,86.68
87.03,87.14,87.26,87.03
87.09,86.74,87.10,86.69
87.31,86.78,87.31,86.65
86.82,86.96,87.06,86.49
86.60,87.19,87.19,86.52
86.97,86.91,87.16,86.72
87.11,87.08,87.34,86.80
87.30,86.89,87.42,86.89
87.61,88.12,88.12,87.61
87.99,88.42,88.42,87.91
88.29,88.53,88.57,88.29
88.51,88.08,88.51,87.83
87.72,87.65,87.75,87.33
88.08,87.88,88.08,87.49
87.75,87.54,87.99,87.45
87.15,87.53,87.56,87.15
87.67,88.00,88.13,87.16
87.96,87.62,87.96,87.62
86.34,86.34,86.69,86.25
86.28,86.36,86.57,86.21
86.18,86.04,86.69,86.04
86.19,86.44,86.60,86.12
86.13,86.20,86.82,85.83
86.30,86.89,86.93,86.01
87.06,86.99,87.06,86.66
87.04,86.93,87.51,86.86
86.18,85.56,86.18,85.41
85.66,85.99,86.15,85.66
85.96,86.23,86.58,85.96
85.85,85.76,85.97,85.61
86.66,86.48,87.04,86.24
86.81,87.35,87.53,86.81
87.53,87.54,87.69,87.47
87.38,87.62,88.11,87.05
88.07,88.70,88.71,88.07
89.08,89.04,89.10,88.95
88.61,88.92,88.98,88.46
88.96,88.97,89.21,88.84
89.14,88.86,89.14,88.61
89.70,88.96,89.76,88.88
89.08,89.51,89.62,89.08
89.71,90.81,90.99,89.39
91.20,90.95,91.26,90.85
91.12,90.53,91.26,90.53
90.75,90.24,90.82,90.00
89.77,89.92,90.41,89.77
89.78,89.61,90.04,89.54
89.99,90.31,90.46,89.99
90.03,90.17,90.27,89.93
89.25,89.69,90.00,89.25
89.72,90.60,90.64,89.72
89.98,90.57,90.59,89.98
90.39,89.48,90.54,89.13
89.50,90.16,90.26,89.48
89.53,89.48,90.18,89.47
89.22,87.98,89.32,87.96
88.06,87.81,88.10,87.13
89.01,89.68,89.72,89.01
89.56,90.35,90.51,89.56
89.81,90.82,90.91,89.79
90.84,90.60,91.26,90.57
91.50,91.83,91.84,91.50
91.84,92.37,92.43,91.72
93.22,93.65,93.74,93.09
93.77,93.74,93.94,93.65
94.34,94.26,94.65,93.95
93.81,93.88,93.96,93.50
94.31,94.53,94.56,94.29
94.99,94.72,94.99,94.46
94.94,94.81,94.97,94.60
95.00,95.09,95.17,94.74
95.23,94.73,95.41,94.36
94.64,94.47,95.07,94.32
94.79,94.42,94.86,94.21
94.83,94.52,94.83,94.30
94.00,94.44,94.57,93.92
94.84,94.46,94.90,94.32
94.63,92.82,94.63,92.77
92.99,94.04,94.04,92.88
93.93,93.93,94.11,93.80
93.88,93.81,93.90,93.63
93.43,94.86,94.86,93.43
95.04,95.55,95.59,95.02
95.74,95.91,95.92,95.68
95.98,95.14,96.12,94.95
95.24,95.01,95.39,94.85
95.20,94.51,95.33,94.39
94.99,95.45,95.54,94.99
95.77,96.12,96.12,95.72
96.40,96.01,96.40,95.96
96.21,96.74,96.89,96.15
96.70,97.05,97.05,96.70
97.31,97.53,97.53,97.31
97.46,96.88,97.48,96.73
96.56,96.63,96.82,96.33
96.33,96.62,96.89,95.85
96.57,96.54,96.77,96.46
97.22,97.21,97.33,97.10
97.61,97.38,97.61,97.34
97.16,97.19,97.48,97.14
97.34,96.19,97.39,96.06
96.20,95.96,96.21,95.88
96.30,95.98,96.30,95.89
96.43,96.48,96.67,96.40
96.30,96.27,96.51,96.01
96.25,97.72,97.73,95.63
97.79,97.87,97.91,97.54
98.35,98.53,98.74,98.30
98.95,99.13,99.13,98.83
99.19,99.23,99.29,99.06
99.49,99.67,99.73,99.34
99.75,99.40,99.75,99.40
99.50,99.35,99.50,99.25
99.43,99.71,99.90,99.43
99.66,99.13,99.66,98.81
99.20,98.68,99.24,98.68
98.75,98.42,98.75,98.11
98.84,99.12,99.24,98.84
99.11,99.28,99.49,99.05
99.70,99.12,99.70,98.86
99.26,99.52,99.52,98.79
99.31,98.00,99.56,97.91
98.53,99.53,99.53,98.53
99.78,100.04,100.10,99.78
99.78,99.98,100.12,99.78
99.99,99.63,100.12,99.48
100.38,100.34,100.49,99.76
100.60,100.62,100.66,100.41
99.65,99.98,99.98,99.47
99.30,97.68,99.31,97.68
97.76,97.12,97.76,96.19
96.47,97.19,97.25,96.47
96.41,95.83,96.55,95.59
97.23,97.58,97.90,96.95
96.66,96.97,97.48,96.59
97.07,94.96,97.22,94.77
95.44,96.04,96.16,95.17
95.74,95.82,96.03,94.94
96.53,97.10,97.18,96.53
98.01,98.57,98.66,97.58
98.77,99.07,99.11,98.69
99.32,100.06,100.24,99.31
100.30,100.03,100.43,99.88
99.64,100.81,100.85,99.64
100.60,101.00,101.11,100.60
101.11,101.32,101.38,101.06
101.07,100.40,101.45,100.40
100.65,101.04,101.04,100.41
101.11,100.82,101.28,100.82
100.82,101.61,102.03,100.82
101.57,101.57,101.91,101.47
102.08,101.72,102.34,101.54
101.66,102.29,102.37,101.66
102.37,102.35,102.82,101.63
101.32,101.59,101.74,100.93
102.82,103.17,103.18,102.80
103.31,103.28,103.43,103.13
103.52,103.22,103.65,103.16
103.79,102.85,103.79,102.58
102.75,102.88,102.94,102.35
103.03,102.40,103.30,102.26
101.87,102.28,102.40,101.57
102.78,100.99,102.78,100.79
101.01,100.68,101.17,100.61
101.39,101.60,101.78,101.39
101.97,102.42,102.43,101.87
102.30,101.60,102.32,101.45
101.01,101.64,101.82,101.00
101.86,100.79,101.86,100.70
100.00,100.09,100.31,99.54
100.47,100.01,100.70,99.52
100.62,99.10,100.62,99.10
99.04,98.77,99.18,98.00
99.29,98.99,99.59,98.79
99.59,99.61,99.83,99.54
100.00,100.84,100.84,100.00
101.20,101.19,101.21,100.81
101.54,100.72,101.54,100.22
101.10,98.81,101.31,98.58
98.20,97.50,98.58,96.98
97.75,98.29,98.35,97.46
98.67,99.81,99.81,98.53
99.62,97.36,99.62,97.20
96.49,95.99,97.23,95.95
96.86,96.87,97.24,96.12
97.47,97.44,97.58,95.82
98.30,98.86,98.86,97.86
98.85,99.05,99.34,98.61
99.13,99.59,99.66,99.12
100.43,100.56,100.76,100.39
100.81,99.84,100.81,99.84
100.41,100.42,100.72,99.83
99.76,99.17,99.83,99.00
99.64,99.26,99.83,98.05
99.54,100.00,100.20,99.51
99.66,100.29,100.32,99.60
100.58,100.70,100.92,100.49
100.87,100.79,101.17,100.59
100.39,101.40,101.40,100.31
100.98,100.23,101.23,100.23
100.64,100.11,100.64,99.51
100.42,100.01,100.88,99.85
99.63,100.30,100.30,99.47
101.16,101.63,101.66,101.16
101.88,101.64,102.00,101.55
101.44,101.11,101.67,101.11
100.27,100.16,100.27,99.64
100.20,100.68,100.68,99.89
100.61,101.38,101.43,100.61
101.14,100.71,101.40,100.54
101.23,101.83,101.83,101.15
101.96,102.27,102.52,101.86
102.36,102.97,103.01,102.36
103.40,103.90,103.91,103.36
103.93,103.57,103.93,103.48
103.92,104.30,104.31,103.77
104.30,104.27,104.33,103.82
104.58,104.30,104.58,103.90
104.04,104.23,104.31,104.04
103.81,104.49,104.59,103.75
104.68,105.32,105.32,104.54
105.68,105.67,105.72,105.49
105.75,105.84,106.13,105.70
106.00,105.87,106.00,105.68
105.55,105.71,105.79,105.53
105.48,104.72,105.63,104.50
104.59,104.59,104.78,104.55
104.55,104.84,105.06,104.46
104.80,104.94,105.09,104.68
105.02,105.84,105.84,104.77
105.83,105.78,105.95,105.55
105.88,105.74,105.88,105.63
105.66,105.72,105.83,105.54
105.68,105.09,106.19,105.03
105.36,106.04,106.04,105.24
106.04,106.08,106.09,105.51
105.92,106.52,106.56,105.92
106.48,106.65,106.85,106.48
107.05,107.72,107.91,107.02
107.77,107.78,107.93,107.70
107.84,108.19,108.30,107.84
107.98,107.87,108.17,107.72
107.51,106.80,107.51,106.36
107.17,107.45,107.56,106.89
106.25,106.96,107.20,106.20
106.96,107.10,107.19,106.84
107.84,108.11,108.20,107.64
108.09,107.51,108.09,107.00
108.19,107.50,108.19,107.38
107.17,105.95,107.22,105.65
106.36,107.22,107.44,106.36
107.05,107.07,107.16,106.83
107.70,107.80,108.00,107.70
108.16,108.59,108.67,108.09
108.77,108.46,108.77,108.23
107.85,107.68,107.97,107.42
107.82,107.87,108.06,107.17
107.97,107.69,108.22,107.69
108.00,107.97,108.06,107.59
107.04,105.82,107.13,105.65
105.64,105.34,106.22,104.88
105.70,106.23,106.49,105.28
105.80,105.27,105.97,105.01
104.92,105.40,105.84,104.92
105.65,104.80,105.81,104.50
104.84,105.98,105.98,104.72
106.35,106.47,106.76,106.33
106.59,106.10,106.59,105.75
106.65,107.01,107.12,106.65
107.48,107.58,107.58,107.23
107.91,107.90,108.23,107.14
108.71,108.88,108.98,108.56
109.26,109.72,109.86,109.26
109.57,110.08,110.13,109.57
110.22,110.02,110.22,109.86
110.01,110.11,110.35,109.95
110.77,110.69,110.87,110.62
110.68,110.92,111.06,110.68
110.96,110.74,110.96,110.55
110.26,110.54,110.60,110.26
110.68,110.73,110.77,110.44
110.93,110.91,111.40,110.56
111.45,110.34,111.45,110.18
110.68,109.96,110.97,109.93
110.01,110.59,110.59,109.71
110.50,110.38,110.58,109.92
110.39,109.56,110.55,109.39
109.34,110.31,110.34,109.22
109.87,110.17,110.17,109.55
110.13,109.48,110.13,109.10
109.60,108.90,109.60,108.73
108.34,109.96,110.02,108.34
109.89,109.94,110.45,109.41
110.45,110.62,110.62,110.33
110.91,110.48,110.91,110.17
109.81,109.24,109.87,108.95
108.97,109.19,109.50,108.97
109.03,109.92,110.01,108.65
109.67,107.85,109.67,107.85
108.24,109.15,109.23,108.24
108.07,109.05,109.10,108.07
109.23,108.81,109.50,108.52
108.40,107.16,108.68,106.81
107.07,107.09,107.51,105.78
107.81,108.48,108.70,107.52
108.87,108.05,108.87,107.94
107.75,106.54,107.75,106.54
106.57,108.43,108.45,105.88
107.85,106.44,108.01,106.34
106.15,104.69,106.76,104.69
104.75,102.58,104.84,102.58
103.20,102.71,104.04,102.57
101.24,102.34,102.34,99.83
100.09,102.19,102.99,100.09
103.70,103.62,104.40,103.22
103.47,104.97,105.02,103.47
106.07,107.40,107.45,106.07
107.51,106.55,107.93,106.55
107.56,108.18,108.70,107.56
108.08,108.79,108.79,107.84
108.41,108.52,108.62,107.90
108.98,109.59,109.76,108.94
109.75,109.44,109.96,108.90
109.19,110.41,110.67,109.19
111.71,111.49,111.71,111.18
111.61,111.44,112.39,111.32
111.14,110.91,111.14,110.13
111.72,111.14,111.72,110.81
111.11,111.63,111.68,110.76
111.66,111.66,111.83,111.35
111.84,111.93,112.01,111.59
111.86,112.25,112.25,111.86
111.90,112.40,112.47,111.89
112.54,112.51,112.82,111.98
112.76,112.78,112.78,112.51
112.67,112.58,113.06,112.39
112.42,113.31,113.46,112.42
113.30,112.99,113.30,112.50
112.50,113.17,113.51,112.50
114.60,113.86,114.62,113.63
114.30,114.66,114.67,114.18
114.99,114.60,115.00,114.60
114.66,114.96,114.96,114.50
114.91,114.78,114.91,114.78
114.58,113.20,114.58,113.01
113.25,113.68,113.73,113.12
113.90,114.29,114.33,113.90
114.04,114.02,114.38,113.76
114.35,114.03,114.40,114.03
113.76,113.12,114.17,112.70
111.73,113.60,113.67,111.49
113.26,112.01,113.26,111.55
112.27,112.25,113.46,112.25
111.92,110.82,112.12,110.77
111.62,110.07,111.77,109.64
109.39,108.64,110.97,108.64
109.42,110.96,111.16,109.16
112.84,113.63,113.63,112.44
114.19,114.15,114.54,113.68
114.06,114.44,114.47,113.94
114.80,114.03,114.80,113.85
113.93,113.87,114.17,113.84
114.25,114.65,114.78,114.25
114.36,114.94,114.97,114.36
114.59,114.06,114.74,113.93
114.55,113.17,114.69,113.17
113.67,112.91,113.71,112.26
112.09,110.82,112.13,110.41
110.87,109.70,111.10,109.20
110.76,111.20,111.28,110.50
112.12,113.31,113.33,112.12
113.49,112.49,113.49,112.15
112.86,111.62,112.86,111.30
112.90,111.38,113.28,110.77
110.79,110.96,111.16,109.96
110.77,109.72,110.84,109.64
109.48,111.12,111.13,109.48
111.56,111.69,111.78,110.43
111.36,112.27,112.64,111.36
112.96,114.30,114.30,112.12
114.29,114.24,114.67,113.93
114.39,114.75,114.80,113.79
113.31,113.26,114.02,112.84
114.35,112.31,114.44,112.21
112.14,113.15,113.26,111.31
112.98,112.55,114.09,112.55
113.04,113.40,113.44,111.53
114.18,114.84,114.84,113.58
114.36,114.61,115.25,114.15
115.06,115.89,115.89,115.06
116.21,115.25,116.32,115.13
115.03,114.84,115.45,114.80
115.48,116.27,116.42,115.20
115.95,116.59,116.91,115.95
117.34,117.94,117.95,117.06
118.48,118.72,118.79,118.03
118.88,118.82,119.07,118.33
118.81,118.89,119.00,118.58
118.81,119.20,119.58,118.81
119.15,120.19,120.25,119.08
120.17,120.38,120.41,119.90
120.14,120.18,120.52,119.90
120.23,120.36,120.93,120.18
120.54,120.63,120.69,119.84
120.61,119.95,120.61,119.92
120.08,121.07,121.10,120.08
120.61,120.57,120.71,119.92
119.64,120.34,120.53,119.53
120.92,120.79,121.00,120.28
120.43,119.31,120.82,119.06
119.13,119.70,119.99,119.13
118.84,117.90,118.94,117.83
117.77,117.05,117.91,117.00
117.46,118.71,118.81,117.46
118.75,118.06,118.78,117.34
118.40,119.42,119.68,118.19
119.45,119.74,120.11,119.02
119.48,120.74,121.36,118.90
120.85,120.98,121.24,120.64
121.96,121.98,122.54,121.73
121.94,121.65,121.98,121.62
121.25,121.17,121.87,120.99
121.04,118.26,121.04,118.26
117.54,118.07,118.70,117.31
118.09,118.23,118.61,118.00
119.07,119.66,119.68,118.99
118.87,118.24,119.48,118.24
118.20,117.63,118.20,117.14
117.66,118.22,118.47,117.55
117.33,118.94,119.30,117.33
119.26,118.57,119.63,118.56
119.19,119.28,119.43,119.05
119.24,119.71,119.77,119.09
119.78,120.32,120.32,119.58
120.32,119.68,120.94,119.68
119.62,119.59,119.94,118.90
119.97,120.01,120.44,119.81
119.96,120.17,120.43,119.80
119.39,118.61,119.39,118.00
119.23,119.91,120.04,119.23
120.53,120.11,120.53,120.07
120.31,120.74,121.07,120.00
120.47,121.19,121.62,120.47
122.00,121.58,122.00,121.51
122.15,121.24,122.67,120.98
121.17,120.55,121.24,120.00
120.04,120.05,120.36,119.53
119.46,118.01,119.78,117.77
118.44,119.77,119.77,118.44
120.06,119.94,120.62,119.78
119.65,118.14,119.70,118.14
118.53,117.84,118.92,116.97
117.90,118.41,118.82,117.85
119.67,120.06,120.36,119.67
120.14,119.63,120.39,119.63
118.50,119.20,119.60,118.31
119.81,119.12,119.81,118.80
119.86,120.59,120.74,119.62
120.81,120.86,120.90,120.39
120.58,121.24,121.59,120.49
121.55,121.23,121.76,121.02
121.21,121.16,121.66,120.50
120.74,121.70,121.70,120.74
121.53,121.83,121.94,121.32
121.45,120.21,121.45,119.60
120.59,121.61,121.72,120.59
121.36,121.22,121.36,120.83
121.18,120.32,121.19,120.07
121.00,120.98,121.06,120.12
120.09,120.65,121.11,120.08
121.13,121.06,121.39,120.88
120.73,120.24,120.93,120.00
120.03,120.11,120.46,120.01
119.73,119.13,119.73,118.91
118.98,118.94,119.22,118.25
119.53,120.41,120.50,119.53
120.70,120.58,120.91,120.41
119.98,119.65,120.06,119.51
119.38,119.24,119.38,118.48
119.08,119.84,119.84,119.08
120.07,119.94,120.34,119.41
120.29,121.33,121.56,120.29
121.32,120.78,121.36,120.77
121.70,121.69,122.03,121.65
122.01,122.02,122.13,121.71
121.68,121.00,122.00,120.99
121.28,120.82,121.51,120.69
121.09,120.74,121.09,120.25
119.38,117.83,119.67,117.80
119.02,118.67,119.02,118.29
119.63,119.63,120.00,119.20
119.91,119.74,120.03,119.34
118.74,119.30,120.07,118.74
119.62,120.05,120.05,117.95
119.12,117.77,119.12,117.72
118.94,117.92,119.69,117.92
119.28,120.03,120.14,119.19
121.04,121.68,121.68,121.03
121.72,122.34,122.48,121.72
122.51,122.33,122.94,122.14
123.17,123.59,123.62,122.90
124.66,124.92,125.06,124.44
125.24,125.58,125.95,125.06
125.76,125.23,125.76,125.05
124.09,124.67,124.81,123.60
124.90,123.64,124.95,123.43
124.10,122.56,124.10,122.50
122.00,121.70,122.37,121.60
122.18,123.35,123.52,122.18
123.41,123.85,124.02,123.13
123.45,123.98,123.99,122.83
124.09,123.74,124.34,123.70
123.78,123.32,123.89,122.60
123.15,122.82,123.34,122.56
122.98,122.97,123.93,122.75
123.07,121.47,123.07,120.76
121.21,121.02,121.31,120.30
122.02,122.50,122.72,122.02
122.18,121.39,122.29,120.91
120.45,121.50,121.75,119.49
121.58,121.56,122.40,121.32
121.47,122.01,122.04,121.27
121.76,122.96,122.96,121.50
122.81,122.67,123.07,122.56
122.19,122.12,122.71,121.45
120.89,118.87,120.89,118.87
117.70,114.42,117.78,114.42
113.28,109.57,113.97,84.47
110.66,109.09,114.83,108.91
111.40,113.91,114.08,110.03
115.75,116.69,116.83,114.89
116.33,116.73,117.15,115.92
116.19,115.58,116.54,115.29
114.43,112.48,114.43,111.62
113.39,114.62,114.62,112.57
114.65,114.19,115.83,113.83
113.22,112.74,113.45,112.15
115.00,115.52,115.67,114.22
116.43,114.10,116.75,113.86
113.86,114.94,115.50,113.86
114.52,115.77,115.77,114.29
116.31,115.25,116.31,114.93
116.21,116.93,116.95,116.00
116.65,117.63,117.63,116.38
117.70,117.50,119.27,117.29
116.09,116.16,117.12,116.09
116.84,116.43,117.35,115.96
115.11,115.23,115.31,114.19
115.04,114.96,115.56,114.72
114.21,114.71,114.80,113.15
115.68,113.60,115.68,113.01
112.96,109.98,112.96,109.74
110.16,109.55,111.23,108.84
111.21,111.97,111.97,110.62
112.10,112.79,112.80,111.23
111.37,114.72,114.72,111.13
115.29,116.16,116.32,115.29
115.88,115.41,116.19,114.76
115.84,116.15,116.27,115.12
115.81,116.96,117.08,115.22
117.10,117.56,117.65,116.94
117.75,117.79,118.05,117.50
117.52,116.98,118.44,116.90
117.09,116.64,117.49,116.31
116.83,118.49,118.49,116.83
118.75,118.99,118.99,118.27
118.99,119.52,119.53,118.53
119.50,118.99,119.65,118.45
119.42,118.23,119.42,118.19
119.02,119.77,119.91,119.02
122.14,122.02,122.39,121.35
121.77,121.88,122.10,121.34
121.73,121.87,122.17,121.42
122.25,123.43,123.43,121.88
123.22,123.94,124.07,123.19
124.05,123.11,124.07,123.11
123.36,124.45,124.59,123.25
124.33,125.08,125.55,124.20
125.51,124.59,125.51,124.19
124.92,124.30,125.10,123.83
124.14,124.08,124.50,123.40
123.76,123.08,123.88,122.41
122.49,123.18,123.33,122.44
123.54,122.94,123.60,122.90
122.42,121.51,122.99,121.51
121.15,119.47,121.15,119.44
119.20,121.28,121.28,119.17
121.66,121.40,122.36,121.16
122.00,123.79,123.84,121.96
123.74,123.55,123.95,123.42
124.32,124.61,124.74,124.15
124.70,124.38,125.06,123.83
123.70,124.27,124.48,123.04
124.37,124.46,124.81,124.37
124.58,124.48,124.72,124.03
124.70,123.59,124.70,123.59
124.09,124.93,124.93,123.95
124.91,123.93,125.26,123.60
124.23,122.02,124.23,121.53
122.16,124.39,124.55,122.11
124.34,123.48,124.41,122.96
122.73,123.52,123.89,122.60
122.95,121.93,123.88,121.14
121.95,122.26,123.14,121.95
120.80,119.58,120.96,119.36
119.62,120.35,120.38,118.60
121.29,120.86,121.90,120.86
121.86,122.75,123.01,121.00
123.26,121.01,123.26,120.93
120.42,118.70,120.48,118.70
119.56,119.48,119.77,118.78
120.14,120.34,120.47,119.61
120.93,121.22,121.25,120.70
120.71,120.95,121.15,120.71
120.48,120.89,120.89,120.09
121.46,122.45,122.72,121.46
122.29,121.53,122.35,121.49
121.22,120.29,121.57,120.29
117.89,117.93,117.93,116.59
118.18,117.69,118.46,117.21
115.92,116.54,117.34,115.92
114.52,114.00,115.83,113.49
114.75,112.37,114.94,112.22
113.13,112.77,113.41,111.37
113.83,114.08,114.35,112.58
114.40,110.42,114.58,110.34
110.75,112.37,113.14,109.09
109.16,109.93,110.58,108.60
111.34,110.35,111.45,109.15
108.50,109.65,110.60,106.16
110.02,109.86,111.08,109.36
111.62,112.52,112.76,111.61
112.28,111.05,112.60,110.83
111.41,111.81,112.00,110.66
111.35,109.39,111.72,108.88
110.99,110.41,111.23,109.15
110.24,112.62,112.62,110.24
112.29,113.21,113.52,111.99
112.57,111.06,112.57,110.89
111.73,110.91,111.73,108.95
110.44,110.61,111.35,109.67
110.00,107.00,110.00,106.48
105.19,104.84,105.27,103.22
103.32,105.04,105.98,103.32
105.76,105.43,107.23,105.37
103.87,104.76,105.17,103.67
105.99,106.38,106.38,105.24
107.79,108.33,108.33,107.10
109.21,110.61,110.76,109.21
110.86,109.38,110.86,109.29
108.94,109.87,109.89,108.76
110.95,111.46,111.67,110.95
111.31,110.10,111.36,110.10
109.17,110.80,110.99,108.50
111.22,112.05,112.09,110.48
112.68,112.03,112.68,111.83
111.90,111.04,112.61,111.04
112.07,114.24,114.24,111.81
113.97,114.23,114.23,113.58
114.12,114.35,114.35,113.45
114.71,114.47,115.04,114.04
113.98,113.76,114.45,113.10
113.02,112.96,113.89,112.87
113.42,113.08,113.42,112.51
113.63,113.07,114.20,111.90
114.29,115.13,115.17,113.92
114.75,115.26,115.57,114.75
114.99,115.34,115.47,114.77
115.05,115.90,116.11,114.94
115.70,116.10,116.39,115.34
116.60,116.54,116.80,116.09
116.27,116.74,116.88,116.21
116.03,117.03,117.34,116.03
116.57,116.18,116.62,115.99
115.68,116.19,116.23,115.44
116.49,116.27,116.73,116.22
116.05,117.78,117.83,115.84
118.54,118.32,118.77,118.16
118.47,118.14,118.74,117.99
117.79,119.42,119.49,117.41
119.60,119.06,119.60,118.95
117.88,117.71,118.28,117.54
117.87,119.47,119.50,117.48
118.80,117.78,119.07,117.56
118.59,117.50,118.61,117.32
118.03,117.01,118.41,117.00
117.23,118.12,118.14,117.12
118.69,119.45,119.58,118.69
119.59,119.57,119.98,119.25
119.39,119.38,119.62,119.15
119.05,120.02,120.07,119.05
120.10,119.63,120.15,119.09
119.68,119.83,120.38,119.45
119.85,119.64,120.22,119.51
118.80,118.95,119.29,118.08
118.84,118.71,118.89,118.27
118.86,118.53,119.00,118.30
117.53,117.29,117.66,116.84
117.49,116.52,118.16,116.17
116.78,116.30,116.78,115.57
116.61,117.43,117.47,116.57
117.05,116.71,117.23,116.33
116.15,116.19,116.42,115.98
116.40,116.14,116.49,115.79
115.83,116.53,116.60,115.45
116.51,117.17,117.57,116.51
117.51,118.61,118.61,117.51
118.35,117.11,118.35,116.91
117.64,116.88,117.64,116.05
116.49,116.09,117.08,115.97
116.51,117.45,117.75,116.42
117.27,116.11,117.27,115.90
115.80,116.44,116.84,115.60
116.18,115.85,116.18,115.18
116.59,116.83,117.10,116.56
117.03,116.49,117.10,116.48
116.87,118.35,118.51,116.87
118.53,118.93,119.19,118.53
119.21,119.08,119.25,118.85
119.10,119.69,119.69,119.10
119.90,119.69,119.90,119.11
119.60,119.62,119.81,118.93
119.54,120.02,120.03,119.08
119.86,119.61,119.86,118.91
119.60,119.89,120.13,119.49
119.80,119.59,120.06,119.59
119.62,119.97,120.09,119.53
119.52,119.82,120.01,119.41
119.05,118.57,119.05,118.31
118.37,117.91,118.98,117.71
117.96,117.84,117.96,117.02
118.00,117.71,118.44,117.61
116.99,117.79,117.84,116.28
117.41,116.56,117.41,116.45
117.45,117.25,118.15,117.18
117.30,117.15,117.38,116.88
117.16,116.90,117.64,116.90
117.72,118.15,118.15,117.34
113.58,114.25,116.10,113.46
113.30,112.22,113.30,111.60
113.53,114.32,114.32,113.23
115.21,116.19,116.44,115.21
116.56,117.08,117.10,116.07
117.14,117.74,118.12,117.14
116.82,117.37,117.44,116.75
116.88,118.01,118.04,116.63
118.24,118.15,118.35,117.79
118.79,119.93,120.02,118.79
120.28,120.47,120.82,120.28
121.00,121.06,121.16,120.78
121.26,120.86,121.26,120.73
121.57,121.38,121.68,121.08
121.71,121.11,121.71,120.95
121.35,121.68,121.80,121.35
121.19,121.59,121.61,121.19
121.81,122.38,122.47,121.81
122.34,121.78,122.34,121.50
121.91,122.31,122.46,121.81
122.32,122.04,122.32,121.84
122.10,122.10,122.41,121.79
122.43,122.29,122.50,121.83
122.64,122.89,122.89,122.31
123.05,123.15,123.46,122.77
122.93,123.39,123.51,122.93
122.77,122.84,122.98,122.22
122.61,122.59,123.04,122.53
122.85,123.11,123.40,122.74
123.14,123.60,123.77,123.14
123.67,122.94,123.67,122.92
123.18,123.27,123.76,123.15
123.38,123.12,123.47,123.00
123.63,123.69,123.84,123.40
123.43,123.61,123.64,123.30
123.82,123.73,123.99,123.72
123.38,122.84,123.38,122.84
122.76,123.05,123.05,122.22
123.00,122.89,123.12,122.85
122.71,122.86,122.98,122.54
122.77,123.03,123.17,122.77
123.40,123.30,123.60,123.28
123.36,122.14,123.53,122.07
122.15,121.99,122.54,121.72
122.05,122.01,122.78,121.44
122.24,122.56,122.62,122.23
122.37,121.97,122.43,121.72
121.89,121.88,121.94,121.40
121.98,121.87,122.00,121.33
122.41,122.34,122.60,121.90
122.36,122.71,122.73,122.19
122.84,122.70,122.99,122.48
122.54,122.31,122.61,122.18
121.46,119.66,121.49,119.66
118.87,121.11,121.33,118.87
120.25,119.53,120.25,119.11
119.54,119.55,120.22,119.44
119.51,120.59,120.94,119.51
120.54,120.55,120.62,119.92
120.99,120.52,121.15,120.45
121.00,120.82,121.17,120.62
121.11,121.88,121.92,120.32
122.61,122.78,122.99,122.50
122.24,122.29,122.54,122.24
121.47,120.84,121.47,120.77
120.85,121.85,121.87,120.85
121.86,121.83,121.86,121.37
121.84,121.11,122.06,120.62
121.30,121.93,122.04,121.12
121.56,121.37,121.56,121.12
121.59,120.97,121.62,120.72
121.43,121.13,121.44,121.13
121.10,121.21,121.42,120.64
121.42,120.99,121.42,120.31
121.12,121.26,121.50,121.12
120.85,119.65,120.85,119.20
119.53,119.85,120.17,119.53
118.94,119.42,119.68,118.65
119.97,119.59,120.24,119.54
119.34,118.84,119.50,118.78
119.98,120.05,120.51,119.98
120.25,120.56,120.72,120.10
120.43,120.54,120.72,120.23
120.09,120.90,120.91,119.89
121.52,121.77,121.84,121.52
121.45,120.82,121.45,120.73
120.30,119.94,120.39,119.71
120.59,119.48,120.59,119.48
119.23,118.94,119.73,118.75
119.23,118.78,119.29,118.72
118.81,117.83,118.81,117.13
117.71,117.01,118.06,116.91
116.82,116.10,117.09,115.87
115.99,116.19,116.94,115.88
117.83,118.80,118.95,117.70
118.38,119.52,119.82,118.32
117.16,120.09,120.12,117.16
120.51,119.59,121.00,118.48
119.24,119.15,119.38,118.63
118.90,118.30,118.90,117.92
118.85,119.09,119.25,118.60
118.59,119.34,119.40,118.59
119.45,120.37,120.39,119.45
120.67,119.90,120.67,119.90
120.25,120.91,120.91,120.25
121.11,121.23,121.30,120.89
120.64,121.03,121.04,120.45
121.39,121.26,121.39,121.16
121.06,120.84,121.25,120.83
121.14,121.37,121.71,121.14
120.68,120.31,121.54,120.22
120.31,118.90,120.31,118.67
118.84,118.87,119.35,118.70
119.50,119.89,120.10,119.50
120.32,120.04,120.32,119.76
120.05,121.51,121.64,119.75
121.71,121.87,122.12,121.42
122.13,122.67,122.67,122.13
122.55,122.18,122.55,121.86
122.49,123.31,123.67,122.49
123.20,122.65,123.41,122.50
122.77,122.74,123.35,122.63
123.09,122.39,123.09,122.33
122.65,122.43,123.16,122.36
122.98,123.03,123.25,122.88
122.69,122.50,122.72,122.49
122.43,122.15,122.50,121.79
122.09,122.37,122.37,121.98
122.46,122.75,123.27,122.46
123.02,121.80,123.02,121.73
121.90,121.76,122.10,121.54
122.01,121.02,122.01,120.76
121.69,121.81,122.44,121.38
122.27,122.95,123.08,122.27
122.95,123.50,123.50,122.92
123.34,124.36,124.72,123.34
124.40,124.49,124.64,124.12
124.60,124.75,124.95,124.32
124.49,124.57,124.76,123.79
124.34,124.66,124.67,123.69
124.82,124.99,125.20,124.82
