JOE,St. Joe Company (The) Common Stock,NASDAQ
29.30,28.45,29.30,28.24
28.58,28.68,28.84,27.86
28.68,28.46,28.71,28.31
28.49,29.49,29.93,28.31
29.31,29.52,29.70,29.25
29.75,29.23,29.87,29.03
29.13,28.58,29.21,28.46
28.62,29.01,29.12,28.51
28.87,29.28,29.34,28.82
29.10,29.15,29.42,28.64
29.02,29.78,29.79,28.97
29.41,29.21,29.44,28.95
29.20,28.14,29.41,28.08
28.07,27.84,28.43,27.77
28.17,27.71,28.28,27.30
27.65,27.22,27.74,27.20
27.21,27.29,27.41,26.71
27.46,26.59,27.53,26.50
26.78,26.00,26.86,25.98
26.28,26.53,26.53,25.99
26.40,27.02,27.30,26.32
26.76,27.48,27.66,26.71
27.31,27.12,27.50,27.12
27.24,27.79,27.86,27.01
27.85,27.52,28.49,27.47
27.88,27.90,27.99,27.23
27.90,27.75,27.96,27.10
27.70,28.43,28.46,27.57
28.21,28.84,28.88,28.12
28.90,29.12,29.16,28.66
29.03,29.08,29.37,28.90
29.01,29.07,29.16,28.78
28.94,29.43,29.51,28.84
29.55,29.55,29.80,29.25
28.34,28.54,29.17,28.18
28.54,27.75,28.65,27.66
27.50,27.51,27.63,27.17
27.67,27.50,27.71,27.25
27.51,27.48,27.70,27.38
27.57,27.57,27.62,27.25
27.53,27.34,27.58,27.27
27.24,27.10,27.41,26.94
27.18,27.40,27.46,27.02
27.40,27.68,27.84,27.31
27.62,27.55,27.68,27.31
27.50,27.48,27.69,27.28
27.36,27.51,27.55,27.17
27.60,27.72,27.72,27.29
28.00,27.56,28.00,27.38
27.80,28.38,28.42,27.68
28.33,29.77,29.80,28.33
29.77,30.88,31.41,29.69
30.61,30.61,30.90,30.13
30.40,31.08,31.20,30.12
31.06,31.28,31.39,31.00
31.22,31.00,31.31,30.93
31.12,32.00,32.30,30.95
32.26,33.20,33.22,32.17
33.23,33.53,34.15,33.08
33.52,32.95,33.92,32.88
32.94,32.35,32.95,32.33
32.54,32.76,32.92,32.38
32.94,33.15,33.21,32.41
33.15,33.46,33.56,32.70
33.46,33.15,33.53,32.98
33.03,33.34,33.51,33.00
33.31,34.27,34.28,33.31
34.36,33.96,34.49,33.82
34.13,34.66,34.98,33.94
34.85,36.22,36.30,34.85
35.92,35.66,36.03,35.51
35.47,35.21,35.75,34.88
35.00,35.22,35.51,34.78
35.34,35.70,35.82,35.17
35.83,35.72,36.00,35.55
35.64,35.85,35.85,35.01
35.77,36.62,36.81,35.77
36.78,36.75,37.22,36.60
36.77,35.61,36.89,35.58
35.79,35.88,36.20,35.49
36.02,37.13,37.44,36.02
37.29,33.04,37.40,33.04
33.12,32.46,33.34,30.32
30.87,31.08,31.41,29.50
30.86,32.48,33.43,30.68
32.37,30.90,33.35,29.17
30.88,30.26,31.50,29.91
31.51,30.61,31.51,30.28
30.25,30.70,30.97,30.00
30.72,31.03,31.43,30.72
31.02,30.37,31.58,30.09
30.02,29.53,30.20,29.06
29.59,28.74,29.78,28.08
28.80,28.95,29.67,28.80
28.65,28.53,28.86,27.68
27.64,26.55,27.95,26.52
26.41,27.21,27.63,26.03
27.14,26.45,27.56,26.43
25.83,26.69,26.77,25.37
26.96,26.30,27.52,26.29
27.22,28.59,28.62,27.15
28.60,27.65,28.60,27.50
26.79,25.19,26.89,25.09
25.43,25.10,25.60,24.85
25.30,24.79,25.30,24.55
24.43,23.15,24.55,23.07
23.30,22.08,23.53,22.01
21.92,23.04,23.13,21.25
23.34,23.18,24.26,22.84
23.52,24.47,24.54,23.27
24.24,24.28,24.54,23.79
24.41,23.80,24.49,23.63
23.95,25.20,25.26,23.93
24.86,24.49,24.89,24.28
24.76,24.86,25.09,24.15
24.91,24.54,25.12,24.42
24.96,23.91,24.99,23.74
24.00,23.30,24.00,23.19
23.24,23.20,23.50,22.70
22.96,22.47,23.13,22.32
22.04,22.87,22.89,21.63
22.72,22.57,22.91,22.44
22.16,22.37,22.51,21.81
22.34,23.16,24.00,22.34
23.74,22.97,24.21,22.81
22.98,23.17,23.54,22.87
23.83,23.00,24.10,22.80
23.01,23.93,23.93,22.86
24.21,24.02,24.55,23.53
24.07,25.38,25.49,23.85
25.44,25.75,25.89,25.09
25.95,26.16,26.31,25.77
26.24,25.89,26.24,25.54
26.03,26.59,27.03,25.00
26.24,25.40,26.53,25.14
25.39,25.08,25.61,24.79
24.59,25.51,25.71,24.50
25.75,24.33,25.76,24.16
24.79,24.78,25.05,24.46
24.65,24.95,24.98,24.40
25.00,26.50,26.50,25.00
26.79,26.04,26.80,25.90
26.00,25.67,26.31,25.54
25.99,25.90,26.17,25.28
25.60,25.79,25.99,25.31
26.36,27.02,27.12,25.97
26.91,27.24,27.42,26.64
27.28,27.64,27.71,27.25
27.11,26.91,27.24,26.79
26.86,26.72,27.18,26.52
26.85,27.00,27.03,26.60
26.82,26.72,26.85,26.30
26.13,25.63,26.19,25.43
25.23,25.37,25.86,25.15
25.26,24.87,25.40,24.87
24.93,24.99,25.34,24.75
25.40,25.78,25.89,25.34
25.76,26.06,26.23,25.46
26.04,24.95,26.04,24.90
24.92,24.96,25.46,24.45
25.56,24.84,25.74,24.83
24.51,24.13,24.63,24.09
24.05,24.62,24.72,23.91
24.74,24.13,24.77,24.10
24.33,24.52,24.52,23.75
24.40,24.27,24.91,24.25
24.28,24.08,24.35,23.95
24.41,24.95,25.02,24.18
24.95,25.60,25.63,24.73
25.89,26.07,26.17,25.61
25.98,25.51,26.00,25.46
25.55,25.45,25.70,25.31
25.63,25.21,25.71,25.03
25.25,25.52,25.62,25.21
25.83,25.70,25.96,25.63
25.70,25.11,25.76,25.08
25.08,24.81,25.11,24.61
24.79,24.65,24.79,24.27
24.76,24.43,24.76,24.17
24.51,25.71,25.74,24.51
25.78,25.49,25.94,25.41
25.48,24.90,25.64,24.89
24.68,24.44,25.00,24.39
24.89,25.58,25.59,24.71
25.60,24.91,25.65,24.86
24.89,24.56,24.90,24.41
24.56,24.15,24.56,24.00
24.53,24.87,24.94,24.23
25.19,25.30,25.31,24.91
25.31,24.72,25.39,24.65
24.96,24.64,25.00,24.53
24.56,24.88,24.96,24.53
25.05,24.98,25.07,24.72
24.98,24.97,25.11,24.81
25.03,24.48,25.14,24.35
24.36,24.54,24.56,24.17
24.71,22.16,25.22,21.75
21.85,19.74,21.85,19.56
20.02,20.56,21.18,19.84
20.67,20.98,21.15,20.22
20.92,20.50,20.93,20.26
20.51,20.48,20.65,20.34
20.55,20.35,20.75,20.16
20.37,20.36,20.43,20.21
20.72,20.59,20.87,20.45
20.54,20.47,20.65,20.40
20.43,20.39,20.45,20.12
20.67,20.47,20.67,20.25
20.44,20.19,20.56,20.19
20.46,19.50,20.46,19.28
19.85,19.44,19.90,18.70
19.58,19.66,19.96,19.47
19.99,20.17,20.17,19.75
20.20,20.46,20.49,19.29
20.46,20.00,20.60,19.51
19.95,19.71,20.28,19.65
19.72,19.64,19.90,19.51
19.50,19.85,20.08,19.38
19.75,19.60,19.87,19.38
19.69,19.04,19.70,19.00
19.01,17.92,19.01,17.75
17.94,17.48,18.24,17.41
17.91,17.91,18.05,17.71
17.92,17.92,17.97,17.68
17.65,17.53,17.83,17.46
17.39,17.55,17.88,17.25
17.26,17.36,17.59,17.04
17.18,17.25,17.32,17.09
17.14,17.36,17.53,17.10
17.23,17.60,17.78,17.21
17.85,17.80,17.95,17.54
17.93,18.64,18.64,17.83
18.49,18.63,18.67,18.24
18.66,18.49,18.68,18.30
18.67,18.16,18.75,17.85
18.10,18.01,18.23,17.82
18.13,17.76,18.13,17.70
17.80,18.30,18.54,17.78
18.39,17.57,18.50,17.54
17.66,17.80,18.07,17.59
17.89,19.41,20.05,17.80
19.82,20.17,20.43,19.57
20.21,21.27,22.05,20.00
21.57,21.45,21.64,21.02
21.43,21.44,21.52,21.13
21.54,22.32,22.58,21.45
22.60,22.00,22.60,21.77
21.93,21.98,22.05,21.67
22.15,22.12,22.40,21.98
22.47,22.39,22.47,22.13
22.30,21.90,22.38,21.84
21.92,21.85,22.13,21.63
22.12,22.20,22.28,21.92
22.27,22.08,22.36,21.71
21.96,22.22,22.49,21.74
22.10,23.06,23.28,22.02
23.06,23.05,23.36,22.96
22.87,23.07,23.62,22.80
21.50,23.29,23.49,21.50
23.63,25.00,25.69,23.56
24.85,25.23,25.42,24.84
25.24,25.26,25.43,25.05
25.92,26.80,26.89,25.50
27.18,27.00,27.39,26.76
27.17,27.52,28.23,26.91
28.01,27.70,28.12,27.58
27.97,27.70,27.97,27.50
27.60,27.75,27.75,27.47
27.89,29.50,30.30,27.81
29.87,29.47,30.34,29.24
29.46,27.00,29.94,26.64
27.00,27.41,28.17,27.00
28.88,28.00,30.23,27.79
28.20,27.35,28.99,27.17
27.33,27.34,27.42,26.65
27.90,27.07,28.17,27.07
28.35,29.35,30.32,28.34
29.29,29.05,29.43,28.29
30.23,27.00,30.25,26.35
26.58,26.37,27.25,26.16
26.73,26.70,26.88,26.25
25.79,26.06,26.42,25.55
26.15,26.49,27.09,25.92
26.94,27.37,27.46,26.20
27.24,27.79,27.89,27.07
27.90,28.10,28.34,27.84
27.99,27.89,28.18,27.69
28.03,27.53,28.15,27.44
27.75,27.70,27.95,27.46
28.01,27.67,28.01,27.54
28.11,26.78,28.66,26.41
27.10,25.18,27.14,25.09
25.71,26.25,27.36,25.56
26.40,26.66,26.81,25.88
26.64,27.42,27.49,25.73
26.69,26.24,26.85,25.79
26.12,26.93,27.06,26.12
26.87,27.00,28.01,26.75
26.75,26.87,27.67,26.75
26.82,26.79,27.13,26.71
26.69,26.43,27.20,26.34
25.67,26.15,27.00,25.67
26.08,26.14,26.56,25.89
26.55,26.17,26.55,26.04
26.61,25.88,26.74,25.88
26.16,26.47,26.55,26.01
26.42,25.96,26.74,25.93
25.86,26.07,26.29,25.78
26.18,25.34,26.33,25.32
25.42,25.07,25.62,24.52
24.98,25.11,25.55,24.92
25.13,25.34,25.51,25.09
25.42,25.06,25.54,24.94
24.95,25.07,25.23,24.91
25.20,25.96,26.31,25.20
25.97,26.00,26.29,25.83
26.00,26.63,26.77,25.91
26.80,27.09,27.09,26.80
27.03,27.00,27.17,26.79
27.04,27.05,27.20,26.85
27.09,26.73,27.16,26.43
26.53,25.78,26.73,25.71
25.96,25.06,25.96,24.97
25.02,24.93,25.29,24.81
25.00,24.72,25.06,24.50
24.53,24.31,24.68,24.28
24.42,24.35,24.47,24.25
24.51,24.65,24.68,24.28
24.86,25.14,25.22,24.62
25.16,25.49,25.63,25.16
25.52,25.81,25.84,25.52
25.78,26.20,26.20,25.60
26.14,26.16,26.30,25.93
26.22,26.12,26.49,26.01
26.14,26.08,26.48,25.75
26.06,25.98,26.34,25.19
25.47,25.26,25.92,25.08
25.12,25.57,26.27,25.00
25.82,25.49,26.00,25.23
25.49,25.37,25.49,24.77
25.40,25.22,25.74,25.11
25.44,24.91,25.44,24.87
24.72,24.75,25.01,24.65
24.83,24.38,24.99,24.33
24.34,24.29,24.55,24.25
24.20,23.99,24.40,23.91
23.97,23.81,24.16,23.76
23.82,23.38,24.12,23.29
23.28,22.92,23.53,22.91
22.66,22.08,22.74,22.06
22.17,21.94,22.25,21.81
21.84,21.87,21.99,21.60
21.80,21.71,22.42,21.38
21.77,21.91,22.08,21.52
22.03,21.73,22.15,21.73
21.65,21.00,21.71,20.73
20.94,20.71,21.29,20.50
20.50,20.26,20.50,20.12
20.16,19.92,20.23,19.77
20.11,19.77,20.21,19.75
19.68,19.34,19.85,19.27
19.33,19.11,19.49,18.96
19.00,18.98,19.24,18.72
18.95,18.42,18.96,18.31
18.56,18.84,19.09,18.56
18.72,18.99,19.11,18.72
18.94,19.00,19.08,18.84
19.09,19.18,19.41,19.06
19.24,19.04,19.36,19.01
19.14,19.22,19.31,18.87
18.98,19.28,19.38,18.46
19.16,20.12,20.19,18.91
20.14,19.80,20.34,19.63
20.00,20.21,20.54,19.96
20.38,20.00,20.38,19.84
20.19,20.88,20.96,20.07
20.85,20.84,21.33,20.75
20.82,20.87,20.98,20.36
20.06,18.97,20.39,18.30
19.00,19.55,19.55,18.91
19.69,19.26,19.83,19.03
19.16,19.06,19.28,18.93
19.08,18.56,19.18,18.42
18.55,18.34,18.86,18.31
18.73,18.82,19.05,18.55
18.89,18.46,18.89,18.29
18.58,18.10,18.58,17.85
18.08,17.85,18.38,17.77
18.06,17.88,18.14,17.67
18.07,17.97,18.14,17.88
18.12,18.33,18.78,17.97
18.25,18.19,18.45,18.07
18.14,17.97,18.17,17.82
18.01,18.10,18.25,17.95
18.00,17.73,18.04,17.68
17.73,17.71,17.97,17.71
17.69,17.71,17.85,17.52
17.99,17.77,17.99,17.57
17.66,17.62,17.86,17.60
17.62,17.49,17.76,17.05
17.43,16.38,17.65,16.32
16.47,16.90,17.83,16.20
16.47,14.84,16.69,14.80
15.81,16.83,16.88,15.11
16.46,16.70,17.38,15.70
16.84,17.80,18.00,16.32
17.97,16.97,18.07,16.96
17.20,18.36,18.43,17.15
18.10,17.57,18.20,17.31
17.57,17.19,17.73,16.97
16.79,16.40,19.28,16.19
16.15,15.55,16.36,15.47
16.08,16.11,16.41,15.94
16.32,16.85,17.27,16.24
16.76,17.28,17.39,16.76
17.51,16.53,17.90,16.46
16.39,17.18,17.20,15.98
17.39,18.47,18.49,17.28
18.55,18.25,18.55,17.98
18.41,18.44,18.81,18.23
18.40,17.77,18.62,17.76
17.50,17.34,17.96,17.25
16.94,17.00,17.24,16.75
17.35,18.16,18.34,17.35
18.00,17.69,18.18,17.57
17.45,16.97,17.75,16.85
16.76,16.78,17.22,16.54
16.95,16.77,17.16,16.61
17.00,16.92,17.13,16.67
17.11,17.08,17.24,16.93
18.40,18.20,18.70,18.00
17.76,17.01,17.76,16.95
17.10,16.63,17.21,16.58
16.89,15.57,16.89,15.57
15.43,15.33,16.16,15.01
15.26,15.76,15.80,15.15
15.89,15.60,15.99,15.15
15.97,15.63,16.11,15.57
15.47,15.14,15.81,15.10
15.32,15.37,15.59,15.10
15.23,14.99,15.45,14.93
14.70,14.79,15.54,14.52
14.61,15.13,15.23,14.30
15.26,15.06,15.29,14.83
14.95,15.41,15.52,14.95
15.49,14.92,15.60,14.83
16.03,15.29,16.03,14.98
15.15,15.17,15.40,15.01
15.24,15.34,15.51,15.01
15.15,15.30,15.64,15.05
15.58,15.45,15.75,15.17
15.33,14.80,15.49,14.78
14.76,15.28,15.44,14.67
15.27,14.95,15.52,14.86
14.91,14.51,14.97,14.25
14.64,14.80,14.85,14.47
14.81,14.69,14.81,14.42
14.57,14.39,14.64,14.32
14.52,14.69,14.82,14.32
15.06,15.34,15.59,14.94
15.36,15.42,15.54,15.14
15.35,14.35,15.35,14.32
14.13,13.77,14.72,13.50
13.86,13.80,14.17,13.62
14.05,13.82,14.12,13.62
13.64,13.34,13.80,13.26
13.30,13.14,13.64,12.72
13.30,14.61,14.79,13.30
14.23,14.24,14.46,14.10
14.45,14.46,14.55,14.30
14.61,15.38,15.69,14.55
15.42,15.52,15.73,15.29
15.46,14.79,15.48,14.67
14.60,14.50,14.84,14.48
14.59,14.81,14.98,14.51
15.00,14.62,15.06,14.50
14.37,14.36,14.52,14.30
14.35,13.81,14.43,13.78
13.70,13.07,13.73,13.00
13.00,12.91,13.31,12.86
13.82,14.03,14.65,13.82
14.10,13.42,14.15,13.29
13.92,14.38,14.40,13.55
14.25,14.46,14.56,13.87
14.60,14.60,14.96,14.55
14.84,14.46,14.92,14.26
14.40,14.49,14.59,14.00
14.44,14.84,14.93,14.37
14.75,14.17,14.90,14.13
14.24,14.42,14.58,14.15
14.21,14.34,14.37,13.89
14.42,15.63,16.46,14.39
15.49,14.74,15.49,14.63
14.93,15.00,15.11,14.78
15.14,15.03,15.22,14.92
15.06,14.51,15.10,14.46
14.80,15.03,15.10,14.59
14.97,15.11,15.17,14.83
15.13,15.17,15.26,15.08
15.20,15.24,15.26,14.99
15.23,15.37,15.39,15.16
15.40,14.99,15.42,14.86
15.03,14.72,15.11,14.70
14.71,14.66,14.75,14.56
15.18,14.83,15.68,14.78
14.79,14.50,14.97,14.43
14.49,14.79,14.93,14.38
14.83,14.65,14.98,14.61
14.70,14.67,14.79,14.62
14.81,14.82,14.99,14.72
14.78,15.87,16.10,14.59
16.02,17.06,17.28,15.48
16.86,16.75,17.46,16.70
17.02,16.33,17.10,16.24
16.32,16.81,16.91,16.19
16.86,17.65,17.75,16.86
17.64,17.08,17.75,16.96
17.05,17.03,17.29,16.68
16.95,16.96,17.06,16.58
16.92,17.21,17.30,16.66
17.29,16.83,17.71,16.74
15.95,17.27,17.53,15.83
16.59,16.27,16.66,15.92
16.32,15.97,16.35,15.74
16.14,16.38,16.85,15.96
16.37,16.26,16.47,16.18
16.46,16.88,16.89,16.22
16.84,16.42,16.84,16.32
16.42,16.50,16.61,16.22
16.60,16.54,16.92,16.25
16.56,16.61,16.72,16.38
16.41,16.14,16.44,16.02
16.32,16.59,16.60,16.20
16.56,16.45,16.69,16.29
16.51,16.17,16.51,16.13
16.22,16.50,16.64,16.06
16.57,16.30,16.60,16.26
16.32,16.27,16.52,16.21
16.20,15.59,16.39,15.59
15.60,16.00,16.10,15.60
16.23,16.10,16.23,15.86
16.07,15.97,16.17,15.74
16.18,15.72,16.45,15.67
15.81,16.11,16.48,15.67
16.12,16.07,16.38,15.96
16.15,15.99,16.15,15.96
15.90,16.10,16.15,15.90
15.90,15.89,16.15,15.85
16.09,16.32,16.34,15.83
16.48,17.63,18.15,16.46
17.88,18.60,19.45,17.72
18.88,18.63,18.90,18.27
19.00,19.58,19.67,18.91
19.60,19.72,20.19,19.48
19.68,19.79,19.90,19.49
20.00,19.83,20.34,19.78
20.04,20.03,20.39,19.63
19.83,19.73,19.90,19.50
19.77,19.73,20.01,19.46
19.53,19.16,19.62,18.90
19.15,19.09,19.27,18.67
19.48,19.01,19.48,18.96
19.13,19.15,19.59,19.06
19.13,19.20,19.26,18.88
19.09,18.94,19.10,18.45
19.04,19.01,19.04,18.69
18.89,18.50,19.24,18.19
18.64,18.53,18.64,18.34
18.23,17.90,18.46,17.78
17.86,17.72,17.96,17.55
17.43,17.33,17.61,17.17
17.29,17.05,17.48,16.86
17.25,17.51,17.58,17.10
17.49,17.84,17.92,17.49
17.75,17.78,17.88,17.70
17.89,17.64,18.04,17.48
17.78,17.63,17.90,17.60
17.53,17.31,17.53,17.24
17.28,17.73,17.85,17.20
17.81,17.99,18.05,17.72
17.70,17.42,17.72,17.25
17.51,17.96,18.32,17.37
18.13,17.94,18.29,17.92
17.90,18.00,18.06,17.74
18.06,17.93,18.17,17.83
17.94,17.83,18.03,17.65
17.83,18.08,18.33,17.68
17.97,18.39,18.70,17.83
18.66,18.12,18.72,18.06
17.92,18.28,18.34,17.76
18.15,18.04,18.28,17.97
17.90,17.38,17.90,17.03
17.25,17.22,17.34,16.91
17.45,17.41,17.55,16.98
17.22,17.46,17.65,17.14
17.21,17.25,17.52,17.08
17.21,17.48,17.51,17.11
17.53,17.15,17.58,17.13
17.15,16.76,17.18,16.72
16.83,16.69,17.00,16.64
16.69,16.64,16.89,16.63
16.71,16.55,16.72,16.33
16.42,16.61,16.66,16.14
16.63,16.64,16.88,16.37
16.68,16.54,16.75,16.46
16.65,16.94,16.98,16.56
16.79,15.97,16.79,15.83
16.04,15.97,16.08,15.52
15.60,15.18,15.63,15.13
15.18,14.82,15.35,14.65
14.73,14.69,15.05,14.51
14.79,15.36,15.36,14.76
15.51,15.30,15.69,15.28
15.22,15.62,15.62,15.04
15.72,15.15,15.81,15.15
15.21,15.37,15.41,14.91
15.44,15.14,15.49,15.05
15.21,15.45,15.55,15.11
15.48,15.63,15.66,15.38
15.48,15.66,16.01,15.35
15.71,15.63,16.00,15.53
15.61,15.24,15.67,15.15
15.23,14.88,15.48,14.87
15.04,14.87,15.08,14.80
14.62,14.40,14.80,14.32
14.49,14.80,14.88,14.46
14.86,15.15,15.22,14.76
15.01,15.57,15.57,14.89
15.89,15.81,16.00,15.70
15.88,15.93,16.00,15.65
15.94,15.86,16.37,15.84
15.87,15.96,16.15,15.83
15.81,15.85,15.89,15.63
15.80,15.85,15.93,15.54
15.95,15.55,16.06,15.44
15.58,15.92,15.94,15.54
15.80,16.20,16.23,15.67
16.18,17.02,17.13,16.12
16.95,17.19,17.37,16.75
17.26,17.04,17.29,16.86
17.02,17.00,17.13,16.92
17.07,16.97,17.13,16.81
16.80,16.78,17.09,16.73
16.50,16.75,16.87,16.41
16.76,16.90,16.96,16.76
16.94,16.79,17.12,16.69
17.00,17.08,17.24,16.84
17.18,17.30,17.35,16.88
17.28,17.20,17.44,17.08
17.18,16.93,17.28,16.87
17.00,16.94,17.20,16.89
16.67,16.96,17.26,16.67
17.28,17.09,17.50,16.94
17.13,17.61,18.00,17.13
17.71,18.08,18.19,17.66
17.96,18.22,18.34,17.96
18.17,18.58,18.77,18.16
18.50,18.61,18.70,18.27
18.63,18.80,18.86,18.59
18.86,18.91,19.09,18.76
18.86,18.54,19.05,18.49
18.60,19.03,19.13,18.55
19.11,18.86,19.12,18.73
18.92,18.79,18.92,18.54
18.86,18.61,18.95,18.51
18.64,18.64,18.69,18.37
18.66,18.66,18.75,18.50
18.56,18.68,18.73,18.46
18.80,18.56,18.88,18.52
18.60,18.86,18.96,18.56
18.86,18.88,19.00,18.84
18.89,19.00,19.18,18.88
19.07,19.17,19.27,18.97
19.23,19.18,19.28,18.76
19.24,19.10,19.24,18.96
19.15,19.40,19.41,19.15
19.44,19.96,19.99,19.41
19.80,20.03,20.20,19.78
20.06,20.50,20.56,20.00
20.50,21.33,21.42,20.50
21.30,21.14,21.64,20.89
21.27,22.35,23.16,21.27
22.29,21.71,22.32,21.42
21.69,21.48,21.81,21.38
21.47,21.47,21.72,21.40
21.30,20.98,21.32,20.86
21.14,21.01,21.26,20.94
20.97,20.60,21.10,20.53
20.61,20.20,20.71,20.18
20.22,19.78,20.22,19.59
19.88,19.93,20.03,19.80
19.83,19.50,19.83,19.48
19.59,19.66,20.03,19.45
19.70,19.35,19.78,19.10
19.41,19.85,19.98,19.37
19.90,19.85,19.98,19.73
19.84,19.76,20.18,19.72
19.65,19.75,19.87,19.52
19.69,19.51,19.89,19.45
19.53,19.17,19.59,19.11
19.29,19.09,19.32,18.79
19.14,19.20,19.25,19.00
19.21,19.26,19.39,19.03
19.29,19.40,19.46,19.11
19.56,20.14,20.44,19.35
20.08,20.20,20.42,19.83
20.14,19.75,20.37,19.70
19.55,19.67,19.88,18.83
19.42,19.36,19.55,19.03
19.39,19.39,19.50,19.14
19.50,19.40,19.57,19.16
19.43,19.56,19.60,19.20
19.54,19.80,19.88,19.46
19.84,19.90,20.38,19.69
20.58,22.20,23.38,20.37
21.86,22.32,22.64,21.84
22.38,22.69,22.70,22.22
22.63,22.46,23.17,22.27
22.45,22.21,22.62,22.13
22.06,22.18,22.38,22.01
22.28,21.98,22.38,21.89
21.98,21.52,22.19,21.48
21.62,21.24,21.62,21.17
21.32,21.14,21.50,20.81
21.15,21.48,21.50,20.52
21.61,21.34,21.83,21.21
21.35,21.56,21.71,21.22
21.62,21.58,21.73,21.41
21.68,21.74,21.75,21.44
21.68,22.00,22.04,21.60
21.99,22.09,22.17,21.84
21.88,21.94,21.94,21.44
21.94,21.80,22.28,21.64
21.70,21.38,21.84,20.95
21.41,22.16,22.43,21.14
22.10,21.79,22.42,21.74
21.85,21.80,21.85,21.26
21.80,21.58,21.90,21.46
21.58,21.66,21.74,21.44
21.66,21.62,21.66,21.53
21.65,21.68,21.80,21.49
21.82,21.75,21.94,21.57
21.68,21.61,21.80,21.40
21.61,21.40,21.73,21.36
21.40,21.28,21.53,21.10
21.30,22.36,22.40,21.26
22.36,22.68,22.80,22.35
22.74,22.79,22.84,22.48
22.55,22.43,22.70,22.27
22.31,22.65,22.67,21.96
22.62,22.53,22.64,22.19
22.51,22.73,22.84,22.41
22.63,23.00,23.09,22.48
22.97,23.08,23.41,22.61
23.32,23.50,23.91,23.14
23.57,22.92,23.59,22.90
22.92,22.79,23.00,22.60
22.64,23.25,23.30,22.62
23.17,23.28,23.50,23.08
23.30,23.53,23.66,23.25
23.70,23.72,23.73,23.36
23.72,23.51,23.77,23.36
23.50,23.52,23.54,23.36
23.47,23.54,23.60,23.08
23.50,23.50,23.52,23.34
23.49,23.74,24.00,23.41
23.75,24.01,24.04,23.67
23.94,23.96,24.14,23.74
23.95,24.38,24.44,23.93
24.39,24.26,24.40,24.12
24.23,24.23,24.27,23.86
24.25,24.15,24.40,23.70
23.75,23.98,24.02,23.47
23.95,23.60,24.05,23.41
23.70,23.50,23.90,23.42
23.68,23.93,23.94,23.22
23.73,23.43,23.86,23.32
23.56,23.55,23.73,23.36
23.39,23.17,23.50,22.93
23.23,23.01,23.25,22.86
23.11,22.92,23.32,22.76
22.92,22.87,23.14,22.67
22.90,23.29,23.36,22.83
23.30,23.26,23.43,23.05
23.20,23.01,23.30,23.00
23.01,23.06,23.19,22.76
23.03,23.42,23.42,22.86
23.35,22.84,23.46,22.83
22.84,22.40,22.87,22.21
22.47,22.55,22.71,22.33
22.58,21.89,22.72,21.77
21.97,21.86,21.99,21.67
21.88,22.06,22.17,21.88
22.09,22.30,22.59,21.98
21.53,21.58,22.08,20.64
21.53,21.36,21.55,21.17
21.44,21.27,21.54,21.19
21.29,21.13,21.32,21.03
21.14,21.11,21.47,21.00
21.16,21.33,21.48,21.15
21.28,21.20,21.36,21.10
21.19,20.86,21.36,20.84
20.87,20.96,21.13,20.87
20.97,20.72,21.03,20.55
20.75,20.17,20.82,20.17
20.15,20.99,21.21,20.01
21.01,21.05,21.33,20.97
21.20,21.62,21.64,21.14
21.60,21.44,21.79,21.34
21.50,21.50,21.70,21.39
21.49,21.35,21.64,21.24
21.40,21.37,21.58,21.23
21.22,21.39,21.48,21.21
21.28,21.25,21.39,21.10
21.16,21.08,21.32,20.91
21.07,20.81,21.12,20.70
20.90,19.80,20.90,19.68
19.80,19.56,19.80,19.38
19.36,19.53,19.64,19.04
19.57,20.03,20.06,19.28
20.09,20.06,20.17,19.71
20.11,20.22,20.24,19.95
20.28,20.32,20.54,20.18
20.23,20.23,20.41,20.13
20.11,19.43,20.15,19.42
19.59,19.58,19.78,19.44
19.41,19.47,19.70,19.20
19.49,18.98,19.54,18.83
19.10,19.30,19.46,19.08
19.29,19.48,19.50,19.00
19.61,19.51,19.83,19.41
19.50,19.61,19.63,19.29
19.66,19.96,20.11,19.38
19.88,19.40,19.88,19.30
19.45,19.51,19.68,19.39
19.46,19.57,19.66,19.27
19.48,19.23,19.61,19.20
19.27,19.56,19.73,19.22
19.74,20.10,20.19,19.66
19.97,20.10,20.19,19.88
20.06,20.70,20.71,20.06
20.70,20.79,20.83,20.40
20.90,19.85,21.24,19.77
19.85,19.75,19.92,19.56
19.83,19.55,19.90,19.51
19.76,19.81,19.86,19.53
19.82,20.25,20.26,19.72
20.24,20.49,20.71,20.24
20.60,21.11,21.22,20.54
21.01,21.15,21.37,20.99
21.15,20.99,21.21,20.95
21.01,20.47,21.12,20.30
20.10,20.68,20.85,19.94
20.51,20.69,20.84,20.40
20.86,20.75,21.33,20.51
20.64,20.54,20.76,20.38
20.51,20.54,20.89,20.51
20.45,20.42,20.72,20.42
20.51,20.25,20.66,20.14
20.27,19.94,20.34,19.85
19.83,19.55,19.98,19.51
19.48,19.81,19.95,19.27
19.93,20.21,20.25,19.80
20.22,20.53,20.72,19.95
20.25,20.25,20.51,20.16
20.37,20.13,20.48,19.95
20.05,20.70,20.71,20.03
20.70,20.63,20.92,20.59
20.75,21.00,21.02,20.71
20.99,21.11,21.31,20.96
21.08,20.94,21.28,20.66
20.67,20.54,20.86,20.33
20.62,20.44,20.75,20.29
20.23,20.36,20.63,20.07
20.52,20.76,20.80,20.38
20.94,20.83,21.00,20.68
20.94,21.41,21.47,20.82
21.33,21.05,21.33,21.00
21.17,21.06,21.29,20.92
21.08,21.10,21.33,21.03
20.98,21.65,21.77,20.64
21.74,21.61,21.95,21.27
21.77,22.22,22.72,21.75
22.31,22.55,22.56,22.14
22.52,22.50,22.83,22.38
22.68,23.00,23.24,22.50
23.00,23.07,23.16,22.75
23.07,22.79,23.07,22.62
22.74,22.59,22.85,22.33
22.60,22.67,22.79,22.50
22.71,22.50,22.79,22.43
22.46,22.51,22.67,22.36
22.49,22.32,22.50,22.21
22.33,22.28,22.47,22.17
22.31,22.25,22.37,22.00
22.09,22.01,22.30,21.96
21.96,22.02,22.24,21.96
22.07,22.12,22.26,21.99
22.50,23.24,23.28,22.35
23.20,22.68,23.22,22.53
22.84,22.73,22.95,22.56
22.72,22.55,22.77,22.47
22.51,22.49,22.73,22.40
22.41,22.36,22.57,22.20
22.25,21.84,22.47,21.75
22.77,22.00,22.77,21.90
22.07,21.77,22.17,21.75
21.58,21.60,21.77,21.51
21.59,21.01,21.67,20.94
21.00,20.73,21.12,20.47
20.45,20.62,20.63,20.02
20.50,20.06,20.53,20.06
20.00,19.41,20.14,19.37
19.42,20.00,20.03,19.41
20.00,20.25,20.29,19.82
20.40,20.74,20.94,20.36
20.74,20.31,20.83,20.17
20.31,20.04,20.31,19.97
19.84,19.66,19.84,19.60
19.63,19.63,19.86,19.55
19.62,19.67,19.88,19.50
19.73,19.31,19.73,19.29
19.47,19.53,19.55,19.24
19.47,19.61,19.67,19.14
19.63,19.54,19.78,19.50
19.74,19.64,20.17,19.54
19.67,19.91,20.02,19.62
20.03,19.80,20.15,19.70
19.75,19.62,19.95,19.52
19.60,19.61,19.84,19.43
19.60,20.02,20.09,19.59
20.26,20.34,20.44,20.20
20.34,20.28,20.34,20.09
20.33,20.77,20.90,20.14
20.88,20.45,20.94,20.24
20.57,20.30,20.60,20.21
20.27,19.91,20.46,19.77
19.92,19.93,20.07,19.77
19.87,20.11,20.23,19.66
20.11,19.88,20.27,19.79
19.74,19.54,19.80,19.53
19.49,19.62,19.63,19.33
19.65,19.59,19.71,19.50
19.55,19.48,19.65,19.39
19.47,19.29,19.58,19.19
19.33,19.21,19.58,19.10
19.08,19.13,19.23,18.84
19.08,19.11,19.26,19.06
19.12,19.23,19.34,19.04
19.50,19.19,19.65,19.13
19.24,19.25,19.44,19.12
19.10,19.30,19.32,18.90
19.18,18.86,19.25,18.67
18.99,18.80,19.14,18.57
18.68,18.96,19.03,18.61
19.01,18.97,19.17,18.75
18.94,18.90,19.00,18.74
18.95,19.46,19.56,18.81
19.42,19.63,19.93,19.33
19.63,19.71,19.78,19.37
19.71,19.84,19.90,19.55
19.86,19.65,20.21,19.50
19.65,19.38,19.71,19.26
19.38,19.34,19.53,19.18
19.31,18.67,19.31,18.62
18.67,18.69,18.76,18.44
18.72,18.32,18.79,18.30
18.32,18.24,18.53,18.07
18.30,18.13,18.60,18.10
18.65,20.99,22.00,18.65
21.12,19.93,21.72,19.89
19.93,19.09,19.93,18.80
19.03,19.02,19.13,18.78
18.84,18.48,18.90,18.16
18.45,18.00,18.50,17.61
17.92,17.89,18.00,17.60
17.99,17.82,18.17,17.78
17.81,17.73,17.98,17.60
18.43,17.82,18.48,17.59
17.85,17.52,17.86,16.82
17.52,17.46,17.89,17.15
17.50,17.51,17.58,17.36
17.51,17.47,17.65,17.40
17.45,17.70,17.72,17.28
17.74,17.74,17.85,17.52
17.77,17.82,18.45,17.70
17.82,17.97,18.02,17.50
17.91,17.95,18.23,17.78
17.95,17.65,18.02,17.45
17.69,17.60,17.84,17.40
17.60,17.98,18.11,17.56
17.93,17.61,18.08,17.55
17.67,17.71,17.92,17.51
17.75,17.68,17.76,17.52
17.72,17.66,17.91,17.53
17.67,17.73,17.87,17.60
17.70,17.95,18.00,17.58
17.98,18.26,18.39,17.92
18.26,17.94,18.48,17.87
17.90,17.98,18.04,17.73
18.00,18.34,18.45,17.93
18.40,18.54,18.90,18.33
18.56,18.60,18.96,18.53
18.65,19.10,19.10,18.62
19.15,19.17,19.32,19.02
19.20,19.19,19.28,19.07
19.19,18.98,19.22,18.90
18.86,19.15,19.24,18.86
19.15,18.94,19.27,18.72
19.07,18.52,19.07,18.49
18.56,18.50,18.67,18.37
18.44,18.50,18.50,18.10
18.48,18.47,18.66,18.36
18.46,18.30,18.55,18.18
18.32,18.77,18.92,18.27
18.77,18.95,19.11,18.59
18.85,18.74,18.96,18.44
18.67,18.52,18.74,18.44
18.64,18.69,18.71,18.33
18.67,18.67,18.84,18.51
18.67,18.53,18.88,18.40
18.53,18.27,18.59,18.02
18.30,18.05,18.57,17.86
18.16,18.10,18.49,18.00
18.00,18.00,18.33,17.96
18.10,17.88,18.10,17.70
17.72,17.97,18.02,17.53
17.96,17.78,17.98,17.56
17.86,17.96,17.98,17.60
17.95,18.18,18.21,17.95
18.18,18.57,18.57,18.10
18.58,18.54,18.83,18.40
18.54,18.66,18.71,18.34
18.29,18.26,18.37,17.99
18.24,18.35,18.35,18.19
18.25,17.90,18.35,17.88
17.89,18.00,18.06,17.73
17.93,17.83,17.93,17.30
17.86,18.01,18.12,17.72
17.93,18.23,18.31,17.93
18.30,18.34,18.70,18.20
18.34,18.09,18.41,18.01
18.13,18.39,18.52,18.13
18.44,18.39,18.62,18.36
18.30,18.26,18.32,17.89
18.75,19.33,19.70,18.75
19.17,19.01,19.39,18.82
19.14,18.95,19.26,18.89
18.95,18.94,19.10,18.83
19.02,18.85,19.22,18.83
18.84,18.63,19.00,18.53
18.60,18.58,18.73,18.33
18.62,18.54,18.71,18.44
18.52,18.54,18.60,18.38
18.58,18.48,18.59,18.33
18.47,18.60,18.83,18.47
18.69,18.75,18.93,18.59
18.72,19.61,19.66,18.66
19.66,18.99,19.67,18.78
19.02,18.53,19.02,18.48
18.50,18.86,18.95,18.44
18.88,18.58,18.95,18.37
18.64,18.35,18.74,18.28
18.47,18.44,18.63,18.27
18.41,18.50,18.73,18.37
18.50,19.20,19.28,18.50
19.32,19.25,19.39,19.14
19.25,19.50,19.50,19.00
19.47,19.19,19.47,19.14
19.16,18.95,19.16,18.78
18.96,18.89,19.25,18.85
18.85,18.64,18.94,18.61
18.63,18.98,19.00,18.63
19.02,18.80,19.16,18.76
18.74,18.39,18.88,18.37
18.36,18.23,18.41,18.08
18.27,18.36,18.74,18.26
18.36,18.35,18.54,18.17
18.42,18.22,18.76,18.16
18.16,18.13,18.20,18.00
18.09,18.11,18.21,17.79
18.12,18.15,18.26,18.05
18.18,17.94,18.33,17.91
17.94,18.06,18.07,17.60
17.97,17.97,17.99,17.73
17.99,18.00,18.05,17.81
18.01,18.03,18.09,17.89
18.03,17.85,18.25,17.72
17.90,18.77,18.80,17.77
18.82,19.26,19.66,18.73
19.22,19.13,19.27,19.00
19.13,19.14,19.32,18.88
19.24,19.24,19.34,19.04
19.33,19.66,19.68,19.22
19.38,19.86,20.10,18.98
19.94,19.88,20.37,19.79
19.91,19.85,20.20,19.60
19.86,20.23,20.61,19.86
20.17,20.34,20.37,19.92
20.37,20.47,20.62,20.35
20.40,21.69,21.71,20.34
21.67,21.77,21.79,21.50
21.77,21.56,21.84,21.20
21.64,21.59,22.04,21.47
22.46,22.89,23.75,22.32
23.13,23.35,23.45,22.50
23.45,23.29,23.95,23.15
23.39,23.18,23.40,23.13
23.24,23.54,23.68,23.20
23.62,23.70,23.80,23.27
23.67,24.40,24.76,23.55
24.32,24.55,24.75,24.11
24.67,24.99,25.12,24.35
24.97,24.74,25.10,24.57
24.71,24.93,25.31,24.62
24.93,24.51,24.95,24.42
24.49,24.53,24.75,24.23
24.49,24.86,25.08,24.33
24.84,24.81,25.01,24.53
24.84,25.47,25.50,24.84
25.44,25.43,25.62,25.19
25.36,25.37,25.54,25.02
25.54,25.57,25.78,25.36
25.60,26.20,26.22,25.52
26.12,26.14,26.64,26.09
26.15,25.78,26.18,25.71
25.81,25.59,26.11,25.55
25.67,25.19,25.67,25.06
25.13,25.17,25.69,25.09
25.17,25.43,25.62,25.04
25.55,26.21,26.23,25.35
26.13,24.35,26.22,24.22
24.40,24.27,24.55,24.07
24.25,23.92,24.44,23.89
23.94,23.69,23.97,23.51
23.68,23.80,23.92,23.47
23.59,24.05,24.16,23.53
24.04,24.21,24.37,23.82
24.37,24.08,24.37,23.82
24.00,24.08,24.31,23.96
24.13,24.01,24.13,23.73
24.02,23.94,24.28,23.81
23.94,24.05,24.19,23.88
24.02,23.86,24.05,23.72
24.00,24.04,24.14,23.93
24.02,24.09,24.25,23.95
24.17,24.09,24.25,23.89
23.99,23.91,24.12,23.86
23.89,23.85,24.04,23.73
23.87,23.23,23.95,23.17
23.30,23.39,23.59,23.10
23.15,22.84,23.32,22.79
22.92,23.03,23.16,22.82
23.05,23.12,23.29,22.87
23.10,23.25,23.43,22.96
23.23,23.62,23.70,23.17
23.66,23.62,23.69,23.33
23.20,22.17,23.20,21.61
22.19,21.98,22.22,21.79
21.96,22.15,22.25,21.89
22.15,22.13,22.39,21.96
22.19,22.38,22.84,22.19
22.42,22.18,22.42,21.89
22.20,22.85,22.86,22.20
22.51,21.41,22.72,21.31
21.41,21.29,21.52,21.05
21.29,21.16,21.43,21.16
21.15,21.12,21.29,20.88
21.10,21.16,21.33,21.06
21.19,21.21,21.53,21.15
21.27,21.80,21.85,21.23
21.78,21.42,21.93,21.33
21.49,21.66,21.78,21.31
21.70,21.68,21.93,21.56
21.77,21.94,22.15,21.77
22.06,22.01,22.34,21.80
21.93,22.43,22.44,21.93
22.44,22.10,22.44,22.00
22.15,21.93,22.43,21.91
21.86,21.81,22.10,21.67
21.78,21.88,21.98,21.78
21.85,21.37,21.87,20.95
21.35,21.35,21.45,21.06
21.34,21.33,21.52,21.18
21.40,21.26,21.71,21.22
21.27,21.16,21.27,21.01
19.90,20.04,20.21,19.53
19.95,20.09,20.11,19.92
20.08,20.28,20.41,20.01
20.20,20.44,20.57,20.04
20.47,20.28,20.92,19.98
20.30,20.36,20.48,20.21
20.22,20.10,20.31,20.02
20.06,19.93,20.11,19.82
19.92,19.76,20.23,19.68
19.72,19.54,19.81,19.36
19.68,19.24,19.70,19.10
19.27,19.17,19.36,18.95
19.15,18.97,19.37,18.90
18.99,18.82,19.02,18.14
18.81,18.89,19.11,18.75
18.83,18.78,19.30,18.72
18.79,18.55,19.05,18.52
18.64,18.92,19.22,18.55
18.83,19.19,19.36,18.79
19.10,19.21,19.47,19.05
19.39,19.36,19.50,19.24
19.32,19.68,19.68,19.25
19.68,19.79,19.85,19.48
19.83,19.57,20.06,19.53
19.72,20.10,20.22,19.64
20.07,19.68,20.07,19.35
19.64,19.50,19.70,19.09
19.57,19.98,20.02,19.47
19.98,19.47,20.04,19.33
19.38,19.34,19.52,19.07
19.59,19.15,19.60,19.14
19.23,19.50,19.65,18.94
19.51,19.57,19.73,19.23
19.63,19.71,19.80,19.40
19.75,19.54,19.75,19.48
19.56,18.67,19.80,18.44
18.72,18.80,19.16,18.72
18.85,18.79,18.95,18.74
18.73,18.83,18.94,18.72
18.84,18.73,19.00,18.63
18.70,18.76,18.85,18.63
18.70,18.57,18.79,18.55
18.63,18.83,18.94,18.61
18.76,18.64,18.77,18.50
18.60,18.73,18.75,18.45
18.87,18.82,18.87,18.68
18.81,18.84,18.93,18.73
18.90,18.76,18.97,18.69
18.82,18.75,18.85,18.70
18.74,18.59,18.87,18.59
18.61,18.43,18.71,18.40
18.38,18.47,18.56,18.32
18.46,18.67,18.73,18.36
18.63,18.52,18.76,18.45
18.53,18.62,18.88,18.48
18.53,18.33,18.74,18.24
18.18,18.50,18.52,18.15
18.40,18.14,18.46,18.00
18.13,18.25,18.44,18.10
18.15,18.01,18.24,18.00
18.06,17.67,18.11,17.65
17.59,17.55,18.00,17.52
17.56,17.83,17.96,17.45
18.00,17.90,18.06,17.82
17.95,17.94,18.07,17.59
18.00,18.15,18.17,17.92
18.23,18.46,18.66,18.17
18.50,18.44,18.71,18.27
18.52,18.46,18.62,18.41
18.48,18.79,18.88,18.48
18.72,18.67,18.93,18.63
18.71,18.39,18.81,18.39
18.53,18.30,18.64,18.23
18.27,18.06,18.34,17.91
18.04,17.35,18.06,17.35
17.45,17.43,17.52,17.09
17.52,17.80,18.02,17.48
17.81,17.41,17.81,17.40
17.40,17.19,17.46,17.12
17.37,17.03,17.51,16.92
16.90,17.03,17.04,16.72
17.07,16.25,17.08,16.20
16.17,16.53,16.57,16.17
16.54,16.36,16.58,16.12
16.33,16.47,16.52,16.24
16.57,16.61,16.78,16.47
16.63,16.56,16.77,16.51
16.56,16.69,16.79,16.53
16.14,16.39,16.61,15.76
16.50,16.22,16.53,16.19
16.22,16.48,16.51,16.13
16.35,16.16,16.46,16.12
16.19,16.37,16.43,16.16
16.40,16.68,16.80,16.40
16.61,16.61,16.88,16.57
16.63,16.79,16.84,16.55
16.82,16.97,17.15,16.73
16.96,17.08,17.30,16.94
17.18,17.00,17.20,16.88
16.92,16.96,17.18,16.84
16.99,17.05,17.16,16.99
17.07,17.28,17.33,17.07
17.31,17.45,17.47,17.05
17.44,17.53,17.56,17.32
17.46,17.41,17.52,17.34
17.38,17.42,17.52,17.32
17.41,17.46,17.47,17.20
17.52,17.34,17.52,17.24
17.29,17.34,17.50,17.23
17.26,17.21,17.38,17.02
17.08,16.99,17.44,16.91
16.99,17.10,17.20,16.92
17.09,17.05,17.13,16.92
16.98,16.85,17.08,16.75
16.83,16.75,16.91,16.69
16.62,16.47,16.74,16.42
16.50,17.24,17.25,16.45
17.15,16.93,17.22,16.93
16.91,16.97,17.07,16.81
17.07,17.25,17.34,17.07
17.15,17.08,17.24,16.82
17.19,17.19,17.34,17.08
17.17,17.15,17.21,17.00
17.07,17.61,17.63,16.99
17.54,17.58,17.86,17.51
17.70,18.01,18.11,17.60
17.98,18.46,18.50,17.98
18.52,18.25,18.52,18.23
18.23,18.22,18.41,18.09
18.17,18.08,18.34,18.07
18.05,17.90,18.20,17.89
17.96,18.18,18.23,17.87
18.12,18.56,18.59,18.05
18.57,19.02,19.10,18.48
19.05,18.91,19.13,18.84
18.88,19.00,19.18,18.75
18.98,18.93,19.02,18.83
18.91,18.86,18.96,18.78
18.91,18.58,18.91,18.50
18.65,18.47,18.68,18.39
18.52,18.59,18.65,18.35
18.57,18.45,18.67,18.28
18.49,19.03,19.04,18.44
19.04,18.81,19.08,18.69
18.66,18.43,18.66,18.27
18.50,18.64,18.66,18.43
18.66,18.56,18.66,18.44
18.56,18.49,18.65,18.46
18.43,18.66,18.68,18.26
18.70,18.85,19.02,18.68
18.87,18.54,19.17,18.49
18.51,18.36,18.64,18.29
18.26,17.98,18.27,17.97
17.90,17.45,17.95,17.32
17.48,17.31,17.49,17.24
17.37,17.60,17.71,17.23
17.57,17.04,17.61,16.92
17.07,16.86,17.09,16.61
16.84,16.84,16.95,16.51
16.68,17.01,17.20,16.68
16.98,16.79,17.23,16.73
16.68,16.62,16.80,16.50
16.71,16.44,16.88,16.43
16.49,16.47,16.63,16.33
16.47,16.36,16.50,16.15
16.36,16.25,16.64,15.99
16.20,16.22,16.42,15.95
16.21,15.90,16.21,15.87
15.83,15.61,15.93,15.60
15.61,15.40,15.64,15.33
15.35,15.15,15.45,14.94
15.23,15.60,15.61,15.03
15.60,16.12,16.14,15.60
16.14,15.93,16.14,15.72
15.93,15.73,15.99,15.61
15.65,15.54,15.77,15.50
15.53,15.89,15.94,15.40
15.82,15.39,15.98,15.32
15.41,15.34,15.54,15.25
15.29,15.35,15.50,15.20
15.37,15.50,15.65,15.29
15.56,15.40,15.68,15.38
15.46,15.33,15.60,15.30
15.31,15.26,15.42,15.24
15.20,15.10,15.27,15.08
15.07,15.11,15.18,14.98
15.16,15.10,15.21,15.00
15.12,15.19,15.31,15.11
15.16,15.07,15.27,15.00
15.16,15.40,15.47,15.03
15.44,15.56,15.77,15.22
15.62,15.44,15.87,15.35
15.47,15.15,15.51,15.14
15.22,15.16,15.36,15.07
15.01,15.32,15.55,15.01
15.47,15.53,16.39,15.47
15.65,15.70,15.73,15.50
15.75,15.89,15.93,15.67
15.74,15.78,15.99,15.72
16.23,16.97,17.03,16.23
16.83,16.77,16.95,16.57
16.91,16.60,16.95,16.59
16.72,16.63,16.84,16.55
16.68,16.62,16.77,16.58
16.63,16.62,16.74,16.53
16.62,16.54,16.68,16.50
16.56,16.56,16.67,16.51
16.54,16.47,16.63,16.40
16.46,16.37,16.54,16.26
16.37,16.26,16.47,16.21
16.20,16.28,16.37,16.19
16.29,16.06,16.32,16.06
16.01,16.08,16.14,15.98
16.04,16.09,16.28,16.02
16.18,16.15,16.32,16.10
16.10,16.18,16.34,16.07
16.16,16.07,16.23,16.06
16.16,16.25,16.34,16.09
16.22,16.26,16.31,16.12
16.26,16.25,16.47,16.15
16.27,15.92,16.27,15.77
16.00,15.88,16.03,15.79
15.44,15.73,15.79,15.33
15.80,16.24,16.31,15.77
16.21,17.37,17.45,16.21
17.28,17.56,17.79,17.28
17.52,17.36,17.59,17.30
17.30,17.37,17.46,17.11
17.29,17.33,17.41,17.25
17.36,17.41,17.47,17.22
17.31,17.17,17.40,17.06
17.07,16.96,17.16,16.88
16.73,16.89,17.08,16.64
17.00,17.38,17.76,16.59
17.66,17.03,17.68,17.00
17.22,17.32,17.37,17.06
17.37,17.54,17.64,17.23
17.50,17.42,17.60,17.34
17.41,17.45,17.50,17.35
17.24,17.42,17.60,17.24
17.54,17.56,17.73,17.41
17.59,17.56,17.72,17.47
17.45,17.41,17.53,17.31
17.55,17.52,17.59,17.45
17.63,17.55,17.70,17.50
17.52,17.43,17.58,17.38
17.44,17.74,17.85,17.43
17.75,17.62,17.86,17.55
17.66,17.79,17.81,17.56
17.80,17.81,17.84,17.69
17.84,17.86,18.05,17.62
17.73,17.85,17.95,17.73
17.89,17.88,17.97,17.82
17.78,17.84,17.95,17.76
18.03,17.72,18.08,17.62
17.66,17.86,17.88,17.52
17.98,18.00,18.16,17.84
17.96,17.98,18.02,17.75
17.98,18.88,19.17,17.98
18.92,19.13,19.16,18.65
19.21,19.19,19.30,18.95
19.17,19.41,19.49,18.81
19.43,20.23,20.25,19.33
20.15,19.81,20.26,19.78
19.85,19.51,19.87,19.18
19.43,19.81,19.83,19.36
19.82,20.61,20.61,19.72
20.64,21.08,21.08,20.50
21.00,21.45,21.64,20.79
21.43,21.16,21.48,20.97
21.18,21.36,21.45,21.12
21.37,21.28,21.48,21.23
21.25,21.45,21.54,21.21
21.43,21.04,21.43,20.99
21.08,20.90,21.25,20.88
21.01,21.24,21.48,20.93
21.26,20.98,21.43,20.94
20.51,20.00,20.55,19.80
19.95,19.70,20.05,19.51
19.73,20.02,20.06,19.51
20.02,19.77,20.03,19.65
19.75,19.82,19.85,19.48
19.82,20.01,20.18,19.59
20.00,19.77,20.00,19.71
19.80,19.79,20.00,19.71
19.78,19.76,19.99,19.50
19.96,19.87,20.04,19.23
19.78,19.64,19.94,19.56
19.65,19.62,19.80,19.59
19.62,19.55,20.02,19.52
19.50,19.02,19.58,19.00
19.00,18.81,19.17,18.77
18.80,19.28,19.33,18.80
19.29,19.28,19.75,19.16
19.33,19.61,19.73,19.26
19.59,19.62,19.94,19.54
19.76,19.65,19.95,19.62
19.62,19.85,20.00,19.62
19.77,19.98,20.06,19.62
20.02,19.90,20.05,19.80
19.91,19.84,19.96,19.74
19.88,19.42,19.99,19.38
19.49,19.74,19.82,19.45
19.74,19.37,19.74,19.30
19.42,18.95,19.49,18.84
18.99,19.11,19.27,18.91
19.09,18.85,19.16,18.66
18.76,18.40,18.88,18.36
18.26,18.25,18.41,18.07
18.25,18.14,18.30,18.05
17.94,18.12,18.32,17.88
18.07,17.95,18.28,17.89
18.03,18.03,18.14,17.64
18.11,18.69,18.81,18.08
18.70,18.19,18.77,18.17
18.18,18.33,18.42,17.80
18.34,18.37,18.58,18.23
18.38,18.56,18.74,18.30
18.62,18.84,18.87,18.57
18.80,18.74,18.91,18.70
18.72,18.73,18.83,18.55
18.83,18.99,19.04,18.77
18.99,18.81,19.04,18.75
18.78,18.51,18.90,18.50
18.26,17.69,18.26,17.56
17.72,17.68,17.77,17.44
17.51,17.27,17.77,17.12
16.97,16.85,17.24,16.83
16.91,16.58,17.00,16.56
16.62,16.55,16.70,16.30
16.66,16.04,16.79,15.76
16.04,15.55,16.22,15.43
15.60,16.18,16.21,15.47
15.82,15.62,15.97,15.44
15.76,15.62,15.76,15.41
15.41,15.56,15.75,14.97
15.59,15.96,16.21,15.52
16.14,16.10,16.42,15.89
16.04,15.75,16.13,15.71
15.79,15.99,16.09,15.71
15.96,15.64,15.96,15.56
15.75,15.40,15.97,15.39
15.51,15.91,15.94,15.45
15.88,14.89,15.88,14.27
14.78,14.85,14.94,14.60
14.91,14.43,15.01,14.39
14.43,14.62,14.82,14.43
14.55,14.80,15.02,14.49
14.70,14.95,15.03,14.47
14.83,14.90,15.10,14.76
14.95,14.98,15.17,14.85
14.80,14.86,15.00,14.70
14.97,14.99,15.15,14.88
15.12,15.04,15.13,14.82
15.17,15.04,15.33,14.97
15.09,15.00,15.10,14.85
14.98,15.03,15.19,14.97
15.14,15.04,15.32,15.04
14.99,15.30,15.50,14.99
15.22,15.24,15.24,14.93
15.39,15.39,15.50,15.25
15.51,15.49,15.74,15.29
15.50,15.21,15.59,15.11
15.31,15.69,15.69,15.23
15.62,16.08,16.10,15.62
16.10,16.53,16.58,16.10
16.55,16.57,16.85,16.50
16.50,16.25,16.66,16.21
16.23,16.09,16.36,16.05
16.09,16.04,16.14,15.97
16.10,15.73,16.20,15.60
15.82,16.00,16.07,15.82
15.99,15.93,16.07,15.81
15.83,15.65,15.85,15.61
15.58,15.79,15.84,15.58
15.77,16.54,16.64,15.77
16.66,16.50,16.71,16.50
16.46,16.46,16.70,16.39
16.33,16.29,16.48,16.29
16.22,15.46,16.31,15.46
15.40,15.54,15.64,15.25
15.56,15.83,15.94,15.48
15.77,16.56,16.63,15.74
16.63,16.73,16.74,16.52
16.70,17.15,17.17,16.61
17.00,16.40,17.00,16.38
16.42,16.08,16.43,15.97
15.98,16.17,16.21,15.92
16.10,16.32,16.33,15.88
16.20,16.47,16.60,16.20
16.56,16.56,16.66,16.42
16.66,16.69,16.76,16.43
16.71,16.65,16.72,16.48
16.71,16.89,16.92,16.68
16.95,16.93,17.20,16.87
16.88,17.13,17.13,16.88
17.09,17.06,17.09,16.71
17.05,17.27,17.28,16.93
17.39,17.43,17.50,17.01
17.47,16.94,17.48,16.75
16.97,17.25,17.25,16.87
17.27,17.36,17.36,17.07
17.32,17.42,17.69,17.27
17.39,17.47,17.60,17.17
17.42,17.10,17.56,17.06
17.08,16.85,17.21,16.70
16.96,17.18,17.25,16.88
17.04,16.96,17.12,16.75
16.82,16.64,17.06,16.53
16.70,16.54,16.93,16.41
16.50,16.98,17.07,16.50
16.97,16.83,17.04,16.81
16.84,16.85,17.00,16.77
16.85,16.61,16.85,16.59
16.67,16.77,16.82,16.66
16.72,16.72,16.89,16.64
16.74,16.82,16.89,16.73
16.75,16.70,16.98,16.65
16.65,16.80,16.94,16.65
16.70,16.76,16.84,16.69
16.86,16.88,16.92,16.76
16.88,16.94,17.02,16.88
17.09,17.30,17.39,17.00
17.35,17.33,17.46,17.23
17.40,17.27,17.42,17.27
17.31,17.31,17.39,17.18
17.47,17.38,17.65,17.33
17.28,17.39,17.47,17.15
17.37,17.36,17.44,17.28
17.31,17.28,17.47,17.26
17.37,17.63,17.68,17.36
17.57,17.76,17.97,17.56
17.79,18.03,18.05,17.76
17.90,17.58,17.91,17.58
17.47,17.24,17.54,17.17
17.26,16.76,17.26,16.74
16.78,16.78,16.86,16.63
16.88,16.89,17.07,16.81
16.88,16.95,16.95,16.65
16.99,17.09,17.13,16.80
17.29,17.52,17.54,17.22
17.62,16.90,17.73,16.87
16.97,16.96,17.13,16.75
17.24,17.56,17.58,17.00
16.83,17.24,17.34,16.83
16.96,16.65,17.15,16.53
16.71,16.95,17.11,16.71
17.15,17.39,17.40,16.99
17.40,17.72,17.73,17.29
17.79,17.59,17.89,17.54
17.55,17.43,17.56,17.31
17.31,17.45,17.48,17.26
17.49,17.37,17.57,17.23
17.57,17.82,17.93,17.45
17.93,18.11,18.16,17.86
18.25,18.35,18.42,18.14
18.39,18.20,18.43,18.18
18.34,18.17,18.36,18.16
18.28,18.21,18.28,17.99
18.21,18.23,18.28,18.07
18.26,18.00,18.33,17.96
17.99,18.41,18.42,17.95
18.34,18.34,18.40,18.28
18.35,18.41,18.48,18.15
18.42,18.31,18.50,18.25
18.27,18.42,18.44,18.20
18.40,18.46,18.53,18.27
18.43,18.57,18.67,18.42
18.54,18.43,18.67,18.30
18.42,18.69,18.70,18.24
18.65,18.59,18.66,18.42
18.55,18.51,18.78,18.28
18.53,18.54,18.73,18.22
18.59,18.89,18.92,18.53
18.96,18.88,19.00,18.79
18.90,19.01,19.04,18.78
19.03,19.04,19.11,18.95
19.16,19.04,19.16,18.88
19.00,19.14,19.25,18.94
19.15,19.27,19.41,19.05
19.24,19.12,19.24,18.97
19.15,19.29,19.33,19.06
19.26,19.34,19.47,19.19
19.20,19.43,19.48,19.16
19.38,19.37,19.42,19.27
19.47,19.68,19.76,19.47
19.72,19.40,19.74,19.35
19.37,19.34,19.48,19.30
19.07,18.85,19.35,18.78
18.83,18.86,19.00,18.70
18.85,18.89,18.96,18.81
18.86,18.89,19.03,18.81
18.95,18.98,19.04,18.85
19.04,19.18,19.26,19.04
19.30,19.23,19.32,19.10
19.20,19.24,19.40,19.20
19.20,19.20,19.26,19.15
19.03,18.45,19.16,18.44
18.33,18.56,18.65,18.27
18.43,17.81,18.50,17.80
17.87,17.65,17.87,17.60
17.64,17.60,17.77,17.39
17.56,17.92,17.92,17.56
17.94,18.25,18.26,17.88
18.35,18.17,18.44,18.06
18.27,18.60,18.65,18.17
18.75,19.02,19.13,18.59
19.06,18.96,19.27,18.96
18.83,18.61,18.91,18.61
18.59,18.41,18.67,18.40
18.41,18.71,18.77,18.36
18.73,18.50,18.81,18.42
18.67,18.38,18.67,18.31
18.30,18.08,18.39,18.01
18.12,18.17,18.18,17.96
18.27,18.21,18.40,18.03
18.15,18.26,18.35,18.03
18.28,18.07,18.47,17.98
18.20,18.34,18.37,18.04
18.34,18.07,18.36,17.98
18.10,18.16,18.34,17.94
18.05,18.09,18.22,17.97
18.18,17.90,18.21,17.90
17.95,18.20,18.30,17.85
18.35,18.30,18.35,18.05
18.35,18.10,18.47,18.00
18.00,18.10,18.30,17.95
17.95,18.20,18.20,17.75
18.25,18.20,18.45,18.05
18.05,18.05,18.20,17.95
18.00,17.85,18.20,17.70
17.95,17.55,18.05,17.55
17.55,17.70,17.73,17.55
17.70,17.70,17.95,17.65
17.80,17.20,17.80,17.15
17.20,16.55,17.40,16.55
16.75,17.00,17.05,16.55
17.65,17.10,17.65,17.10
17.50,17.45,17.80,17.35
17.30,17.65,17.70,17.30
17.40,18.15,18.18,17.25
18.30,18.10,18.38,17.90
18.15,18.80,18.95,18.10
19.00,19.00,19.15,18.80
19.05,19.30,19.30,19.05
19.30,19.30,19.50,19.15
19.40,19.30,19.75,19.25
19.30,19.35,19.42,19.20
19.45,19.35,19.50,19.25
19.50,20.40,20.45,19.50
20.30,20.65,20.65,20.20
20.65,20.80,20.80,20.60
20.80,20.85,21.00,20.75
20.85,20.95,21.25,20.85
21.00,20.80,21.25,20.75
20.80,20.55,20.95,20.45
20.60,20.25,20.65,20.15
20.40,20.60,20.80,20.25
20.70,20.90,21.20,20.55
20.90,21.00,21.25,20.85
21.00,21.50,21.90,21.00
21.55,21.20,21.75,21.05
21.15,20.95,21.15,20.50
21.10,21.05,21.32,20.75
20.95,20.40,21.00,20.30
20.40,20.55,20.90,20.25
20.70,20.75,20.75,20.50
20.80,20.75,21.05,20.65
20.80,20.85,21.05,20.60
20.75,20.20,20.80,20.20
20.20,20.00,20.30,19.90
20.10,19.85,20.15,19.85
19.85,19.75,20.00,19.75
19.75,19.50,19.81,19.48
19.50,19.30,19.75,19.20
19.30,19.00,19.30,18.50
19.20,19.05,19.30,18.85
19.05,18.95,19.23,18.95
18.85,18.75,19.15,18.55
18.80,18.45,18.80,18.40
18.35,17.95,18.35,17.90
17.80,17.85,18.25,17.80
17.90,17.70,17.90,17.60
17.60,17.65,17.70,17.20
17.70,17.70,17.95,17.55
