KB,KB Financial Group Inc,NASDAQ
51.60,52.53,52.58,51.52
51.32,51.44,51.44,51.04
51.65,51.40,51.70,51.34
50.78,50.97,51.25,50.55
51.11,51.29,51.42,50.66
52.68,52.62,52.79,52.32
52.11,51.59,52.11,51.35
51.22,51.25,51.38,50.50
50.45,50.90,51.38,50.45
50.97,50.03,50.97,49.80
49.71,50.20,50.32,49.71
49.56,48.90,49.90,48.55
49.30,47.90,49.43,47.90
46.72,45.97,46.89,45.94
46.20,45.68,46.20,45.30
44.90,44.60,45.23,44.29
43.35,43.16,43.38,42.28
44.70,44.17,45.21,43.70
45.42,42.74,45.43,42.65
44.43,44.82,44.84,43.79
45.00,45.46,45.57,44.40
45.06,44.53,45.11,44.21
43.28,41.77,43.45,41.77
40.22,39.55,40.68,38.01
39.12,38.69,39.18,38.40
41.57,41.83,42.15,41.15
41.62,41.53,41.94,38.63
43.53,44.48,44.62,43.39
43.20,43.65,43.96,43.05
43.90,44.13,44.20,43.30
45.81,45.73,45.84,45.54
45.70,45.64,45.80,45.11
44.05,44.11,44.30,43.61
44.41,45.04,45.36,44.41
44.87,43.61,45.00,43.59
43.64,43.82,44.04,43.46
41.69,42.13,42.29,41.15
42.19,41.87,42.19,41.41
42.38,42.65,42.87,42.13
43.16,43.34,43.53,43.05
43.75,43.58,44.24,43.34
44.04,43.93,44.30,43.53
44.73,45.04,45.04,44.20
45.90,45.85,46.00,45.74
45.61,46.05,46.20,45.59
45.98,45.86,45.98,45.36
45.91,46.20,46.20,45.61
46.62,45.69,46.62,45.56
45.41,44.99,45.41,44.60
45.47,45.53,45.54,44.90
47.07,47.02,47.21,46.58
46.64,46.05,46.69,45.95
46.54,46.54,46.91,46.05
45.73,45.80,46.14,45.40
46.17,46.45,46.48,45.79
45.65,45.42,46.04,45.22
46.00,45.73,46.57,45.70
46.64,46.16,46.87,45.63
46.96,46.38,46.96,46.15
47.64,47.73,48.70,47.30
48.11,47.96,48.60,47.84
49.28,49.78,49.79,48.70
48.80,48.66,49.29,48.34
48.67,48.89,49.23,48.50
47.66,46.95,47.84,46.81
46.82,46.90,46.98,46.36
46.79,47.25,47.35,46.70
47.73,47.84,47.94,47.15
47.60,47.24,47.60,47.09
49.55,50.28,50.37,49.49
51.18,51.88,51.93,51.12
51.39,50.45,51.73,50.40
49.51,50.09,50.43,49.20
50.55,50.62,50.65,49.95
51.05,50.50,51.05,50.03
49.55,49.88,49.93,48.89
50.02,50.14,50.31,49.80
51.35,51.12,51.58,50.96
50.25,49.00,50.60,49.00
49.06,48.52,49.06,48.07
48.92,49.47,49.49,48.68
50.28,48.80,51.66,48.72
49.24,49.50,49.75,48.93
48.21,46.37,48.21,45.93
45.15,45.44,46.32,45.01
44.50,42.04,44.60,40.56
42.23,41.68,42.84,40.06
46.36,46.03,46.36,45.16
43.86,44.13,45.00,43.46
43.43,43.48,43.79,43.20
45.05,44.98,45.73,44.84
44.50,43.54,44.50,42.52
42.48,42.19,42.64,41.15
42.88,41.48,43.03,41.26
41.35,41.74,42.27,40.65
40.28,39.47,40.50,39.08
39.20,40.58,41.02,39.18
41.27,41.03,41.82,40.92
38.04,39.41,39.48,37.49
39.02,37.81,39.02,37.68
40.03,40.60,40.60,39.21
40.78,39.98,40.80,39.68
39.86,39.25,40.29,39.25
39.46,41.17,41.20,39.18
43.45,44.13,44.67,41.91
42.22,41.17,42.50,41.03
40.93,39.53,40.94,39.48
40.70,41.61,41.71,40.41
41.80,41.17,42.27,40.99
41.62,42.43,42.43,41.51
41.67,42.67,42.67,41.67
43.41,43.01,43.84,42.82
42.18,42.96,43.08,41.67
41.08,41.83,41.90,40.79
41.06,40.93,41.53,40.49
40.94,41.35,41.51,40.94
42.73,42.42,43.18,42.06
41.49,40.45,41.97,40.38
41.00,41.22,41.36,40.24
41.21,40.55,41.25,40.39
40.67,41.24,41.45,40.41
41.27,41.00,41.44,40.84
39.47,38.65,39.68,38.46
38.75,37.89,39.00,37.65
37.85,38.11,38.34,37.06
38.46,38.23,39.03,37.92
39.38,39.39,39.99,39.04
38.74,39.27,39.36,38.65
40.04,40.74,40.85,39.90
42.14,42.67,42.88,41.91
42.47,42.00,42.63,41.95
43.01,43.24,43.40,42.59
43.42,43.80,44.08,43.35
43.30,42.98,43.30,42.17
42.00,40.19,42.00,40.00
40.57,40.55,40.57,39.93
39.99,41.41,41.51,39.96
40.84,39.74,40.84,39.55
40.46,40.94,40.99,40.20
42.34,43.31,43.45,42.34
43.31,43.50,43.60,42.74
43.51,43.30,43.51,43.09
43.64,43.45,44.12,43.18
44.62,43.78,44.70,43.58
41.84,42.78,43.41,41.84
44.89,45.46,45.93,44.89
45.06,45.07,45.34,44.67
44.31,44.15,44.40,43.84
43.00,43.34,43.40,42.83
42.88,43.74,43.75,42.74
44.44,44.00,44.44,43.93
43.08,43.38,43.75,43.02
42.27,41.02,42.27,40.88
40.57,41.14,41.23,40.41
41.00,40.96,41.25,40.81
40.47,40.65,40.81,40.28
41.44,41.44,41.63,41.03
41.47,41.25,41.49,41.03
41.40,40.93,41.62,40.51
40.61,40.35,40.61,40.00
40.73,40.18,40.81,40.13
39.63,39.62,39.88,39.00
39.22,39.39,39.48,38.52
39.55,38.93,39.80,38.55
39.83,40.70,40.76,39.80
41.01,41.07,41.53,41.01
40.64,40.74,40.88,40.20
41.90,42.43,42.50,41.66
41.67,41.38,41.67,41.01
41.81,41.53,41.96,41.33
41.37,40.62,41.41,40.56
40.88,41.13,41.35,40.68
41.98,42.13,42.28,41.85
42.38,42.58,42.58,42.09
42.97,43.17,43.25,42.88
43.15,43.54,43.70,43.00
43.23,43.59,43.61,42.90
42.88,43.16,43.21,42.80
43.25,42.97,43.32,42.74
43.95,44.31,44.42,43.67
44.41,44.21,44.49,44.04
44.28,44.27,44.54,44.10
44.04,43.94,44.32,43.76
44.66,44.71,44.89,44.41
44.21,43.46,44.21,43.44
43.37,43.39,43.48,42.90
43.33,43.37,43.62,43.00
43.61,42.87,43.61,42.55
44.15,44.78,45.09,44.15
45.10,45.77,45.81,44.75
46.33,46.78,46.93,45.96
46.38,46.62,46.79,45.90
47.05,46.62,47.19,46.33
46.78,47.10,47.17,46.42
46.82,47.01,47.08,46.70
46.77,47.33,47.39,46.74
47.94,48.35,48.49,47.80
48.49,48.44,48.63,48.02
48.85,48.53,49.00,48.21
47.83,48.19,48.19,47.67
46.23,45.69,46.39,45.51
46.88,47.41,47.64,46.88
46.81,46.43,46.84,46.16
46.27,46.54,46.55,46.20
47.34,47.08,47.47,47.06
46.22,46.25,46.47,46.04
44.97,44.96,45.17,44.70
45.60,45.18,45.60,45.11
45.01,44.90,45.33,44.40
45.97,46.06,46.38,45.72
45.43,46.36,46.52,45.43
46.11,46.27,46.57,45.90
46.56,47.05,47.06,46.56
47.20,47.75,47.89,47.20
47.31,47.68,47.68,46.80
47.80,47.10,48.34,47.00
47.26,47.34,47.57,46.71
46.19,46.06,46.38,45.73
45.74,45.07,45.83,44.89
46.50,46.01,46.55,45.91
45.19,44.34,45.29,44.19
44.49,44.32,44.75,44.29
45.16,45.04,45.30,44.85
44.89,44.78,44.89,44.38
44.74,44.85,45.35,44.39
43.27,43.04,43.71,42.80
46.50,47.07,47.10,46.42
46.37,45.55,46.50,45.52
46.20,46.21,46.70,45.83
46.01,46.04,46.32,45.81
47.64,47.59,47.69,47.04
47.40,47.97,48.01,47.29
47.75,48.42,48.43,47.68
48.84,49.20,49.28,48.83
49.46,48.83,49.46,48.67
49.02,48.89,49.12,48.57
49.25,49.18,49.31,48.79
49.43,49.57,49.80,49.31
51.05,51.03,51.23,50.88
51.42,51.59,51.80,51.40
51.20,50.46,51.20,50.37
50.27,50.62,50.64,50.06
51.10,51.21,51.34,50.85
52.13,52.01,52.35,51.88
51.53,51.20,51.58,51.06
51.43,51.25,51.46,51.04
51.06,51.04,51.08,50.84
51.41,51.60,51.85,51.33
51.65,51.44,51.65,51.39
51.84,51.95,52.02,51.78
52.71,52.64,52.80,52.18
52.65,52.89,52.99,52.56
54.67,55.00,55.03,54.42
55.46,54.84,55.46,54.45
53.73,54.08,54.15,53.57
52.83,52.40,52.89,52.24
52.63,52.80,53.18,52.37
51.75,51.96,52.01,51.43
52.57,52.93,52.93,52.22
52.93,53.01,53.18,52.65
53.94,54.45,54.45,53.82
54.39,54.55,54.68,54.16
53.91,53.78,53.92,53.45
53.74,53.24,53.83,53.15
52.81,52.75,52.82,52.01
51.42,50.52,51.44,50.46
50.84,51.37,51.37,50.45
51.45,51.48,51.60,51.09
52.04,52.52,52.59,51.85
52.19,52.00,52.27,51.76
51.96,50.83,51.96,50.53
51.41,52.07,52.14,51.29
52.40,53.88,54.05,52.40
53.80,53.36,54.04,53.30
53.48,53.15,53.59,52.94
53.40,53.15,53.40,52.75
53.12,53.26,53.41,52.92
53.34,53.11,53.34,52.72
52.56,52.20,52.63,52.06
51.99,51.69,51.99,51.18
50.92,51.27,51.60,50.71
51.90,51.67,51.94,51.54
51.18,50.90,51.25,50.64
51.17,51.50,51.69,51.17
50.65,50.87,50.99,50.59
51.49,51.30,51.50,51.14
50.81,50.11,50.95,49.77
50.36,49.67,50.59,49.45
49.39,49.71,49.81,49.13
49.50,49.45,49.85,48.97
49.38,48.75,49.38,48.68
49.46,48.53,49.54,48.25
48.24,48.62,48.90,48.24
50.07,50.59,50.68,50.04
51.41,51.38,51.60,50.89
51.63,50.44,51.63,50.37
51.33,52.03,52.20,51.26
52.05,52.50,52.60,51.84
50.68,50.09,50.72,49.96
49.61,50.27,50.32,49.53
48.76,49.28,49.29,48.65
47.43,48.44,48.65,46.93
49.15,48.02,49.26,47.76
49.70,49.50,50.11,49.27
50.27,49.98,50.39,49.70
50.42,50.51,50.74,50.21
49.68,49.19,49.76,49.05
49.23,49.30,49.39,48.79
49.89,49.82,50.00,49.36
50.46,50.87,51.15,50.36
50.97,50.85,51.17,50.66
50.41,50.41,50.49,49.66
51.67,51.73,51.86,51.35
52.00,52.17,52.44,51.93
52.49,52.21,52.65,52.13
53.55,53.72,53.83,53.30
53.41,53.52,53.99,53.38
53.42,53.17,53.47,52.61
53.37,53.42,53.56,52.93
53.44,52.87,53.49,52.65
52.51,51.98,52.55,51.95
51.53,51.24,51.71,51.03
52.13,51.74,52.39,51.47
51.02,51.14,51.16,50.69
50.53,50.92,51.04,50.53
48.53,48.36,48.98,48.23
49.15,49.10,49.18,48.93
50.61,50.96,51.09,50.61
49.98,49.90,50.16,49.62
50.34,50.35,50.84,50.25
50.17,50.27,50.39,49.87
50.76,51.52,51.72,50.76
51.04,51.61,51.80,51.01
53.21,53.29,53.71,53.19
53.44,53.02,53.44,52.87
52.97,52.72,53.13,52.52
52.37,51.53,52.37,51.40
51.23,50.73,51.41,50.69
51.39,51.01,51.74,50.94
51.08,51.40,51.48,50.83
51.58,51.91,52.00,51.47
51.71,50.96,51.71,50.92
50.74,50.91,51.08,50.31
50.12,49.27,50.15,49.02
48.98,48.81,49.51,48.68
48.88,49.04,49.18,48.73
49.27,49.41,49.59,48.70
48.77,48.86,48.94,48.29
48.61,48.32,48.85,48.11
47.94,47.48,47.94,47.33
47.56,47.32,47.65,47.26
47.02,47.44,47.52,46.87
47.41,47.65,47.70,47.26
47.76,47.67,47.85,47.57
48.13,47.91,48.17,47.78
48.71,48.12,49.05,48.06
48.08,48.13,48.16,47.48
48.69,49.18,49.71,48.57
49.19,48.94,49.19,48.81
49.44,49.42,49.86,49.37
49.21,48.85,49.24,48.74
48.37,48.49,48.61,48.15
47.42,47.09,47.43,46.82
48.18,47.88,48.18,47.64
48.07,47.97,48.18,47.88
46.67,46.99,47.21,46.19
46.32,46.10,46.36,45.80
45.34,45.18,45.42,44.32
44.78,44.92,44.99,44.63
47.20,47.70,47.75,46.94
46.97,46.38,47.09,46.35
45.43,45.68,45.73,45.00
47.02,46.70,47.15,46.48
46.56,46.68,46.93,46.37
46.99,47.34,47.35,46.80
47.50,47.63,47.82,47.19
47.56,47.80,47.86,47.32
47.77,48.35,48.48,47.77
48.85,48.91,49.30,48.74
50.00,50.16,50.50,50.00
49.99,50.06,50.08,49.48
50.00,50.50,50.50,50.00
50.73,50.39,50.92,50.20
50.15,50.19,50.47,49.86
50.30,50.03,50.74,49.79
50.48,50.26,50.68,50.12
49.77,49.29,49.78,49.10
48.92,48.77,49.01,48.34
48.95,49.28,49.43,48.91
50.10,50.39,50.60,50.00
51.51,51.87,51.98,51.34
51.77,51.56,51.77,51.19
51.12,51.50,51.56,50.91
51.66,51.83,52.01,51.47
51.64,51.09,51.68,50.94
51.10,50.40,51.25,50.27
49.70,49.61,50.33,49.59
50.08,49.26,50.17,48.92
47.74,46.78,47.84,46.74
46.07,46.27,46.31,45.04
45.40,44.60,45.45,44.56
44.40,43.98,44.46,42.63
40.26,38.72,40.59,38.44
38.96,39.90,40.01,37.79
37.77,36.61,37.77,36.35
36.29,38.39,38.83,36.16
38.27,38.68,39.12,37.89
39.31,39.12,39.60,38.91
40.79,40.40,41.34,40.38
41.12,41.07,41.68,40.72
39.52,38.81,39.52,38.29
38.15,37.98,38.86,37.83
39.35,38.66,39.60,38.41
39.17,39.89,39.94,38.72
38.29,38.48,38.51,37.70
38.55,37.47,38.80,37.30
37.68,38.48,38.55,37.20
39.48,39.76,39.83,39.43
39.78,40.47,40.57,39.64
41.26,41.28,41.76,40.97
40.85,40.13,41.26,40.08
39.38,38.71,39.46,38.48
37.19,37.86,37.99,36.58
38.54,38.98,39.13,38.38
38.95,38.90,39.40,38.80
37.37,36.75,37.37,36.64
36.27,36.16,36.30,35.36
35.89,36.25,36.30,35.39
34.55,34.50,34.73,33.88
33.41,33.86,33.95,33.31
34.75,34.79,35.05,34.39
34.10,33.97,34.23,33.68
34.14,34.19,34.55,34.06
34.23,33.15,34.25,33.15
30.88,29.98,30.89,29.69
29.51,30.10,30.14,29.33
30.00,30.95,31.05,29.63
32.80,33.01,33.53,32.80
33.46,32.84,33.88,32.84
34.08,33.74,34.54,33.23
33.31,32.76,33.38,32.61
32.61,31.38,32.90,31.34
31.54,32.96,33.06,31.05
32.84,33.33,33.42,32.41
34.80,35.40,35.46,34.72
35.57,34.66,35.75,34.55
35.35,36.19,36.27,35.28
35.80,36.18,36.18,35.38
36.87,37.63,37.87,36.87
37.15,37.54,37.77,36.81
38.18,38.64,38.65,37.94
37.97,36.88,38.03,36.77
36.28,36.92,37.28,35.71
36.91,36.62,37.23,36.36
35.67,35.23,35.67,34.65
36.10,36.23,36.33,35.84
37.32,38.52,38.66,37.32
38.30,38.02,38.33,37.72
37.56,37.34,37.73,36.66
39.22,41.28,41.62,39.22
40.63,41.15,41.53,40.63
39.53,39.05,39.64,38.89
37.26,37.55,37.86,37.10
37.94,38.11,38.54,37.57
37.44,37.12,37.44,36.33
37.24,37.45,37.55,36.87
37.38,38.12,38.12,37.38
37.54,37.96,37.99,37.17
36.22,35.08,36.24,34.99
34.03,34.26,34.53,33.80
34.71,34.97,35.19,34.65
35.37,34.72,35.37,34.47
34.33,34.64,34.80,34.18
33.73,33.36,33.94,33.33
33.46,33.06,33.92,32.90
33.38,33.23,33.50,33.10
32.35,32.14,32.39,31.89
32.93,32.85,33.00,32.42
31.97,31.23,31.97,31.17
31.41,31.58,32.05,31.27
33.08,32.95,33.24,32.75
33.12,33.06,33.31,32.89
34.02,34.90,34.97,33.88
35.34,34.92,35.65,34.89
35.62,34.91,35.76,34.86
34.78,34.70,35.13,34.40
34.27,34.27,34.40,33.91
33.59,34.14,34.26,33.45
33.50,32.73,33.50,32.57
32.46,32.83,32.99,32.40
31.86,31.26,31.86,30.97
31.33,30.65,31.62,30.46
30.67,30.60,30.81,30.52
31.26,30.94,31.37,30.92
31.15,31.05,31.31,30.86
30.68,29.64,30.69,29.56
30.47,31.06,31.47,30.47
31.65,31.85,32.08,31.42
32.05,32.15,32.20,31.93
31.98,32.15,32.19,31.71
31.91,31.68,32.03,31.65
31.52,30.97,31.59,30.80
31.09,31.29,31.38,31.07
31.25,31.34,31.42,31.23
32.30,32.45,32.64,32.30
31.71,32.05,32.10,31.48
31.71,31.96,32.06,31.53
31.52,31.14,31.54,31.13
30.92,30.98,31.06,30.86
31.65,31.85,32.05,31.65
31.43,31.29,31.49,31.20
31.94,32.16,32.20,31.71
32.54,32.78,32.87,32.45
34.35,34.71,34.99,34.35
34.86,35.25,35.27,34.83
35.52,35.62,35.75,35.37
36.52,37.06,37.06,36.52
36.99,37.42,37.65,36.99
37.01,37.21,37.35,36.87
36.60,37.31,37.52,36.33
37.40,36.95,37.56,36.90
37.78,38.08,38.15,37.13
37.81,37.80,37.96,37.51
38.06,37.90,38.09,37.61
37.76,38.18,38.48,37.76
38.91,39.11,39.29,38.69
39.68,40.06,40.07,39.63
39.72,39.67,39.80,39.44
38.98,39.25,39.35,38.84
39.64,39.93,40.10,39.63
40.20,40.63,40.80,40.04
39.25,38.81,39.25,38.70
39.05,39.04,39.05,38.75
38.86,38.85,39.01,38.59
39.01,38.76,39.04,38.66
37.39,38.16,38.21,37.39
38.35,38.35,38.46,38.18
37.03,36.58,37.04,36.38
36.14,36.01,36.25,35.96
36.20,36.30,36.39,35.96
36.58,36.96,37.05,36.58
36.35,36.57,36.60,36.15
36.80,37.11,37.22,36.71
37.13,36.85,37.30,36.75
37.01,37.54,37.70,36.95
37.41,37.42,37.48,37.23
36.80,36.53,36.85,36.37
35.78,35.30,35.78,35.14
35.77,36.02,36.03,35.67
37.09,37.37,37.41,36.96
36.61,36.70,36.84,36.48
36.13,35.93,36.25,35.87
36.90,37.68,37.69,36.89
38.34,37.92,38.43,37.76
38.67,38.90,38.91,38.56
38.90,38.69,39.01,38.69
38.41,38.88,38.98,38.41
37.76,37.71,37.79,37.55
38.62,38.26,38.68,38.25
38.50,38.34,38.54,38.10
38.26,38.16,38.26,37.63
38.42,38.68,38.68,38.33
38.35,38.12,38.35,38.03
37.92,37.56,37.92,37.24
36.90,36.96,37.05,36.55
36.59,36.70,36.72,36.36
37.72,37.99,38.14,37.51
37.72,37.65,37.79,37.41
37.67,37.77,37.85,37.55
38.27,38.21,38.31,38.05
36.67,36.40,36.69,36.28
36.17,35.50,36.25,35.30
36.06,36.00,36.10,35.83
36.68,37.27,37.31,36.66
37.80,37.37,37.82,37.35
37.19,37.07,37.26,36.74
37.32,37.57,37.70,37.30
36.96,36.84,36.98,36.63
36.42,36.44,36.71,36.16
35.91,36.02,36.23,35.84
35.78,36.12,36.12,35.67
35.80,35.85,35.97,35.67
35.73,35.98,36.02,35.57
35.34,35.86,35.86,35.29
35.53,35.25,35.59,35.21
33.97,33.93,34.00,33.65
33.88,34.23,34.44,33.77
34.43,34.46,34.50,34.19
34.57,34.26,34.83,34.25
34.30,33.78,34.34,33.74
33.45,33.89,33.95,33.40
34.19,33.87,34.24,33.57
33.38,33.58,33.78,33.25
33.65,33.81,33.97,33.63
32.84,32.90,33.25,32.81
32.44,32.14,32.48,32.13
32.15,31.79,32.15,31.65
31.49,31.23,31.69,31.23
31.19,30.42,31.19,30.36
30.41,29.90,30.42,29.84
30.01,30.42,30.46,29.89
30.94,31.01,31.21,30.81
30.61,30.70,30.75,30.15
30.84,30.75,30.89,30.42
30.54,30.51,30.62,30.42
31.05,31.33,31.37,31.00
30.83,30.74,30.94,30.69
30.88,31.18,31.29,30.82
30.62,30.41,30.91,30.32
30.62,30.44,30.66,30.16
30.77,31.04,31.11,30.74
31.39,32.04,32.14,31.32
33.04,32.78,33.15,32.73
32.16,32.42,32.49,32.03
33.26,32.53,33.33,32.49
32.78,33.07,33.09,32.75
32.81,32.86,33.11,32.71
33.16,33.31,33.40,32.96
33.61,33.95,33.99,33.52
34.29,34.40,34.55,34.22
34.54,34.61,34.79,34.44
34.60,34.79,34.87,34.48
33.94,33.18,33.95,33.15
32.48,32.60,32.66,32.23
31.82,31.78,31.94,31.62
31.80,31.74,31.91,31.50
31.50,31.38,31.54,31.27
30.77,30.93,31.01,30.54
32.32,32.69,32.75,32.30
32.42,32.39,32.57,32.25
33.05,33.89,34.18,33.05
33.26,33.02,33.26,32.94
32.52,32.38,32.66,32.24
32.22,32.20,32.32,32.03
32.48,32.00,32.49,31.88
32.07,32.07,32.28,31.89
31.11,31.19,31.33,30.92
31.11,31.42,31.53,31.11
31.10,31.01,31.10,30.85
31.54,31.70,31.75,31.28
30.86,31.18,31.35,30.86
30.56,30.48,30.66,30.48
30.14,29.89,30.21,29.80
28.65,28.84,28.89,28.36
28.89,29.06,29.06,28.75
28.94,28.90,29.09,28.83
29.83,29.98,30.05,29.36
30.16,30.97,31.11,30.09
31.04,31.05,31.24,30.98
31.69,31.33,31.73,31.28
31.44,31.12,31.44,31.11
30.87,30.70,31.14,30.56
31.13,31.36,31.51,31.13
31.47,31.51,31.68,31.40
31.51,31.61,31.86,31.51
31.85,32.03,32.19,31.85
32.92,32.87,33.17,32.85
32.98,33.34,33.39,32.93
32.97,32.91,33.03,32.73
33.19,33.13,33.27,33.00
32.98,32.89,33.04,32.80
33.06,33.39,33.45,33.02
32.94,32.99,33.00,32.84
33.02,33.18,33.27,32.96
33.23,33.28,33.58,33.17
32.94,33.17,33.25,32.83
33.88,33.64,33.98,33.58
32.44,32.47,32.64,32.30
33.61,33.36,33.64,33.34
33.34,33.28,33.67,33.20
33.40,33.43,33.46,33.18
33.00,32.98,33.08,32.83
32.53,32.36,32.61,32.28
32.23,32.19,32.35,32.00
31.84,31.81,31.84,31.65
32.17,32.67,32.72,32.17
33.80,33.93,34.09,33.00
33.90,33.70,33.99,33.69
33.84,33.99,34.03,33.75
34.35,34.54,34.60,34.32
34.38,35.50,35.56,34.19
36.50,36.35,36.76,36.28
36.84,36.48,36.87,36.46
36.48,36.49,36.57,36.39
37.27,37.07,37.27,36.90
36.66,36.75,36.87,36.46
36.66,36.43,36.79,36.38
35.30,35.48,35.53,35.23
35.59,34.92,35.65,34.92
34.94,34.84,34.99,34.70
35.22,35.46,35.55,35.03
35.34,35.29,35.40,35.07
35.50,35.62,35.99,35.45
35.39,34.87,35.43,34.70
34.96,34.92,35.04,34.68
34.70,34.75,34.80,34.55
34.76,34.87,35.03,34.73
34.38,34.53,34.55,34.26
34.69,34.03,34.69,33.98
33.65,33.46,33.68,33.38
33.75,33.62,33.97,33.62
33.70,33.63,33.82,33.50
34.09,34.26,34.31,33.95
34.51,34.94,34.99,34.51
35.09,35.25,35.36,35.01
35.25,35.54,35.55,35.16
35.24,34.64,35.24,34.63
35.23,35.21,35.37,34.99
33.97,33.85,33.99,33.72
34.20,33.94,34.20,33.90
34.20,34.03,34.22,33.87
33.93,33.68,33.98,33.65
33.96,34.05,34.09,33.80
33.41,33.75,33.82,33.38
34.23,33.83,34.23,33.82
33.80,34.09,34.10,33.75
34.16,34.40,34.56,34.16
33.80,33.51,33.85,33.39
33.23,32.75,33.24,32.73
33.09,33.05,33.29,32.89
32.96,32.95,33.00,32.82
32.47,32.58,32.85,32.47
32.58,32.06,32.58,31.96
32.22,32.29,32.35,32.09
32.00,32.09,32.13,31.71
32.38,32.55,32.55,32.35
32.28,32.54,32.54,32.23
31.78,32.00,32.04,31.78
32.26,32.28,32.34,32.18
31.79,31.89,31.89,31.77
32.26,32.11,32.34,32.07
31.68,31.87,31.87,31.30
32.58,32.61,32.75,32.45
33.00,32.87,33.07,32.80
32.99,32.66,33.01,32.65
32.49,32.53,32.58,32.42
32.79,33.13,33.30,32.78
33.21,33.45,33.45,33.14
33.54,33.67,33.70,33.44
33.30,33.50,33.50,33.18
33.80,34.10,34.14,33.77
34.06,34.15,34.40,34.06
34.84,34.82,34.98,34.72
34.92,34.82,34.92,34.71
34.93,35.04,35.10,34.89
35.35,35.54,35.59,35.33
35.50,35.75,35.79,35.32
35.62,36.09,36.09,35.54
35.57,35.67,35.68,35.49
35.20,35.21,35.30,35.15
35.21,35.20,35.36,35.00
35.15,35.09,35.15,34.75
35.39,35.10,35.54,35.01
35.15,35.90,35.90,34.98
36.51,36.83,36.93,36.51
36.91,36.79,36.96,36.71
36.67,36.70,36.80,36.45
37.05,37.13,37.28,36.97
36.40,36.28,36.44,36.13
36.18,36.18,36.33,36.07
36.05,36.38,36.42,36.05
35.95,36.30,36.30,35.82
36.66,36.70,36.78,36.60
36.14,36.42,36.42,36.14
36.37,36.60,36.65,36.35
36.94,36.97,37.12,36.86
37.17,37.25,37.28,37.13
37.52,37.45,37.55,37.26
36.95,36.94,36.96,36.80
36.82,36.88,36.98,36.64
36.75,36.68,36.75,36.47
37.18,37.25,37.40,37.12
36.61,36.54,36.73,36.47
36.46,36.17,36.46,36.11
35.50,35.32,35.50,35.23
35.56,35.68,35.75,35.40
35.39,35.15,35.39,35.08
35.01,35.17,35.31,34.94
34.46,34.65,34.68,34.41
34.25,34.24,34.40,34.10
34.67,34.61,34.67,34.41
34.61,34.51,34.62,34.40
34.63,34.72,34.91,34.60
35.17,34.92,35.20,34.87
34.66,34.76,34.79,34.60
34.46,34.44,34.52,34.28
34.83,34.80,34.92,34.76
35.78,35.13,35.83,35.13
35.32,34.79,35.35,34.58
35.63,35.50,35.80,35.39
35.94,34.92,35.94,34.88
35.40,35.35,35.47,35.10
35.57,35.84,35.86,35.50
36.19,35.43,36.34,35.41
35.41,35.80,35.85,35.36
35.70,35.76,35.82,35.55
35.70,35.78,35.89,35.64
36.10,36.12,36.19,35.97
35.81,35.89,35.96,35.71
35.62,35.40,35.72,35.23
35.28,35.19,35.28,35.07
34.98,34.58,35.01,34.56
34.39,34.22,34.39,34.13
34.21,34.21,34.31,34.11
34.02,33.72,34.08,33.68
33.60,33.56,33.70,33.55
33.67,33.12,33.67,33.00
32.98,32.83,33.01,32.72
32.49,32.16,32.49,32.16
32.40,32.50,32.54,32.38
32.80,32.76,33.10,32.65
32.99,32.91,33.17,32.79
32.91,32.97,33.00,32.83
33.15,33.04,33.24,32.97
33.26,33.19,33.39,33.06
33.26,33.15,33.34,33.02
33.15,32.76,33.38,32.68
32.70,32.41,32.73,32.28
31.65,31.60,31.65,31.33
31.56,31.47,31.56,31.21
31.48,31.54,31.71,31.32
32.18,32.40,32.48,32.17
32.52,32.68,32.72,32.46
31.87,31.66,31.94,31.57
31.61,31.12,31.72,31.12
31.91,32.13,32.14,31.82
31.27,31.08,31.27,30.85
31.06,30.73,31.06,30.65
31.14,31.05,31.18,31.00
31.35,31.86,31.88,31.35
31.89,32.26,32.27,31.88
32.18,32.23,32.43,32.12
32.03,32.08,32.19,31.95
31.90,31.73,31.90,31.73
31.72,31.96,32.07,31.72
32.10,32.80,32.85,32.10
32.70,32.51,32.79,32.44
32.02,32.01,32.04,31.75
31.60,32.01,32.04,31.60
32.09,32.24,32.26,32.02
32.48,32.67,32.73,32.39
32.80,32.80,32.82,32.49
33.12,33.10,33.32,32.99
32.82,32.70,32.86,32.42
32.34,32.27,32.39,32.19
32.46,32.56,32.67,32.44
32.62,32.80,32.83,32.62
32.87,32.92,33.20,32.86
33.14,32.97,33.14,32.89
33.29,33.46,33.48,33.25
33.27,33.15,33.34,32.97
33.52,33.26,33.86,33.18
32.63,32.84,32.84,32.53
32.96,32.99,33.04,32.86
33.26,33.20,33.37,33.20
33.03,33.10,33.12,32.94
33.12,33.20,33.28,33.12
32.64,32.65,32.78,32.51
32.97,33.26,33.26,32.91
32.92,32.85,32.99,32.70
32.69,32.15,32.69,32.06
32.22,32.23,32.26,31.95
32.38,32.47,32.53,32.15
32.46,32.21,32.46,32.13
31.64,31.92,32.10,31.64
32.20,31.63,32.20,31.58
31.39,31.79,31.84,31.33
31.67,31.29,31.67,31.20
31.73,31.44,31.73,31.34
31.40,31.33,31.48,31.21
31.35,30.65,31.41,30.63
30.11,29.72,30.11,29.52
29.88,29.65,29.88,29.43
29.03,29.17,29.40,28.74
29.66,29.44,29.79,29.11
29.52,29.41,29.52,29.10
29.63,29.58,29.63,29.37
29.52,29.63,29.71,29.37
29.74,29.96,30.12,29.74
29.80,29.59,29.89,29.41
29.09,28.92,29.09,28.59
28.98,28.85,29.08,28.49
29.61,29.34,29.75,29.32
29.55,29.72,29.73,29.41
29.89,30.02,30.10,29.75
30.94,31.44,31.45,30.94
31.55,31.76,31.76,31.34
31.48,31.68,31.73,31.44
31.55,31.25,31.55,31.17
31.02,30.93,31.02,30.80
30.60,30.59,30.84,30.37
30.84,31.07,31.07,30.78
31.07,31.69,31.91,31.04
32.14,32.12,32.24,32.08
32.39,32.14,32.40,31.95
32.09,32.11,32.11,31.88
31.89,31.87,32.15,31.76
31.79,31.70,31.94,31.66
31.89,31.83,31.94,31.66
31.66,31.62,31.77,31.49
32.45,32.34,32.45,32.15
32.41,32.85,32.91,32.40
32.71,32.79,32.85,32.61
32.66,32.40,32.66,32.30
32.15,32.13,32.15,31.99
32.45,32.69,32.70,32.40
32.69,32.65,32.73,32.61
32.40,32.51,32.62,32.28
32.47,32.49,32.65,32.34
32.86,32.42,32.86,32.23
31.94,32.12,32.21,31.61
32.24,32.05,32.37,32.01
31.89,31.85,32.04,31.79
31.85,31.86,31.95,31.79
31.58,31.30,31.67,31.26
31.30,31.32,31.39,31.19
31.47,31.60,31.64,31.22
31.49,31.15,31.49,31.10
30.68,30.50,30.77,30.50
30.58,30.69,30.86,30.54
31.67,31.50,31.76,31.40
31.91,31.61,32.05,31.47
32.58,32.54,32.76,32.44
32.80,32.83,32.89,32.67
32.83,33.15,33.19,32.77
33.03,33.25,33.37,32.80
33.59,33.93,33.95,33.59
34.01,33.99,34.19,33.83
34.01,34.20,34.34,34.01
33.99,33.85,34.08,33.71
34.08,34.02,34.15,33.52
34.60,34.37,34.92,34.34
34.78,34.59,34.94,34.32
34.64,35.69,35.70,34.53
35.74,35.55,35.74,35.26
35.49,35.04,35.49,35.02
35.81,35.72,35.86,35.46
35.90,35.51,36.00,35.47
35.29,34.96,35.29,34.92
35.52,35.62,35.64,35.00
34.91,35.44,35.61,34.91
34.72,35.02,35.02,34.68
35.28,35.62,35.62,35.05
35.23,35.55,35.64,35.23
35.30,35.69,35.73,35.26
35.81,35.96,35.97,35.71
35.76,35.78,35.88,35.64
35.57,35.38,35.60,35.30
35.77,35.40,35.77,35.18
35.28,35.60,35.65,35.26
36.97,37.26,37.27,36.90
36.99,37.39,37.39,36.98
37.45,37.30,37.57,37.26
38.80,38.94,38.95,37.77
40.09,40.44,40.44,39.81
40.97,41.26,41.31,40.97
40.26,40.56,40.64,40.08
40.46,40.30,40.50,40.19
39.20,38.91,39.20,38.77
39.35,39.55,39.66,39.25
39.40,38.80,39.73,38.57
38.74,39.19,39.23,38.74
38.86,39.09,39.14,38.79
39.39,39.47,39.82,39.39
39.29,38.81,39.29,38.72
38.53,38.65,38.69,38.44
37.97,37.58,37.97,37.33
37.51,37.33,37.51,37.14
37.44,37.47,37.52,37.30
37.34,36.85,37.35,36.83
36.61,37.02,37.03,36.60
36.72,36.50,36.72,36.50
36.59,36.55,36.73,36.23
36.06,36.21,36.21,35.61
35.94,36.26,36.27,35.94
37.28,37.30,37.50,37.28
37.68,37.38,37.99,37.37
37.79,37.50,37.92,37.48
37.87,37.50,37.87,37.41
37.28,37.36,37.44,37.15
37.37,37.62,37.63,37.34
37.58,37.46,37.65,37.41
37.25,37.32,37.42,37.13
37.19,36.85,37.34,36.75
37.19,37.28,37.39,37.19
37.43,37.34,37.65,37.25
37.25,37.00,37.35,36.96
37.00,37.24,37.42,36.89
36.98,36.79,36.98,36.75
37.20,37.54,37.57,37.19
37.84,38.09,38.11,37.84
38.02,38.10,38.13,37.98
37.76,36.96,37.76,36.86
37.02,37.02,37.50,36.94
37.19,37.11,37.19,36.91
36.97,37.17,37.44,36.97
37.11,37.28,37.34,37.01
37.97,38.30,38.32,37.36
37.63,37.46,37.65,37.23
37.72,38.00,38.16,37.72
38.50,38.60,38.75,38.43
38.39,38.69,38.75,38.39
38.64,38.55,38.70,38.36
38.98,38.93,39.00,38.68
39.82,39.93,40.03,39.69
40.20,40.51,40.56,40.10
39.99,39.33,39.99,39.20
38.46,38.52,38.63,38.25
37.82,37.69,37.82,37.58
37.78,37.93,38.05,37.63
38.06,38.02,38.16,37.89
38.06,37.96,38.13,37.62
37.29,37.32,37.44,37.18
37.63,37.10,37.65,36.97
36.94,37.08,37.10,36.82
37.57,37.39,37.64,37.35
36.93,36.93,37.04,36.85
36.67,36.75,36.83,36.57
37.01,36.60,37.08,36.55
36.47,36.21,36.47,35.99
34.97,34.84,35.06,34.66
34.47,33.98,35.00,33.92
33.87,33.73,33.92,33.41
33.45,33.01,33.49,32.62
33.80,33.53,33.99,33.43
33.90,33.75,34.13,33.59
33.25,33.55,33.60,33.12
33.24,32.34,33.24,32.30
32.70,33.31,33.43,32.70
33.29,33.22,33.43,33.09
33.85,34.07,34.15,33.42
34.51,34.36,34.99,34.20
33.75,33.52,33.87,33.39
33.58,34.01,34.02,33.58
34.37,34.40,34.59,34.28
33.94,33.89,33.97,33.61
34.25,34.47,34.62,33.99
36.20,35.86,36.22,35.80
35.63,35.15,35.70,35.11
34.86,34.83,34.90,34.52
35.91,35.73,36.03,35.61
36.07,36.03,36.29,35.97
36.17,36.00,36.28,35.93
36.95,36.86,37.12,36.68
36.63,36.83,36.85,36.49
37.02,36.90,37.11,36.62
36.29,36.39,36.42,36.05
36.81,37.01,37.03,36.60
36.72,36.79,36.80,36.60
37.63,37.86,37.87,37.43
36.62,36.75,36.89,36.47
36.01,35.80,36.01,35.43
35.90,35.61,36.01,35.52
34.28,34.74,34.75,34.19
34.82,34.06,34.82,34.02
34.13,34.28,34.40,34.13
34.57,34.80,34.83,34.54
34.41,34.59,34.69,34.41
34.51,34.14,34.62,34.05
33.75,33.61,33.76,33.19
33.59,33.50,33.83,33.44
33.75,33.77,33.92,33.64
33.85,33.80,33.93,33.66
34.71,34.64,34.80,34.54
34.62,34.90,35.01,34.60
34.90,34.93,35.14,34.85
35.09,35.15,35.16,34.85
35.56,35.68,35.68,35.49
35.53,35.53,35.55,35.35
35.10,34.88,35.10,34.37
35.37,35.06,35.58,34.98
34.82,34.65,34.86,34.58
35.42,35.36,35.50,35.07
35.70,36.26,36.26,35.70
36.25,35.80,36.25,35.79
35.78,35.70,35.78,35.52
36.04,35.96,36.04,35.79
35.64,35.37,35.73,35.04
35.52,35.84,35.88,35.47
35.67,35.63,35.70,35.48
35.58,35.69,35.69,35.45
35.26,35.10,35.26,35.01
34.78,34.79,35.00,34.50
34.64,34.66,34.81,34.49
34.25,34.41,34.62,33.76
34.00,34.02,34.17,33.77
34.08,34.26,34.46,34.08
34.07,34.33,34.37,34.05
34.36,34.67,34.71,34.13
34.48,34.68,34.71,34.42
34.55,34.64,34.65,34.33
34.63,34.78,34.95,34.53
34.19,34.22,34.40,34.01
34.67,34.77,34.92,34.63
34.79,34.75,34.87,34.64
34.61,34.92,34.93,34.61
35.31,35.26,35.42,35.23
35.99,35.76,36.06,35.74
35.79,35.66,35.83,35.42
36.13,36.12,36.13,35.89
36.18,36.33,36.33,36.02
35.83,35.87,35.96,35.78
34.87,34.77,34.87,34.62
34.99,35.15,35.16,34.92
34.80,35.08,35.10,34.65
34.67,34.51,34.67,34.42
34.64,34.70,34.76,34.46
34.56,34.57,34.66,34.47
34.13,34.02,34.17,34.00
34.00,33.80,34.00,33.77
33.50,33.58,33.64,33.46
33.69,33.42,33.69,33.25
33.64,33.92,33.94,33.63
34.01,33.95,34.38,33.92
34.51,34.44,34.51,34.06
34.37,34.77,34.78,34.37
34.65,34.71,34.87,34.60
34.95,34.73,35.02,34.69
34.27,34.21,34.43,34.17
34.30,34.09,34.30,34.08
33.70,33.95,33.95,33.65
33.90,33.90,34.01,33.66
34.10,33.99,34.15,33.98
33.65,33.59,33.69,33.40
33.74,33.66,33.75,33.58
34.32,34.28,34.54,34.28
34.05,34.20,34.23,33.98
34.32,34.45,34.55,34.17
34.67,34.95,35.00,34.62
34.69,34.76,34.89,34.69
34.50,34.64,34.71,34.50
34.45,34.63,34.70,34.45
34.53,34.75,34.76,34.42
34.92,35.00,35.00,34.73
35.06,35.01,35.08,34.90
35.48,35.83,35.84,35.34
34.90,35.22,35.25,34.89
34.82,34.71,34.90,34.71
34.58,34.64,34.71,34.41
34.84,34.86,34.89,34.65
35.00,35.04,35.14,34.91
35.20,34.88,35.21,34.82
34.88,35.04,35.15,34.81
34.90,35.15,35.15,34.87
35.38,35.54,35.62,35.38
36.00,36.17,36.20,35.87
35.73,35.74,35.86,35.57
35.46,35.97,35.98,35.46
37.56,37.82,37.82,37.33
38.55,38.63,38.75,38.54
38.99,38.99,39.03,38.66
38.88,39.12,39.13,38.72
38.96,39.13,39.28,38.90
38.94,38.98,38.99,38.73
38.81,38.58,38.92,38.52
39.04,39.21,39.45,39.04
39.50,39.29,39.54,39.15
39.54,39.67,39.73,39.46
39.50,39.46,39.53,39.40
39.49,39.68,39.70,39.47
39.49,39.44,39.65,39.34
39.88,40.10,40.14,39.87
39.95,39.87,40.20,39.53
39.99,40.09,40.10,39.85
40.12,40.12,40.22,40.06
39.92,40.25,40.26,39.92
38.77,38.61,38.80,38.49
39.22,39.09,39.22,38.84
39.21,39.31,39.38,39.20
40.40,40.30,40.40,40.13
41.15,41.32,41.43,40.95
40.34,40.07,40.75,40.00
40.65,40.69,40.75,40.44
41.06,41.22,41.22,40.98
42.01,42.00,42.23,41.91
41.60,41.37,41.68,41.29
40.86,41.03,41.05,40.60
40.70,40.39,40.85,40.17
40.55,39.93,40.55,39.78
39.92,39.63,39.92,39.49
39.50,39.36,39.51,39.26
39.36,39.33,39.45,39.25
37.69,37.50,37.73,37.48
37.84,37.96,38.13,37.59
38.41,38.20,38.50,38.20
38.24,38.15,38.37,38.13
38.14,37.75,38.17,37.74
37.73,37.55,37.73,37.38
37.93,37.97,38.05,37.85
38.44,38.78,38.87,38.40
38.22,37.88,38.22,37.88
36.74,36.88,36.98,36.58
36.86,36.94,37.08,36.75
36.50,36.22,36.52,36.11
35.31,35.12,35.52,35.04
35.42,35.17,35.42,34.87
35.32,35.20,35.45,34.99
35.45,35.65,36.08,35.45
35.93,35.63,36.05,35.59
35.67,36.32,36.40,35.52
36.45,35.78,36.45,35.53
35.53,35.06,35.57,35.03
35.25,35.46,35.88,35.25
35.30,35.21,35.57,35.15
35.59,35.51,35.73,35.01
35.04,35.48,35.68,34.85
35.71,35.75,35.88,35.49
35.87,36.15,36.21,35.85
35.69,35.68,35.91,35.52
36.11,36.05,36.40,35.97
36.88,37.06,37.15,36.84
37.28,37.25,37.40,37.11
38.74,38.42,38.74,38.37
38.87,39.45,39.47,38.87
40.15,39.79,40.27,39.70
40.45,40.63,40.73,40.29
38.84,38.70,39.14,38.57
38.57,38.31,38.59,38.22
38.08,38.12,38.16,37.89
38.24,38.05,38.24,37.82
38.22,38.01,38.27,37.99
37.04,37.27,37.31,36.64
36.96,36.94,37.00,36.81
36.95,36.92,36.95,36.68
36.95,36.95,37.16,36.88
37.17,36.83,37.17,36.66
36.08,36.10,36.10,35.40
36.11,36.17,36.20,36.05
35.82,35.67,35.85,35.62
35.75,35.91,36.00,35.71
35.56,35.69,35.71,35.43
35.61,36.09,36.18,35.61
36.23,36.09,36.23,35.71
36.00,35.97,36.27,35.92
36.13,36.44,36.46,36.04
35.01,34.93,35.03,34.85
34.57,34.77,34.80,34.46
34.62,34.57,34.69,34.50
34.67,34.80,34.83,34.57
35.09,35.19,35.21,34.82
34.91,35.05,35.17,34.87
35.32,35.17,35.43,35.03
34.99,35.37,35.37,34.97
34.90,34.60,34.90,34.58
34.67,34.75,34.93,34.58
34.75,34.10,34.88,34.01
34.25,33.56,34.25,33.49
34.68,34.61,35.12,33.98
34.47,34.76,35.09,34.47
35.18,35.14,35.18,34.89
35.07,34.75,35.25,34.75
34.62,34.43,34.63,34.36
34.14,34.22,34.36,34.07
34.63,35.02,35.09,34.63
34.81,35.41,35.63,34.71
34.46,33.77,34.46,33.77
33.14,32.68,33.14,32.61
33.00,32.62,33.00,32.60
32.83,32.25,32.83,32.20
32.25,31.22,32.25,31.20
32.05,31.60,32.23,31.50
31.78,31.65,31.82,31.50
33.15,33.28,33.43,33.03
33.41,33.56,33.63,33.33
33.10,32.63,33.10,32.48
33.15,33.10,33.40,32.81
33.40,33.32,33.57,33.11
33.71,33.49,33.72,33.31
33.32,33.58,33.58,33.18
33.70,33.63,33.74,33.51
34.01,34.32,34.38,33.96
34.25,34.85,34.92,34.25
34.68,34.81,34.83,34.56
35.12,35.43,35.44,35.11
34.76,34.61,34.82,34.53
33.64,33.30,33.95,33.25
33.71,33.90,33.92,33.62
33.13,33.75,33.89,33.12
33.86,34.42,34.48,33.85
34.68,34.74,34.98,34.66
34.96,34.81,35.17,34.69
33.50,34.48,34.60,33.38
34.15,34.31,34.46,34.11
33.96,33.74,33.96,33.50
33.81,33.72,33.84,33.55
33.62,33.46,33.69,33.26
33.45,33.52,33.64,33.40
34.24,34.48,34.63,34.20
34.54,34.68,34.77,34.45
34.57,34.67,34.80,34.42
34.43,34.21,34.55,34.16
34.29,34.84,34.93,34.19
34.95,34.65,34.95,34.54
34.83,35.21,35.27,34.66
35.48,35.39,35.57,35.39
36.06,35.94,36.26,35.81
35.50,35.63,35.66,35.41
34.67,34.66,34.70,34.37
34.66,34.38,34.66,34.26
34.46,34.50,34.55,34.37
34.24,34.24,34.33,34.10
33.30,33.12,33.39,32.91
33.20,33.06,33.20,33.06
32.74,32.57,32.88,32.55
32.52,32.49,32.57,32.40
34.19,34.17,34.25,34.03
33.68,33.75,34.11,33.61
33.90,33.85,34.00,33.80
34.51,34.46,34.55,34.21
34.31,35.15,35.22,34.31
35.45,35.07,35.45,34.84
35.54,35.97,36.14,35.54
35.92,35.90,36.09,35.80
35.15,35.22,35.39,35.15
34.61,34.30,34.78,34.26
35.14,34.96,35.22,34.90
34.61,34.69,34.74,34.48
35.04,35.24,35.26,35.00
35.32,35.14,35.34,35.14
35.06,35.27,35.28,34.98
35.31,35.34,35.47,35.28
35.44,35.48,35.66,35.35
34.74,34.72,34.88,34.68
34.80,34.55,34.84,34.52
33.89,33.69,33.95,33.49
34.41,34.61,34.64,34.32
34.92,34.53,34.92,34.51
37.05,37.07,37.19,36.47
36.64,37.08,37.09,36.61
37.11,37.78,37.80,37.03
37.28,37.66,37.81,37.15
37.93,37.72,38.01,37.54
37.51,37.69,37.73,37.51
37.31,37.42,37.54,37.05
37.90,38.20,38.42,37.83
38.86,38.57,38.86,38.46
38.05,37.94,38.25,37.68
38.29,37.71,38.39,37.46
37.90,38.41,38.58,37.90
38.13,38.13,38.26,37.96
38.27,38.32,38.33,37.91
38.62,38.91,38.91,38.50
38.78,38.68,38.90,38.57
38.86,38.56,38.86,38.45
38.15,38.01,38.15,37.89
37.79,38.15,38.22,37.79
37.56,37.41,37.65,37.30
37.62,37.84,37.92,37.46
38.28,38.06,38.28,37.90
37.94,38.26,38.37,37.94
38.01,37.92,38.01,37.64
37.36,37.07,37.37,37.07
37.59,37.67,37.71,37.40
37.57,37.57,37.67,37.48
36.37,36.31,36.51,36.26
37.46,37.14,37.46,37.07
36.38,35.88,36.39,35.80
35.28,35.35,35.41,35.23
35.56,35.57,35.62,35.35
35.99,35.85,36.05,35.83
35.50,35.14,35.53,35.10
35.77,36.01,36.07,35.74
35.88,35.79,36.05,35.79
34.86,34.82,35.00,34.70
34.36,34.41,34.65,34.20
34.85,34.75,34.86,34.65
34.71,34.73,34.80,34.62
35.82,36.00,36.06,35.79
35.93,35.83,35.93,35.70
35.05,35.01,35.10,34.92
34.52,34.01,34.52,33.96
33.42,33.66,33.73,33.42
33.37,33.50,33.59,33.13
34.29,33.81,34.29,33.64
32.51,32.64,32.92,32.51
33.39,33.39,33.47,33.23
33.91,33.99,34.06,33.81
34.05,33.85,34.09,33.85
33.59,33.35,33.78,33.32
33.58,33.55,33.60,33.46
32.90,32.69,33.05,32.67
33.05,32.87,33.12,32.78
33.04,32.81,33.04,32.76
32.49,32.29,32.52,32.19
31.54,31.50,31.69,31.42
31.65,31.90,31.91,31.29
31.38,30.84,31.40,30.83
31.41,31.12,31.52,31.06
31.71,31.63,31.73,31.47
32.15,31.88,32.15,31.86
32.03,32.06,32.24,31.93
30.70,30.73,31.38,30.64
31.24,31.04,31.24,30.84
30.38,30.33,30.39,30.18
30.10,30.05,30.18,29.96
30.39,30.22,30.39,30.15
30.25,30.30,30.30,30.02
30.49,29.78,30.60,29.77
29.50,29.27,29.57,29.02
30.23,30.28,30.39,30.17
30.70,30.83,30.86,30.62
30.87,30.83,30.97,30.82
31.23,31.19,31.27,31.09
31.63,31.49,31.67,31.38
31.71,31.80,31.88,31.57
32.20,32.32,32.49,32.20
31.88,31.48,32.01,31.44
31.67,31.58,31.92,31.52
31.73,31.74,31.83,31.61
32.44,32.71,32.76,32.43
32.09,31.79,32.09,31.60
31.74,31.52,31.75,31.45
30.92,30.58,31.00,30.56
30.63,30.62,30.89,30.57
30.55,30.54,30.72,30.51
31.06,31.09,31.20,31.01
31.28,31.07,31.28,30.92
30.47,30.19,30.47,30.18
30.21,30.15,30.29,29.98
28.22,28.53,29.19,28.21
29.70,28.88,29.79,28.87
29.26,29.15,29.28,28.75
29.50,29.87,29.88,29.41
30.29,30.41,30.56,30.14
30.12,29.91,30.12,29.78
29.55,29.23,29.59,29.20
29.82,29.71,30.12,29.56
29.17,28.79,29.34,28.79
28.68,28.32,28.87,28.31
28.63,28.71,28.72,28.41
29.18,28.78,29.42,28.74
29.37,29.55,29.65,29.18
29.29,29.48,29.49,29.22
29.47,29.38,29.47,29.27
29.38,29.36,29.53,29.03
29.86,30.40,30.43,29.85
30.39,30.29,30.75,30.28
29.69,29.10,29.73,28.97
29.48,29.29,29.51,29.11
29.18,29.14,29.21,28.85
28.96,28.69,29.07,28.69
28.60,28.96,28.96,28.52
29.17,28.79,29.18,28.68
28.59,28.07,28.63,28.06
28.12,27.99,28.19,27.93
29.31,29.39,29.43,29.12
29.61,29.68,29.78,29.51
29.12,29.51,29.53,28.92
29.73,29.95,29.97,29.59
29.68,29.88,29.96,29.61
29.59,29.89,30.15,29.59
29.75,30.00,30.01,29.67
30.15,30.48,30.71,30.15
30.62,30.77,30.82,30.50
30.61,30.56,30.75,30.43
30.47,30.56,30.68,30.42
31.11,31.30,31.33,31.01
31.22,31.22,31.33,31.09
31.26,31.24,31.41,31.19
31.97,31.97,32.05,31.76
32.11,31.85,32.14,31.85
32.42,32.70,32.78,32.33
32.82,32.66,33.00,32.56
32.50,32.42,32.61,32.33
31.95,32.16,32.36,31.95
31.97,31.82,32.04,31.61
31.50,31.24,31.50,30.99
31.65,31.53,31.73,31.36
31.60,31.66,31.69,31.42
32.17,32.39,32.50,32.17
32.24,31.64,32.24,31.58
31.74,31.91,31.96,31.74
31.32,31.30,31.53,31.15
31.32,31.48,31.58,31.27
30.92,30.81,30.92,30.64
31.01,30.83,31.01,30.74
30.89,30.62,31.00,30.59
30.02,29.70,30.04,29.62
29.61,29.72,29.72,29.41
29.61,29.44,29.68,29.37
29.93,30.16,30.23,29.83
30.50,30.55,30.61,30.42
30.50,30.45,30.55,30.40
30.39,30.21,30.41,30.19
30.44,30.61,30.69,30.44
30.56,30.60,30.75,30.48
30.72,30.49,30.81,30.48
30.34,30.22,30.38,30.07
30.46,30.71,30.71,30.34
30.37,29.91,30.37,29.80
29.85,29.50,29.85,29.36
29.46,29.92,29.92,29.46
29.26,29.03,29.38,28.91
28.73,28.75,28.87,28.62
28.75,28.78,28.94,28.60
29.13,29.16,29.29,29.11
28.74,28.36,28.80,28.32
28.68,28.64,28.76,28.37
28.83,28.83,29.04,28.71
29.26,29.57,29.68,29.15
28.87,28.20,28.88,28.10
28.39,28.20,28.54,28.20
28.79,28.81,28.82,28.52
28.46,28.82,28.83,28.46
29.06,29.28,29.29,29.00
29.09,29.06,29.22,29.00
28.74,28.91,28.95,28.53
28.87,28.76,29.10,28.60
28.22,27.95,28.32,27.91
28.14,27.87,28.14,27.86
27.04,27.09,27.22,26.87
27.52,27.28,27.65,27.23
26.78,26.77,26.94,26.73
26.52,26.22,26.71,26.21
26.49,25.98,26.49,25.95
26.20,26.13,26.20,25.89
26.39,26.10,26.40,25.91
26.55,26.12,26.71,26.01
25.76,25.62,25.78,25.26
24.35,24.37,24.57,24.11
24.50,24.19,24.50,23.98
23.64,23.31,23.64,22.84
23.57,23.66,23.82,23.39
24.08,24.31,24.42,24.08
24.76,24.19,24.81,24.19
24.17,24.35,24.35,23.97
24.49,24.26,24.63,24.06
25.01,24.63,25.03,24.57
24.63,25.16,25.21,24.63
24.66,24.70,24.72,24.41
24.48,23.59,24.48,23.54
23.47,23.80,23.80,22.94
23.82,24.28,24.54,23.82
24.40,24.56,24.63,24.40
24.19,23.89,24.30,23.75
23.52,23.62,23.92,23.45
23.86,23.63,24.13,23.59
23.51,23.23,23.58,23.01
23.49,23.95,23.97,23.49
24.20,24.47,24.50,24.12
25.08,25.68,25.79,25.08
24.98,24.58,24.98,24.49
24.34,24.34,24.42,24.19
24.60,24.76,24.76,24.54
24.70,24.06,24.70,24.06
24.07,24.15,24.33,23.88
23.98,24.00,24.02,23.75
24.23,23.98,24.24,23.90
23.98,23.76,23.98,23.75
24.03,24.78,24.78,24.03
24.51,24.87,24.92,24.48
25.18,25.51,25.51,25.16
26.09,26.45,26.47,26.09
26.56,26.70,26.77,26.44
26.31,26.06,26.31,25.92
26.23,26.41,26.50,26.16
26.55,26.68,26.72,26.34
27.12,27.47,27.49,27.12
27.39,27.45,27.60,27.21
27.00,27.01,27.01,26.79
27.05,27.55,27.58,27.05
27.71,28.00,28.14,27.65
28.23,28.01,28.35,28.00
27.97,28.08,28.17,27.87
28.00,28.16,28.34,27.92
27.95,27.72,27.95,27.67
27.23,27.44,27.44,27.19
27.35,27.41,27.50,27.32
27.52,28.03,28.04,27.48
27.95,27.83,28.02,27.78
27.81,27.59,27.92,27.59
27.46,27.75,27.76,27.32
27.76,27.55,27.85,27.53
27.82,27.86,27.96,27.72
28.13,28.80,28.82,28.03
28.49,28.01,28.50,27.88
28.39,28.29,28.59,28.23
28.07,28.01,28.24,27.97
27.71,28.17,28.21,27.66
27.83,28.53,28.62,27.73
29.08,29.39,29.39,28.95
29.68,29.49,29.79,29.48
29.28,29.98,30.01,29.28
30.37,30.61,30.75,30.17
30.65,30.92,31.01,30.65
31.03,31.10,31.21,30.85
31.10,31.24,31.52,30.39
31.51,31.38,31.63,31.30
31.03,31.08,31.13,30.86
30.85,31.11,31.19,30.85
30.80,30.84,31.18,30.58
30.67,30.41,30.67,30.19
30.13,30.06,30.17,29.87
29.42,29.18,29.60,29.17
28.68,28.76,28.83,28.53
28.67,28.58,28.87,28.47
28.49,28.68,28.78,28.40
28.64,28.49,28.64,28.37
28.73,28.87,28.95,28.43
28.86,28.86,29.10,28.72
28.85,28.44,28.85,28.43
28.14,27.97,28.48,27.94
28.17,28.41,28.45,28.17
28.41,28.24,28.61,28.24
27.95,27.83,28.08,27.60
28.11,28.47,28.58,28.09
28.46,28.45,28.65,28.31
28.10,28.02,28.19,27.98
28.10,28.68,28.72,28.03
28.94,29.22,29.26,28.78
28.96,28.84,29.04,28.84
28.81,28.88,28.94,28.60
28.87,28.76,29.02,28.70
28.49,28.55,28.70,28.35
28.67,28.80,28.82,28.47
28.99,29.27,29.28,28.80
29.35,29.47,29.66,29.12
29.26,29.33,29.48,29.14
29.50,29.83,29.93,29.50
30.31,30.20,30.37,30.16
29.74,29.38,29.78,29.33
28.84,28.92,29.14,28.79
28.79,28.59,28.95,28.47
28.36,28.18,28.54,28.18
28.04,28.46,28.51,27.95
28.30,28.37,28.55,28.30
29.74,29.25,29.74,29.25
28.99,29.28,29.35,28.99
29.73,29.46,29.75,29.46
30.12,30.18,30.23,29.90
28.77,28.08,28.80,28.07
27.22,26.59,27.22,26.45
27.53,27.72,27.72,27.37
28.24,28.47,28.48,28.14
28.36,28.46,28.46,28.14
28.55,28.51,28.65,28.38
27.98,27.71,28.03,27.68
27.09,27.54,27.58,27.09
27.77,27.57,27.87,27.50
27.58,27.81,27.90,27.48
28.07,28.10,28.13,28.01
28.87,28.90,29.03,28.74
29.27,29.01,29.27,28.87
29.31,29.29,29.51,29.29
30.09,29.70,30.09,29.68
29.60,29.82,29.87,29.60
30.02,29.85,30.03,29.82
29.80,29.68,29.82,29.66
29.90,30.24,30.47,29.78
30.00,31.00,31.05,30.00
32.00,31.64,32.10,31.57
31.66,31.73,31.87,31.59
31.82,31.89,31.98,31.61
31.46,31.67,31.73,31.43
31.51,31.76,31.81,31.51
31.75,31.76,32.00,31.71
31.59,31.49,31.98,31.37
31.42,31.70,31.70,31.32
31.84,31.94,31.98,31.67
32.46,32.68,32.69,32.35
33.66,33.32,33.66,33.28
34.09,34.16,34.24,33.92
34.30,34.27,34.33,34.09
34.22,34.56,34.57,34.07
34.18,34.17,34.31,34.02
34.20,34.61,34.73,34.20
34.26,34.36,34.50,34.15
33.57,33.91,33.93,33.47
33.58,33.88,33.89,33.55
33.25,33.65,33.66,33.25
33.19,33.21,33.21,32.90
33.58,33.34,33.69,33.33
32.99,33.10,33.11,32.82
33.95,34.20,34.27,33.95
33.90,33.64,34.13,33.47
34.31,34.55,34.69,34.09
34.83,34.76,35.03,34.71
34.91,34.74,34.91,34.61
34.93,35.33,35.40,34.93
35.26,35.32,35.48,35.26
35.77,36.03,36.06,35.71
36.31,36.35,36.59,36.23
35.89,35.79,35.97,35.37
35.55,35.22,35.87,35.22
35.20,35.80,35.88,35.19
34.14,33.78,34.25,33.72
33.67,33.81,34.12,33.64
33.81,34.18,34.30,33.77
33.98,33.69,33.98,33.58
34.15,33.79,34.20,33.78
34.01,34.03,34.31,33.94
34.87,35.05,35.06,34.55
34.96,34.84,35.23,34.79
35.06,34.75,35.16,34.75
34.62,34.15,34.77,34.14
34.55,34.88,34.94,34.51
34.73,35.02,35.03,34.54
34.55,34.11,34.71,34.04
34.43,34.21,34.47,34.12
34.26,34.27,34.36,34.01
34.26,34.33,34.64,34.15
34.18,34.22,34.32,34.16
34.40,34.59,34.63,34.33
34.37,34.15,34.38,34.02
35.14,35.40,35.45,35.12
35.37,35.47,35.53,35.27
34.69,35.17,35.32,34.69
34.31,34.19,34.44,34.09
34.58,34.32,34.71,34.25
34.98,34.78,34.98,34.76
36.53,36.01,36.53,35.33
36.40,36.32,36.45,36.14
36.28,36.83,37.14,36.28
37.35,37.28,37.44,37.05
38.18,37.86,38.22,37.76
38.32,38.39,38.56,38.25
37.56,37.72,37.82,37.53
37.42,37.39,37.47,37.24
36.76,36.52,36.85,36.35
36.95,36.98,37.02,36.86
36.68,36.29,36.78,36.16
35.82,35.60,35.88,35.51
35.65,35.97,35.97,35.65
35.30,35.50,35.61,35.23
36.02,36.38,36.39,35.91
36.17,36.19,36.40,35.80
35.67,35.87,36.04,35.66
35.81,36.13,36.37,35.77
36.39,36.26,36.56,35.93
35.78,36.13,36.25,35.68
35.88,36.52,36.52,35.87
35.13,35.30,35.41,35.02
34.87,34.80,35.01,34.71
34.77,34.71,34.87,34.66
34.62,34.56,34.62,34.36
34.87,34.85,34.90,34.62
35.31,35.26,35.46,35.20
35.49,35.51,35.53,35.35
35.60,35.30,35.70,35.30
35.68,35.83,35.93,35.61
35.90,35.82,36.13,35.79
35.75,35.52,35.88,35.49
35.78,35.79,35.83,35.58
35.59,35.46,35.65,35.41
34.93,35.30,35.36,34.75
36.03,36.67,36.67,35.73
37.95,38.29,38.33,37.87
36.99,37.30,37.44,36.99
37.19,37.16,37.50,37.12
36.99,36.99,37.09,36.78
36.75,36.47,37.15,36.44
36.03,36.36,36.40,36.03
36.97,36.79,37.16,36.79
37.04,36.94,37.12,36.86
36.89,36.98,37.06,36.80
36.80,37.07,37.10,36.77
36.57,36.51,36.57,36.33
36.14,36.47,36.54,36.14
36.09,36.48,36.48,36.00
36.18,35.89,36.31,35.85
35.51,35.18,35.62,35.11
35.40,35.29,35.44,35.21
36.10,36.06,36.30,35.98
36.40,36.55,36.65,36.35
36.00,36.10,36.29,35.95
35.85,35.60,35.85,35.50
35.16,35.47,35.70,35.16
36.01,36.38,36.45,36.01
36.24,36.75,36.75,36.23
37.18,37.07,37.28,37.03
37.27,37.16,37.44,37.10
