MCBC,Macatawa Bank Corporation - Common Stock,NASDAQ
2.13,2.08,2.13,2.08
2.08,1.96,2.08,1.96
1.96,1.85,1.96,1.85
1.88,2.00,2.02,1.88
2.00,1.93,2.02,1.85
1.93,1.92,1.97,1.85
1.92,1.92,1.97,1.90
1.98,1.90,1.98,1.89
1.96,1.94,1.99,1.85
1.91,2.01,2.04,1.91
2.00,1.99,2.00,1.90
2.00,1.92,2.05,1.91
1.94,1.98,2.08,1.92
1.98,1.94,2.00,1.88
2.00,2.05,2.06,1.88
2.04,1.97,2.04,1.97
1.99,2.00,2.00,1.97
2.05,1.93,2.05,1.92
1.92,1.86,1.95,1.86
1.89,1.82,1.90,1.82
1.84,1.83,1.98,1.79
1.83,1.83,1.85,1.81
1.80,1.79,1.84,1.77
1.79,1.77,1.83,1.75
1.77,1.77,1.86,1.77
1.77,1.78,1.79,1.77
1.80,1.80,1.82,1.80
1.80,1.78,1.82,1.78
1.79,1.80,1.85,1.77
1.78,1.76,1.81,1.76
1.79,1.84,1.84,1.78
1.81,1.77,1.81,1.77
1.77,1.77,1.82,1.76
1.77,1.75,1.78,1.75
1.81,1.73,1.84,1.72
1.78,1.75,1.79,1.73
1.75,1.62,1.75,1.59
1.62,1.50,1.65,1.50
1.55,1.62,1.65,1.55
1.62,1.67,1.71,1.62
1.67,1.60,1.75,1.60
1.65,1.71,1.75,1.60
1.71,1.64,1.75,1.62
1.65,1.64,1.74,1.63
1.63,1.65,1.72,1.63
1.70,1.70,1.70,1.67
1.68,1.81,1.82,1.68
1.82,1.73,1.82,1.69
1.75,1.77,1.77,1.73
1.80,1.78,1.80,1.73
1.75,1.72,1.75,1.65
1.73,1.67,1.73,1.65
1.67,1.62,1.73,1.62
1.63,1.63,1.66,1.60
1.61,1.63,1.63,1.61
1.63,1.67,1.67,1.62
1.67,1.64,1.70,1.64
1.64,1.64,1.68,1.64
1.71,1.75,1.80,1.66
1.90,1.67,1.90,1.64
1.70,1.75,1.78,1.70
2.05,1.90,2.10,1.81
1.90,1.99,2.00,1.90
2.02,2.24,2.25,1.99
2.24,2.23,2.38,2.08
2.25,2.25,2.38,2.24
2.27,2.37,2.40,2.27
2.35,2.15,2.35,2.07
2.15,1.94,2.15,1.93
1.93,1.96,2.08,1.93
1.99,1.99,2.03,1.98
1.99,2.00,2.03,1.95
2.00,1.98,2.00,1.95
1.97,1.97,1.98,1.96
1.98,1.98,2.10,1.96
1.98,2.00,2.15,1.91
2.00,2.35,2.41,2.00
2.35,2.68,3.00,2.35
2.70,2.67,3.23,2.51
2.78,2.78,3.06,2.78
2.78,2.59,2.78,2.46
2.00,1.95,2.09,1.91
2.00,1.96,2.10,1.91
2.08,1.91,2.08,1.90
1.96,1.95,1.99,1.79
1.99,1.80,1.99,1.73
1.78,1.65,1.80,1.63
1.70,1.72,1.89,1.70
1.90,1.74,1.98,1.73
1.82,1.73,1.87,1.71
1.74,1.72,1.84,1.72
1.72,1.71,1.83,1.65
1.70,1.73,1.74,1.69
1.80,1.86,1.90,1.73
1.81,1.76,1.81,1.68
1.67,1.78,1.80,1.67
1.81,1.75,1.81,1.73
1.80,1.79,1.88,1.76
1.76,1.76,1.84,1.74
1.73,1.65,1.73,1.65
1.75,1.70,1.75,1.65
1.75,1.75,1.75,1.67
1.70,1.65,1.72,1.65
1.66,1.67,1.71,1.65
1.70,1.70,1.70,1.66
1.70,1.75,1.77,1.65
1.77,1.75,1.77,1.73
1.73,1.74,1.75,1.69
1.72,1.65,1.74,1.65
1.67,1.67,1.71,1.64
1.65,1.66,1.80,1.61
1.65,1.63,1.73,1.62
1.61,1.61,1.66,1.61
1.61,1.68,1.74,1.61
1.70,1.66,1.71,1.64
1.69,1.73,1.73,1.65
1.69,1.78,1.78,1.62
1.78,1.70,1.80,1.68
1.75,1.51,1.75,1.51
1.60,1.21,1.60,1.17
1.26,1.10,1.33,1.10
1.20,1.20,1.33,1.11
1.25,1.20,1.27,1.16
1.20,1.20,1.33,1.20
1.21,1.17,1.21,1.11
1.17,1.18,1.20,1.17
1.59,1.17,1.59,1.11
1.60,1.32,1.60,1.28
1.30,1.21,1.38,1.21
1.26,1.20,1.33,1.20
1.31,1.38,1.50,1.20
1.58,1.24,1.58,1.24
1.38,1.20,1.38,1.20
1.34,1.16,1.43,1.16
1.18,1.12,1.25,1.12
1.21,1.30,1.49,1.20
1.30,1.20,1.30,1.20
1.25,1.28,1.32,1.22
1.25,1.24,1.29,1.20
1.29,1.30,1.30,1.18
1.27,1.43,1.44,1.27
1.49,1.40,1.60,1.40
1.50,1.40,1.50,1.32
1.55,1.54,1.56,1.43
2.00,1.83,2.35,1.83
1.83,1.66,1.86,1.62
1.85,1.63,1.85,1.62
1.62,1.53,1.72,1.42
1.53,1.44,1.70,1.36
1.44,1.47,1.58,1.38
1.52,1.43,1.52,1.43
1.58,1.43,1.58,1.43
1.43,1.42,1.45,1.38
1.40,1.45,1.45,1.31
1.41,1.50,1.50,1.33
1.48,1.41,1.49,1.41
1.51,1.36,1.51,1.34
1.37,1.38,1.40,1.35
1.40,1.36,1.42,1.36
1.40,1.41,1.50,1.36
1.45,1.37,1.45,1.30
1.42,1.44,1.44,1.31
1.43,1.33,1.50,1.30
1.31,1.34,1.36,1.29
1.34,1.39,1.39,1.34
1.34,1.37,1.38,1.29
1.33,1.37,1.37,1.33
1.32,1.35,1.35,1.32
1.30,1.37,1.38,1.30
1.35,1.37,1.40,1.33
1.42,1.41,1.42,1.35
1.41,1.44,1.45,1.40
1.40,1.44,1.44,1.38
1.40,1.43,1.43,1.40
1.45,1.37,1.45,1.34
1.35,1.45,1.50,1.35
1.40,1.35,1.45,1.34
1.40,1.34,1.45,1.34
1.34,1.44,1.44,1.34
1.41,1.38,1.41,1.36
1.33,1.32,1.39,1.31
1.40,1.36,1.40,1.31
1.34,1.40,1.40,1.34
1.39,1.38,1.39,1.34
1.36,1.50,1.50,1.35
1.43,1.50,1.50,1.42
1.46,1.48,1.50,1.43
1.44,1.48,1.48,1.41
1.48,1.48,1.51,1.40
1.49,1.46,1.51,1.45
1.44,1.48,1.50,1.41
1.50,1.49,1.50,1.47
1.50,1.48,1.50,1.47
1.48,1.52,1.52,1.47
1.53,1.55,1.55,1.52
1.55,1.67,1.68,1.55
1.67,1.84,1.86,1.67
1.90,1.78,1.90,1.75
1.78,1.93,1.95,1.70
1.93,2.15,2.19,1.87
2.14,2.30,2.40,2.05
2.30,2.30,2.46,2.20
2.37,2.16,2.37,2.10
2.33,1.86,2.33,1.83
1.83,1.84,1.90,1.79
2.00,1.78,2.00,1.78
1.90,1.71,1.90,1.69
1.75,1.97,1.99,1.75
2.02,1.87,2.20,1.81
1.87,1.88,1.97,1.86
2.05,1.95,2.05,1.95
1.91,1.90,2.01,1.87
1.94,1.96,1.99,1.92
1.96,1.94,1.96,1.92
1.99,1.90,1.99,1.89
1.97,1.90,1.97,1.90
1.96,1.89,1.96,1.80
1.90,1.97,1.97,1.88
1.94,1.97,1.97,1.87
1.97,1.99,1.99,1.92
1.95,1.99,1.99,1.90
1.96,2.00,2.00,1.96
2.04,2.04,2.07,1.90
2.01,2.05,2.09,2.00
2.09,2.03,2.09,2.00
2.10,2.08,2.12,2.02
2.05,2.15,2.15,2.05
2.18,2.22,2.25,2.17
2.19,2.31,2.31,2.19
2.31,2.45,2.45,2.30
2.50,2.70,2.80,2.50
2.80,2.82,3.00,2.78
2.79,2.75,2.82,2.60
2.73,2.82,2.87,2.73
2.85,2.85,2.90,2.78
2.89,2.85,2.89,2.80
2.87,2.86,2.93,2.82
2.85,2.83,2.88,2.81
2.93,3.06,3.07,2.87
3.08,3.75,3.75,3.08
3.75,3.50,3.75,3.30
3.46,3.61,3.73,3.42
3.75,4.00,4.00,3.53
4.00,3.85,4.00,3.81
3.85,3.59,3.85,3.51
3.55,3.50,3.62,3.40
3.43,3.51,3.60,3.35
3.65,3.63,3.65,3.30
3.58,4.01,4.01,3.58
4.00,4.10,4.15,3.93
4.17,4.13,4.25,4.01
4.18,4.12,4.20,4.02
4.06,4.00,4.09,4.00
4.00,4.04,4.10,3.92
4.09,4.15,4.15,4.01
4.15,4.20,4.23,4.11
4.22,4.65,4.65,4.22
4.61,4.90,5.10,4.61
5.15,4.91,5.20,4.75
5.05,4.88,5.05,4.85
4.98,4.70,4.98,4.55
4.75,4.73,4.83,4.52
4.73,4.60,4.74,4.52
4.60,4.15,4.62,3.96
4.18,4.02,4.18,3.87
4.00,4.23,4.40,4.00
4.30,4.15,4.30,4.15
4.15,4.12,4.20,4.10
4.10,4.11,4.23,4.10
4.12,4.14,4.16,4.10
4.23,4.22,4.40,4.16
4.33,4.30,4.33,4.18
4.30,4.28,4.44,4.26
4.27,4.31,4.39,4.25
4.20,4.17,4.27,4.04
4.17,4.25,4.39,4.15
4.56,4.42,4.56,4.28
4.43,4.30,4.44,4.25
4.33,4.16,4.34,4.06
4.12,4.05,4.12,4.01
4.00,4.05,4.24,4.00
4.05,4.17,4.26,4.05
4.22,4.30,4.40,4.22
4.33,4.41,4.49,4.32
4.35,4.33,4.49,4.20
4.33,4.07,4.33,4.05
4.10,3.99,4.15,3.95
3.93,3.76,4.06,3.76
3.75,3.76,3.79,3.50
3.76,3.77,3.80,3.70
3.80,3.76,3.85,3.74
3.78,3.68,3.80,3.66
3.64,3.42,3.64,3.35
3.42,3.12,3.42,3.11
3.09,2.92,3.09,2.92
2.79,2.60,2.83,2.51
2.60,2.80,2.83,2.50
2.80,2.75,2.87,2.75
2.86,2.69,2.86,2.60
2.72,2.70,2.82,2.70
2.67,2.72,2.76,2.58
2.70,2.66,2.73,2.62
2.69,2.69,2.72,2.56
2.74,2.71,2.74,2.67
2.79,2.82,2.85,2.72
2.91,3.08,3.15,2.90
3.20,3.05,3.20,3.04
3.10,3.00,3.10,3.00
3.03,2.97,3.03,2.90
3.01,2.81,3.01,2.80
2.81,2.67,2.81,2.56
2.65,2.63,2.79,2.63
2.60,2.42,2.60,2.40
2.43,2.48,2.57,2.33
2.52,2.50,2.55,2.48
2.51,2.46,2.56,2.45
2.50,2.47,2.50,2.46
2.53,2.50,2.58,2.48
2.52,2.63,2.65,2.52
2.67,2.82,2.88,2.66
2.85,2.81,2.86,2.77
2.84,2.67,2.84,2.62
2.71,2.65,2.71,2.65
2.64,2.75,2.75,2.63
2.72,2.72,2.85,2.62
2.66,2.66,2.70,2.61
2.70,2.68,2.70,2.66
2.78,2.80,2.80,2.69
2.77,2.80,2.90,2.72
2.87,2.78,2.87,2.73
2.75,2.75,2.78,2.71
2.70,2.58,2.70,2.58
2.50,2.51,2.59,2.50
2.53,2.59,2.59,2.50
2.60,2.53,2.60,2.53
2.51,2.52,2.55,2.50
2.58,2.59,2.60,2.52
2.55,2.51,2.58,2.50
2.50,2.51,2.55,2.46
2.55,2.43,2.55,2.35
2.43,2.41,2.50,2.41
2.52,2.47,2.53,2.43
2.45,2.49,2.49,2.41
2.48,2.53,2.53,2.47
2.57,2.53,2.60,2.48
2.47,2.45,2.54,2.45
2.47,2.45,2.50,2.41
2.44,2.47,2.50,2.44
2.47,2.47,2.59,2.47
2.49,2.50,2.54,2.49
2.55,2.54,2.58,2.52
2.52,2.46,2.54,2.45
2.65,2.57,2.67,2.51
2.57,2.45,2.59,2.45
2.44,2.40,2.47,2.40
2.42,2.43,2.48,2.40
2.44,2.41,2.44,2.40
2.41,2.40,2.41,2.40
2.40,2.33,2.40,2.33
2.33,2.36,2.37,2.25
2.35,2.30,2.35,2.28
2.28,2.29,2.30,2.25
2.30,2.35,2.36,2.30
2.34,2.29,2.37,2.28
2.33,2.29,2.33,2.27
2.29,2.24,2.31,2.21
2.24,2.28,2.40,2.20
2.39,2.42,2.46,2.31
2.43,2.40,2.47,2.31
2.44,2.35,2.44,2.35
2.33,2.32,2.40,2.28
2.32,2.42,2.50,2.31
2.45,2.59,2.59,2.45
2.59,2.63,2.66,2.51
2.65,2.69,2.69,2.63
2.69,2.75,2.75,2.69
2.75,2.77,2.78,2.65
2.80,2.87,2.90,2.80
3.00,3.15,3.22,2.96
3.18,3.14,3.48,3.10
3.22,3.12,3.24,3.08
3.09,3.11,3.15,3.01
3.08,2.96,3.14,2.94
2.98,2.96,3.03,2.87
3.00,3.04,3.22,3.00
2.72,2.93,2.98,2.50
2.90,2.97,2.98,2.90
2.99,2.93,3.00,2.90
2.91,2.92,3.00,2.89
2.89,2.96,3.00,2.83
2.97,3.06,3.10,2.93
3.07,3.07,3.09,3.02
3.04,2.99,3.09,2.94
3.05,2.98,3.05,2.92
3.01,2.95,3.01,2.87
2.95,2.79,2.95,2.74
2.90,2.98,3.10,2.86
2.99,3.05,3.31,2.99
3.10,3.07,3.13,3.07
3.12,3.05,3.12,3.05
3.05,2.97,3.05,2.78
3.02,3.02,3.14,2.95
2.98,3.02,3.10,2.89
2.90,3.00,3.05,2.87
2.83,2.88,2.98,2.83
2.87,2.95,2.97,2.85
3.00,2.95,3.02,2.86
2.93,3.04,3.04,2.93
3.01,3.04,3.04,2.97
3.01,3.02,3.09,3.01
2.85,2.91,3.02,2.85
2.94,2.99,3.01,2.89
2.97,3.00,3.01,2.88
3.02,3.00,3.02,2.91
2.91,2.94,3.01,2.90
3.00,2.85,3.00,2.85
2.85,2.86,2.89,2.85
2.92,3.05,3.10,2.91
3.10,3.01,3.10,2.91
3.09,3.00,3.09,2.97
3.09,2.92,3.09,2.90
2.78,2.88,2.94,2.78
2.66,2.73,2.90,2.66
2.80,2.87,3.03,2.80
2.80,2.76,2.89,2.76
2.76,2.78,2.87,2.76
2.79,2.90,2.90,2.75
2.94,2.98,3.04,2.90
3.05,2.95,3.05,2.93
2.91,2.94,2.99,2.91
2.96,2.84,2.99,2.80
2.85,2.85,2.94,2.81
2.86,2.94,2.94,2.85
2.90,2.89,2.92,2.87
2.86,2.70,2.92,2.65
2.77,2.65,2.77,2.63
2.68,2.55,2.68,2.50
2.60,2.57,2.70,2.55
2.61,2.68,2.80,2.60
2.70,2.61,2.70,2.55
2.68,2.70,2.70,2.56
2.59,2.50,2.70,2.50
2.50,2.59,2.59,2.50
2.60,2.95,2.97,2.59
2.87,2.83,2.93,2.83
2.83,2.71,2.88,2.65
2.70,2.61,2.81,2.50
2.60,2.68,2.70,2.59
2.70,2.63,2.70,2.62
2.67,2.64,2.97,2.61
2.65,2.65,2.72,2.62
2.59,2.65,2.77,2.59
2.62,2.50,2.64,2.50
2.55,2.59,2.61,2.50
2.59,2.55,2.62,2.52
2.55,2.56,2.60,2.55
2.55,2.58,2.68,2.54
2.60,2.58,2.64,2.57
2.59,2.60,2.64,2.59
2.66,2.69,2.75,2.63
2.62,2.50,2.68,2.49
2.50,2.62,2.69,2.50
2.58,2.56,2.58,2.50
2.57,2.53,2.57,2.50
2.53,2.52,2.56,2.50
2.50,2.55,2.55,2.46
2.50,2.50,2.57,2.50
2.48,2.47,2.55,2.32
2.43,2.48,2.57,2.43
2.49,2.50,2.55,2.40
2.48,2.41,2.55,2.40
2.44,2.41,2.50,2.40
2.43,2.48,2.54,2.43
2.41,2.47,2.54,2.41
2.50,2.49,2.50,2.45
2.44,2.50,2.50,2.41
2.50,2.50,2.50,2.41
2.43,2.43,2.48,2.33
2.30,2.33,2.41,2.21
2.37,2.41,2.49,2.35
2.36,2.31,2.39,2.27
2.31,2.27,2.31,2.25
2.26,2.20,2.27,2.20
2.20,2.21,2.25,2.19
2.24,2.31,2.31,2.20
2.26,2.25,2.30,2.20
2.24,2.27,2.35,2.21
2.25,2.27,2.31,2.21
2.29,2.23,2.29,2.21
2.20,2.25,2.28,2.20
2.20,2.11,2.29,2.03
2.10,2.22,2.26,2.09
2.21,2.09,2.23,2.05
2.09,2.06,2.18,2.01
2.11,2.29,2.29,2.07
2.24,2.11,2.24,2.10
2.11,2.11,2.25,2.10
2.11,2.10,2.24,2.10
2.12,2.16,2.20,2.09
2.16,2.15,2.17,2.10
2.20,2.10,2.20,2.08
2.16,2.29,2.29,2.06
2.15,2.15,2.30,2.15
2.15,2.28,2.28,2.15
2.28,2.26,2.28,2.22
2.22,2.26,2.26,2.20
2.26,2.24,2.26,2.22
2.24,2.27,2.28,2.20
2.20,2.25,2.30,2.20
2.25,2.25,2.28,2.21
2.23,2.25,2.26,2.23
2.28,2.25,2.28,2.22
2.25,2.30,2.30,2.25
2.30,2.30,2.32,2.30
2.30,2.30,2.32,2.29
2.35,2.35,2.35,2.30
2.31,2.39,2.39,2.30
2.40,2.47,2.47,2.38
2.47,2.47,2.47,2.41
2.50,2.50,2.53,2.50
2.50,2.42,2.50,2.42
2.46,2.50,2.50,2.45
2.50,2.63,2.65,2.50
2.63,2.69,2.69,2.58
2.69,2.87,3.00,2.63
2.89,2.91,3.00,2.85
2.79,3.00,3.05,2.70
2.99,3.04,3.05,2.94
3.05,2.98,3.05,2.95
2.99,3.04,3.05,2.99
3.04,3.05,3.05,2.98
3.05,3.00,3.05,2.95
3.00,3.00,3.05,3.00
3.04,2.99,3.05,2.97
3.05,3.02,3.05,2.99
3.02,3.01,3.02,3.00
3.02,3.00,3.04,2.98
3.00,3.01,3.05,3.00
3.00,3.00,3.05,3.00
3.01,3.01,3.03,3.00
3.04,2.93,3.04,2.93
2.92,2.89,2.95,2.87
2.90,2.77,2.90,2.74
2.77,2.75,2.84,2.75
2.72,2.59,2.75,2.59
2.59,2.61,2.66,2.50
2.50,2.79,2.85,2.48
2.83,2.79,2.86,2.79
2.79,3.00,3.04,2.79
3.00,3.05,3.10,3.00
3.03,3.07,3.10,3.02
3.05,3.02,3.09,3.02
3.07,3.05,3.09,3.01
3.05,3.07,3.10,3.03
3.10,3.11,3.12,3.06
3.06,3.12,3.12,3.06
3.12,3.12,3.14,3.10
3.11,3.11,3.11,3.06
3.10,3.10,3.13,3.07
3.10,3.08,3.11,3.07
3.07,3.14,3.14,3.07
3.10,3.16,3.25,3.10
3.19,3.26,3.30,3.19
3.25,3.40,3.42,3.25
3.40,3.46,3.50,3.35
3.50,3.47,3.50,3.37
3.43,3.30,3.49,3.25
3.31,3.26,3.40,3.25
3.25,3.13,3.25,3.09
3.19,3.15,3.21,3.15
3.15,3.14,3.20,3.10
3.10,3.22,3.37,3.10
3.29,3.35,3.40,3.24
3.32,3.37,3.42,3.32
3.36,3.42,3.43,3.36
3.48,3.46,3.49,3.43
3.55,3.49,3.55,3.42
3.45,3.43,3.46,3.42
3.42,3.36,3.46,3.34
3.45,3.35,3.49,3.35
3.30,3.35,3.35,3.28
3.38,3.49,3.66,3.34
3.52,3.50,3.55,3.45
3.47,3.45,3.55,3.43
3.45,3.44,3.47,3.41
3.44,3.39,3.45,3.39
3.41,3.33,3.45,3.33
3.29,3.40,3.40,3.28
3.37,3.37,3.40,3.35
3.37,3.37,3.40,3.37
3.35,3.38,3.39,3.35
3.38,3.39,3.45,3.20
3.45,3.44,3.45,3.25
3.53,3.40,3.53,3.38
3.42,3.45,3.45,3.37
3.43,3.30,3.43,3.27
3.30,3.32,3.37,3.30
3.37,3.37,3.44,3.30
3.40,3.29,3.40,3.27
3.35,3.30,3.39,3.29
3.32,3.32,3.40,3.27
3.28,3.38,3.47,3.27
3.41,3.43,3.43,3.41
3.40,3.49,3.50,3.40
3.48,3.25,3.48,3.20
3.31,3.28,3.43,3.28
3.33,3.30,3.39,3.28
3.35,3.34,3.45,3.27
3.26,3.32,3.40,3.23
3.29,3.30,3.41,3.15
3.29,3.40,3.41,3.29
3.41,3.40,3.41,3.30
3.41,3.34,3.41,3.22
3.33,3.37,3.40,3.28
3.36,3.29,3.36,3.21
3.23,3.29,3.36,3.20
3.33,3.29,3.40,3.25
3.27,3.26,3.39,3.25
3.22,3.33,3.39,3.22
3.30,3.21,3.35,3.21
3.20,3.21,3.28,3.20
3.20,3.19,3.20,3.15
3.21,3.18,3.30,3.18
3.24,3.19,3.28,3.19
3.19,3.27,3.30,3.19
3.24,3.33,3.34,3.21
3.33,3.35,3.35,3.30
3.32,3.36,3.36,3.31
3.36,3.41,3.42,3.33
3.42,3.44,3.44,3.31
3.45,3.46,3.47,3.29
3.46,3.39,3.47,3.38
3.41,3.33,3.47,3.27
3.37,3.46,3.46,3.30
3.42,3.45,3.47,3.31
3.44,3.42,3.47,3.31
3.40,3.46,3.46,3.36
3.41,3.38,3.44,3.34
3.40,3.42,3.42,3.36
3.41,3.38,3.44,3.25
3.40,3.39,3.44,3.33
3.33,3.38,3.40,3.33
3.36,3.39,3.39,3.36
3.34,3.29,3.39,3.28
3.31,3.21,3.31,3.16
3.18,3.13,3.28,3.12
3.17,3.29,3.29,3.17
3.45,3.20,3.45,3.17
3.41,3.22,3.41,3.22
3.26,3.33,3.40,3.22
3.29,3.35,3.39,3.27
3.26,3.28,3.33,3.25
3.30,3.21,3.34,3.10
3.19,3.25,3.27,3.19
3.23,3.12,3.25,3.10
3.04,3.15,3.21,3.04
3.14,3.16,3.17,3.14
3.19,3.19,3.20,3.12
3.29,3.30,3.30,3.15
3.25,3.26,3.38,3.25
3.29,3.25,3.35,3.25
3.19,3.21,3.34,3.17
3.17,3.35,3.35,3.15
3.31,3.22,3.31,3.20
3.19,3.15,3.24,3.15
3.18,3.15,3.25,3.10
3.20,3.19,3.20,3.07
3.25,3.08,3.25,3.06
3.05,3.15,3.19,3.05
3.11,3.07,3.15,3.07
3.13,3.08,3.13,3.05
3.11,3.08,3.11,3.05
3.04,3.03,3.14,3.02
3.19,3.10,3.19,3.03
3.14,3.06,3.14,3.02
3.03,3.05,3.13,3.03
3.08,3.08,3.09,3.05
3.03,3.07,3.08,3.03
3.05,3.05,3.09,3.05
3.09,3.06,3.09,3.06
3.06,3.08,3.08,3.06
3.09,3.06,3.12,3.06
3.07,3.05,3.07,3.02
3.01,3.03,3.06,3.01
3.01,3.00,3.06,3.00
3.01,3.03,3.08,3.01
3.02,3.09,3.09,3.00
2.92,3.01,3.04,2.92
3.04,3.03,3.07,3.03
3.01,3.00,3.03,3.00
3.04,3.06,3.07,3.01
3.05,3.09,3.09,3.00
3.00,3.07,3.08,3.00
3.05,3.01,3.06,3.00
3.00,3.01,3.06,3.00
3.00,3.02,3.04,3.00
3.02,2.99,3.08,2.99
3.01,3.03,3.08,3.01
3.05,3.03,3.06,3.03
3.09,3.05,3.09,2.94
3.04,3.05,3.05,2.98
3.05,3.06,3.06,2.98
3.00,3.00,3.05,3.00
3.05,2.97,3.05,2.95
2.95,2.95,3.00,2.95
2.96,2.99,3.02,2.95
3.03,3.00,3.03,2.99
3.00,3.06,3.07,3.00
2.95,3.08,3.09,2.95
3.05,3.08,3.15,3.05
3.15,3.04,3.15,2.95
3.20,3.17,3.50,3.12
3.15,3.09,3.29,3.08
3.25,3.09,3.25,3.08
3.10,3.15,3.23,3.10
3.15,3.20,3.20,3.15
3.20,3.20,3.25,3.17
3.18,3.09,3.18,3.05
3.06,3.07,3.12,3.01
3.12,3.09,3.12,3.03
3.05,3.06,3.11,3.02
3.05,3.04,3.18,3.02
3.01,3.05,3.10,3.01
3.02,3.05,3.07,3.02
3.07,3.01,3.17,3.01
3.00,3.01,3.07,3.00
3.01,3.05,3.08,3.01
3.01,3.02,3.02,3.01
3.01,2.98,3.05,2.98
3.02,3.02,3.09,2.98
2.99,3.01,3.02,2.99
3.00,3.00,3.01,2.98
3.02,2.90,3.02,2.90
2.91,2.96,2.98,2.82
2.96,2.96,2.98,2.92
2.93,2.93,2.98,2.93
2.92,2.99,2.99,2.92
3.00,2.97,3.00,2.92
2.95,2.95,2.98,2.95
2.91,2.90,2.97,2.90
2.97,2.93,2.97,2.90
2.94,2.92,2.95,2.91
2.91,2.96,2.96,2.91
2.90,2.90,2.99,2.89
2.90,2.88,2.96,2.85
2.92,2.82,2.93,2.80
2.83,2.90,2.94,2.81
2.87,2.90,2.90,2.81
2.85,2.90,2.94,2.85
2.87,2.88,2.91,2.84
2.84,2.88,2.90,2.80
2.85,2.90,2.90,2.84
2.87,2.85,2.90,2.80
2.85,2.89,2.91,2.85
2.92,2.95,3.02,2.88
2.93,2.98,3.00,2.88
3.00,3.17,3.20,2.96
3.20,3.18,3.20,3.05
3.11,3.23,3.23,3.10
3.25,3.24,3.25,3.13
3.20,3.30,3.30,3.16
3.28,3.50,3.52,3.28
3.45,3.48,3.50,3.34
3.50,3.50,3.52,3.45
3.50,3.48,3.50,3.45
3.50,3.50,3.50,3.46
3.50,3.75,3.75,3.46
3.75,3.70,3.75,3.50
3.72,3.69,3.72,3.65
3.66,3.75,3.75,3.66
3.78,3.63,3.87,3.61
3.89,4.06,4.14,3.85
4.12,4.21,4.25,4.06
4.30,4.53,4.70,4.25
4.62,4.65,4.70,4.48
4.69,4.37,4.69,4.00
4.40,4.31,4.44,4.25
4.37,4.25,4.49,4.25
4.30,4.31,4.35,4.25
4.33,4.34,4.34,4.27
4.25,4.30,4.31,4.15
4.30,4.57,4.90,4.30
4.50,4.52,4.62,4.48
4.54,4.59,4.74,4.54
4.66,4.89,5.10,4.50
4.95,4.73,4.95,4.58
4.80,4.95,5.00,4.65
4.95,4.75,4.95,4.74
4.75,4.60,4.75,4.60
4.62,4.70,4.73,4.60
4.74,4.80,4.83,4.69
4.80,4.78,4.80,4.66
4.77,4.84,4.93,4.62
4.88,4.89,5.03,4.79
4.96,4.95,5.00,4.86
4.95,4.75,4.95,4.68
4.71,4.87,5.09,4.67
5.00,5.19,5.39,4.92
5.21,5.16,5.26,5.07
5.23,5.08,5.23,5.06
5.18,5.40,5.45,4.97
5.46,5.64,5.68,5.40
5.70,5.70,6.08,5.65
5.75,5.99,6.10,5.72
6.10,5.73,6.10,5.66
5.51,5.28,5.51,4.72
5.40,5.43,5.51,5.21
5.56,5.45,5.56,5.37
5.40,5.40,5.47,5.27
5.33,5.33,5.42,5.26
5.48,5.40,5.50,5.34
5.44,5.58,5.81,5.38
5.55,5.49,5.62,5.44
5.45,5.41,5.55,5.40
5.41,5.36,5.44,5.31
5.35,5.47,5.50,5.31
5.50,5.44,5.54,5.32
5.44,5.51,5.51,5.40
5.37,5.51,5.53,5.35
5.43,5.65,5.65,5.43
5.68,5.87,5.95,5.68
5.91,5.95,6.00,5.86
5.98,5.98,6.00,5.94
5.96,5.77,6.00,5.77
5.82,5.54,5.82,5.50
5.55,5.79,5.83,5.55
5.74,5.54,5.78,5.50
5.58,5.40,5.63,5.35
5.37,5.36,5.44,5.35
5.36,5.34,5.38,4.95
5.34,5.55,5.66,5.18
5.50,5.69,5.70,5.40
5.81,5.84,5.90,5.60
5.89,5.89,5.89,5.63
5.83,5.94,5.99,5.73
5.98,5.60,6.00,5.56
5.60,5.52,5.65,5.40
5.51,5.47,5.71,5.35
5.54,5.52,5.67,5.46
5.48,5.52,5.61,5.43
5.50,5.19,5.60,5.15
5.20,5.08,5.30,4.95
5.03,4.89,5.11,4.70
4.82,5.06,5.10,4.70
5.03,5.12,5.18,4.92
5.15,5.32,5.33,5.15
5.28,5.40,5.48,5.28
5.36,5.28,5.47,5.26
5.27,5.25,5.41,5.21
5.19,5.19,5.30,5.10
5.18,5.20,5.28,5.14
5.17,5.40,5.45,5.17
5.31,5.44,5.45,5.25
5.39,5.44,5.49,5.34
5.48,5.56,5.56,5.41
5.45,5.55,5.59,5.45
5.57,5.50,5.57,5.47
5.45,5.50,5.54,5.45
5.48,5.35,5.48,5.26
5.34,5.29,5.49,5.27
5.27,5.28,5.43,5.20
5.26,5.22,5.34,5.21
5.29,5.30,5.36,5.24
5.29,5.19,5.42,5.15
5.17,5.20,5.39,5.10
5.20,5.25,5.28,5.15
5.25,5.25,5.28,5.11
5.20,5.19,5.29,5.14
5.23,5.14,5.25,5.10
5.15,5.20,5.25,4.99
5.19,5.12,5.21,5.08
5.07,5.02,5.10,4.99
5.10,4.96,5.12,4.92
4.94,5.13,5.16,4.81
5.17,5.19,5.20,5.03
5.17,5.06,5.30,5.00
5.12,5.21,5.25,5.06
5.23,5.04,5.25,5.00
5.10,5.30,5.30,5.04
5.28,5.31,5.35,5.20
5.28,5.30,5.32,5.13
5.30,5.51,5.63,5.25
5.51,5.45,5.51,5.40
5.44,5.29,5.48,5.21
5.30,5.37,5.43,5.25
5.42,5.28,5.47,5.24
5.26,5.31,5.37,5.22
5.30,5.45,5.50,5.27
5.47,5.44,5.50,5.35
5.44,5.44,5.50,5.39
5.43,5.37,5.50,5.35
5.38,5.49,5.49,5.26
5.45,5.35,5.50,5.25
5.32,5.48,5.48,5.32
5.50,5.49,5.51,5.40
5.50,5.43,5.50,5.39
5.50,5.40,5.59,5.26
5.38,5.33,5.45,5.28
5.38,5.14,5.38,5.11
5.18,5.19,5.25,5.10
5.23,5.18,5.28,5.11
5.13,5.08,5.20,5.01
5.06,5.10,5.10,5.04
5.09,5.06,5.09,5.01
5.05,5.06,5.10,5.01
5.08,5.08,5.09,5.01
5.05,5.01,5.07,5.00
5.00,5.07,5.08,5.00
5.09,5.03,5.09,5.02
5.04,5.00,5.09,5.00
5.00,4.86,5.00,4.80
4.85,4.77,4.91,4.76
4.75,4.75,4.84,4.72
4.74,4.78,4.86,4.74
4.75,4.74,4.78,4.72
4.74,4.81,4.85,4.73
4.81,4.87,4.95,4.80
4.85,4.82,4.91,4.79
4.78,4.65,4.86,4.65
4.66,4.53,4.72,4.50
4.55,4.55,4.66,4.51
4.54,4.47,4.55,4.45
4.47,4.50,4.53,4.43
4.51,4.52,4.55,4.49
4.53,4.66,4.74,4.53
4.68,4.81,4.87,4.58
4.84,4.82,4.88,4.74
4.87,4.82,4.87,4.75
4.81,4.86,4.88,4.79
4.86,4.91,5.00,4.81
4.94,4.93,4.98,4.87
4.99,4.95,4.99,4.90
4.95,4.95,4.99,4.90
4.93,5.19,5.20,4.91
5.19,5.07,5.20,4.95
5.09,5.10,5.18,5.01
5.07,5.11,5.19,5.00
5.13,5.15,5.18,5.02
5.16,5.15,5.16,5.12
5.15,5.11,5.20,5.05
5.07,5.22,5.24,5.07
5.15,5.38,5.39,5.14
5.34,5.33,5.35,5.17
5.31,5.22,5.35,5.21
5.20,5.24,5.34,5.20
5.23,5.29,5.34,5.21
5.25,5.30,5.48,5.25
5.28,5.20,5.35,5.07
5.20,5.22,5.25,5.17
5.22,5.28,5.35,5.15
5.26,5.36,5.45,5.26
5.34,5.39,5.43,5.32
5.40,5.36,5.45,5.36
5.40,5.38,5.45,5.33
5.37,5.29,5.37,5.25
5.36,5.35,5.36,5.27
5.34,5.25,5.35,5.18
5.25,5.26,5.33,5.17
5.23,5.26,5.27,5.23
5.25,5.31,5.34,5.25
5.33,5.16,5.37,5.00
5.15,5.07,5.15,4.70
5.07,5.17,5.24,5.07
5.18,5.06,5.22,5.06
5.03,4.91,5.22,4.87
4.88,4.86,5.00,4.80
4.92,4.78,4.97,4.75
4.77,4.76,4.80,4.73
4.79,4.79,4.83,4.70
4.82,4.69,4.83,4.68
4.71,4.78,4.94,4.71
4.77,4.77,4.88,4.69
4.78,4.90,4.92,4.77
4.94,5.05,5.14,4.90
5.03,5.16,5.20,5.03
5.19,5.08,5.23,5.06
5.08,5.07,5.14,5.07
5.06,5.07,5.15,5.06
5.11,5.09,5.12,5.06
5.07,5.14,5.15,5.07
5.13,5.07,5.13,5.00
5.07,5.13,5.14,5.03
5.12,5.14,5.15,5.02
5.15,5.17,5.20,5.08
5.10,5.13,5.19,5.10
5.11,5.08,5.16,5.07
5.07,5.11,5.17,5.07
5.08,5.09,5.13,5.07
5.09,5.08,5.13,5.07
5.10,5.05,5.10,5.01
5.04,5.03,5.06,5.03
5.03,5.02,5.05,5.00
5.02,4.84,5.02,4.83
4.83,4.79,4.89,4.76
4.83,4.83,4.99,4.80
4.83,4.90,5.08,4.83
4.90,4.91,5.06,4.85
4.93,4.92,4.93,4.79
4.93,4.78,4.98,4.76
4.80,5.03,5.08,4.80
4.91,4.94,5.01,4.91
4.89,4.90,4.95,4.83
4.90,4.99,4.99,4.82
5.02,5.00,5.05,4.92
5.05,5.05,5.08,4.97
5.07,5.00,5.07,4.99
5.00,4.93,5.00,4.90
4.93,5.00,5.06,4.93
5.03,4.95,5.05,4.91
4.95,4.98,5.00,4.95
5.00,4.98,5.00,4.96
5.01,5.10,5.12,5.00
5.12,5.12,5.17,5.11
5.11,5.14,5.17,5.11
5.15,5.16,5.17,5.12
5.15,5.20,5.21,5.13
5.21,5.25,5.25,5.19
5.22,5.11,5.25,5.07
5.15,5.25,5.25,5.12
5.25,5.41,5.45,5.20
5.41,5.44,5.47,5.35
5.43,5.38,5.44,5.33
5.42,5.29,5.42,5.20
5.23,5.35,5.38,5.22
5.32,5.35,5.44,5.29
5.36,5.30,5.40,5.29
5.28,5.30,5.31,5.25
5.27,5.05,5.38,5.05
5.05,5.23,5.24,5.02
5.22,5.20,5.22,5.11
5.18,5.20,5.25,5.18
5.19,5.24,5.25,5.19
5.25,5.24,5.25,5.19
5.25,5.28,5.29,5.19
5.30,5.22,5.34,5.20
5.20,5.22,5.24,5.20
5.23,5.21,5.25,5.20
5.19,5.23,5.24,5.19
5.19,5.10,5.23,5.10
5.10,5.18,5.18,5.10
5.20,5.16,5.20,5.10
5.20,5.25,5.39,5.15
5.21,5.22,5.27,5.16
5.18,5.13,5.28,5.11
5.10,5.20,5.24,5.10
5.22,5.28,5.31,5.15
5.26,5.37,5.41,5.18
5.44,5.59,5.68,5.40
5.58,5.70,5.79,5.58
5.70,5.46,5.75,5.31
5.48,5.39,5.59,5.31
5.37,5.45,5.46,5.31
5.47,5.32,5.52,5.27
5.32,5.28,5.36,5.25
5.32,5.17,5.32,5.15
5.14,5.19,5.27,5.14
5.20,5.27,5.30,5.17
5.28,5.33,5.36,5.24
5.30,5.34,5.40,5.25
5.32,5.32,5.38,5.27
5.32,5.20,5.32,5.20
5.17,5.18,5.21,5.15
5.23,5.27,5.31,5.19
5.29,5.18,5.33,5.18
5.19,5.13,5.21,5.13
5.17,5.09,5.20,5.08
5.14,5.04,5.16,5.01
5.01,5.09,5.12,4.98
5.03,5.03,5.08,5.00
5.00,4.98,5.07,4.96
5.00,4.96,5.00,4.95
4.97,4.97,5.01,4.95
4.96,5.00,5.08,4.96
5.03,5.03,5.04,5.00
5.04,4.97,5.05,4.94
4.94,4.95,4.99,4.94
5.00,4.93,5.01,4.93
4.93,4.92,4.95,4.90
4.95,4.94,4.96,4.90
4.92,4.92,4.94,4.90
4.89,4.90,4.93,4.88
4.88,4.91,4.95,4.86
4.90,4.82,4.90,4.79
4.86,4.83,4.86,4.80
4.80,4.84,4.90,4.80
4.88,4.96,4.98,4.87
4.99,4.91,4.99,4.90
4.91,4.87,4.94,4.86
4.85,4.87,4.93,4.84
4.87,4.86,4.89,4.85
4.85,4.84,4.89,4.81
4.80,4.76,4.85,4.76
4.79,4.79,4.83,4.68
4.81,4.75,4.82,4.72
4.72,4.85,4.87,4.68
4.90,4.98,5.01,4.82
4.98,4.99,5.05,4.95
4.98,4.95,4.99,4.89
4.95,4.97,5.02,4.95
4.96,5.03,5.03,4.90
4.99,5.07,5.10,4.99
5.04,4.96,5.07,4.95
4.97,5.01,5.02,4.93
5.01,5.02,5.04,4.97
5.04,5.04,5.07,5.00
5.07,5.10,5.10,5.03
5.08,5.07,5.10,5.04
5.10,5.06,5.10,5.03
5.09,5.00,5.10,4.98
4.99,4.98,5.02,4.95
4.95,5.03,5.05,4.95
4.99,5.04,5.10,4.98
5.05,5.10,5.10,5.01
5.10,5.19,5.21,5.10
5.16,5.24,5.24,5.16
5.23,5.23,5.24,5.18
5.21,5.10,5.21,5.10
5.07,5.04,5.10,5.01
5.07,5.01,5.07,4.99
5.02,5.19,5.20,5.02
5.19,5.24,5.24,5.11
5.23,5.29,5.29,5.20
5.30,5.30,5.30,5.25
5.34,5.30,5.34,5.17
5.29,5.32,5.33,5.20
5.30,5.32,5.40,5.30
5.27,5.27,5.40,5.22
5.28,5.19,5.34,5.11
5.15,5.24,5.27,5.13
5.21,5.07,5.24,4.98
5.10,5.19,5.28,5.10
5.17,5.25,5.33,5.17
5.27,5.26,5.31,5.21
5.27,5.12,5.27,5.10
5.13,4.97,5.13,4.96
5.01,4.90,5.01,4.85
4.85,4.93,4.98,4.80
4.92,4.99,5.09,4.92
5.04,4.99,5.08,4.97
5.02,4.92,5.04,4.90
4.97,4.87,5.00,4.85
4.85,4.81,4.92,4.80
4.79,4.95,4.96,4.79
4.91,4.91,4.93,4.87
4.96,4.88,4.96,4.80
4.86,4.86,4.92,4.84
4.85,4.86,4.93,4.83
4.81,4.77,4.85,4.75
4.79,4.77,4.84,4.77
4.80,4.75,4.81,4.75
4.77,4.77,4.83,4.74
4.72,4.70,4.76,4.70
4.72,4.72,4.78,4.66
4.78,4.87,4.89,4.76
4.82,4.81,4.90,4.79
4.80,4.99,5.00,4.80
4.99,4.92,5.01,4.92
4.90,4.97,4.98,4.90
5.00,5.01,5.04,4.99
4.98,5.02,5.02,4.95
5.02,5.10,5.10,5.00
5.10,5.12,5.16,5.09
5.14,5.03,5.18,5.00
5.03,5.15,5.15,5.03
5.13,5.13,5.19,5.12
5.10,5.08,5.15,5.05
5.08,5.20,5.20,5.03
5.17,5.20,5.24,5.16
5.25,5.19,5.25,5.15
5.17,5.16,5.22,5.08
5.15,5.09,5.15,5.06
5.05,5.03,5.07,5.02
5.07,5.11,5.13,5.02
5.09,5.07,5.13,5.03
5.07,5.00,5.08,5.00
5.00,4.91,5.04,4.90
4.88,4.93,4.94,4.88
5.00,5.14,5.14,4.98
5.13,5.12,5.13,5.05
5.11,5.12,5.14,5.10
5.08,5.13,5.15,5.08
5.10,4.96,5.12,4.96
4.97,4.91,4.98,4.90
4.90,4.93,4.94,4.90
4.96,4.94,4.97,4.87
4.94,4.99,5.02,4.94
5.00,4.95,5.07,4.92
4.91,4.92,5.01,4.90
4.90,4.91,4.97,4.90
4.93,4.98,4.99,4.92
4.97,4.90,4.98,4.90
4.89,4.89,4.94,4.86
4.85,4.89,4.92,4.85
4.90,4.80,4.90,4.80
4.81,4.77,4.85,4.77
4.83,4.88,4.93,4.78
4.94,4.91,4.96,4.90
4.90,4.77,4.90,4.77
4.76,4.80,4.89,4.76
4.77,4.87,4.92,4.77
4.87,4.81,4.88,4.80
4.78,4.83,4.93,4.78
4.82,4.93,4.98,4.82
4.98,5.04,5.07,4.98
4.98,4.99,5.02,4.80
5.02,5.10,5.15,5.02
5.18,5.07,5.18,5.06
5.00,5.05,5.05,4.99
5.05,5.09,5.12,5.03
5.10,4.98,5.10,4.94
5.02,5.02,5.06,4.91
5.09,5.01,5.09,5.00
5.00,5.01,5.05,5.00
5.03,5.19,5.20,5.00
5.18,5.18,5.19,5.12
5.15,5.21,5.24,5.13
5.25,5.21,5.25,5.17
5.18,5.20,5.22,5.14
5.14,5.24,5.25,5.14
5.25,5.25,5.25,5.22
5.25,5.27,5.28,5.21
5.25,5.26,5.28,5.21
5.25,5.30,5.30,5.22
5.26,5.30,5.31,5.26
5.25,5.32,5.35,5.25
5.34,5.30,5.35,5.22
5.29,5.17,5.30,5.16
5.19,5.10,5.23,5.08
5.07,5.08,5.20,5.05
5.10,5.05,5.11,5.05
5.03,5.08,5.10,5.02
5.14,5.06,5.14,5.05
5.10,5.13,5.15,5.03
5.12,5.07,5.15,5.05
5.07,5.12,5.13,5.07
5.14,5.06,5.14,5.05
5.08,5.06,5.10,5.06
5.09,5.14,5.14,5.07
5.14,5.17,5.23,5.10
5.15,5.16,5.25,5.11
5.15,5.37,5.39,5.15
5.34,5.28,5.65,5.20
5.21,5.40,5.40,5.21
5.37,5.28,5.44,5.28
5.32,5.28,5.40,5.25
5.22,5.27,5.38,5.22
5.39,5.27,5.39,5.22
5.23,5.25,5.30,5.19
5.24,5.40,5.45,5.24
5.45,5.42,5.45,5.34
5.40,5.28,5.45,5.28
5.30,5.40,5.41,5.26
5.42,5.41,5.45,5.34
5.43,5.48,5.50,5.41
5.50,5.50,5.55,5.48
5.49,5.52,5.63,5.49
5.50,5.46,5.59,5.43
5.49,5.44,5.50,5.42
5.49,5.47,5.50,5.29
5.45,5.39,5.50,5.38
5.40,5.31,5.46,5.29
5.35,5.32,5.37,5.30
5.36,5.43,5.47,5.34
5.43,5.39,5.44,5.37
5.44,5.30,5.44,5.30
5.35,5.32,5.44,5.26
5.28,5.25,5.32,5.22
5.25,5.26,5.26,5.12
5.24,5.26,5.28,5.22
5.26,5.22,5.26,5.20
5.19,5.23,5.34,5.19
5.23,5.41,5.41,5.23
5.43,5.31,5.43,5.25
5.29,5.34,5.40,5.27
5.26,5.24,5.32,5.23
5.28,5.19,5.30,5.18
5.23,5.38,5.39,5.22
5.27,5.27,5.37,5.23
5.31,5.30,5.35,5.26
5.29,5.45,5.45,5.29
5.43,5.39,5.61,5.34
5.38,5.46,5.49,5.35
5.48,5.49,5.53,5.38
5.49,5.40,5.50,5.39
5.43,5.40,5.45,5.32
5.37,5.31,5.37,5.29
5.31,5.36,5.44,5.31
5.38,5.35,5.40,5.35
5.32,5.40,5.44,5.32
5.38,5.46,5.50,5.32
5.47,5.47,5.54,5.40
5.49,5.44,5.49,5.40
5.41,5.33,5.43,5.30
5.37,5.37,5.47,5.35
5.39,5.37,5.42,5.37
5.35,5.39,5.42,5.35
5.40,5.40,5.44,5.35
5.40,5.40,5.45,5.39
5.35,5.35,5.39,5.35
5.35,5.30,5.39,5.30
5.31,5.28,5.35,5.26
5.27,5.26,5.34,5.25
5.27,5.27,5.33,5.25
5.25,5.26,5.28,5.25
5.25,5.25,5.28,5.25
5.31,5.38,5.38,5.30
5.30,5.33,5.36,5.27
5.35,5.32,5.35,5.28
5.31,5.31,5.34,5.27
5.32,5.31,5.34,5.30
5.31,5.33,5.35,5.30
5.35,5.43,5.44,5.32
5.39,5.37,5.42,5.33
5.37,5.36,5.40,5.31
5.36,5.30,5.36,5.29
5.31,5.30,5.34,5.27
5.32,5.30,5.32,5.27
5.30,5.33,5.35,5.27
5.30,5.35,5.39,5.30
5.31,5.32,5.35,5.27
5.31,5.31,5.38,5.28
5.25,5.32,5.35,5.25
5.29,5.34,5.34,5.29
5.31,5.32,5.34,5.26
5.34,5.31,5.34,5.26
5.35,5.29,5.35,5.26
5.28,5.28,5.29,5.26
5.27,5.30,5.31,5.26
5.33,5.35,5.35,5.30
5.34,5.31,5.35,5.31
5.30,5.27,5.35,5.26
5.31,5.33,5.34,5.28
5.35,5.28,5.35,5.28
5.27,5.28,5.32,5.26
5.30,5.26,5.30,5.24
5.25,5.34,5.34,5.25
5.32,5.32,5.35,5.25
5.34,5.34,5.35,5.32
5.31,5.32,5.35,5.29
5.27,5.25,5.32,5.24
5.24,5.27,5.33,5.24
5.25,5.26,5.30,5.23
5.22,5.24,5.32,5.22
5.23,5.22,5.32,5.20
5.20,5.23,5.27,5.20
5.24,5.26,5.28,5.21
5.23,5.23,5.33,5.22
5.17,5.17,5.20,5.13
5.21,5.17,5.24,5.17
5.20,5.22,5.29,5.16
5.23,5.27,5.29,5.17
5.27,5.25,5.34,5.20
5.22,5.24,5.29,5.22
5.23,5.21,5.25,5.18
5.19,5.15,5.24,5.15
5.16,5.15,5.20,5.12
5.17,5.14,5.24,5.08
5.15,5.14,5.15,5.10
5.13,5.12,5.14,5.06
5.15,5.07,5.15,5.07
5.12,5.06,5.12,5.03
5.07,5.09,5.12,5.05
5.10,5.07,5.13,5.06
5.03,5.05,5.09,5.03
5.08,5.07,5.08,5.06
5.03,5.06,5.11,5.03
5.06,5.07,5.11,5.03
5.10,5.12,5.17,5.07
5.10,5.17,5.17,5.10
5.17,5.12,5.19,5.09
5.06,5.08,5.12,5.04
5.05,5.12,5.15,5.05
5.15,5.10,5.15,5.06
5.09,5.24,5.24,5.08
5.22,5.20,5.28,5.11
5.25,5.23,5.25,5.19
5.20,5.26,5.28,5.19
5.23,5.25,5.28,5.16
5.29,5.21,5.29,5.19
5.24,5.21,5.29,5.13
5.16,5.28,5.30,5.16
5.30,5.30,5.30,5.26
5.30,5.47,5.50,5.30
5.50,5.55,5.55,5.43
5.48,5.55,5.55,5.48
5.51,5.54,5.55,5.39
5.49,5.48,5.51,5.43
5.48,5.50,5.55,5.48
5.51,5.54,5.56,5.50
5.53,5.51,5.63,5.51
5.52,5.49,5.57,5.47
5.47,5.49,5.54,5.47
5.50,5.49,5.51,5.48
5.49,5.48,5.51,5.47
5.47,5.50,5.52,5.42
5.48,5.51,5.55,5.45
5.51,5.51,5.55,5.51
5.55,5.57,5.60,5.50
5.60,5.48,5.60,5.47
5.48,5.40,5.51,5.39
5.40,5.30,5.42,5.28
5.30,5.33,5.37,5.30
5.34,5.42,5.42,5.34
5.40,5.41,5.43,5.35
5.40,5.41,5.41,5.30
5.44,5.36,5.44,5.30
5.36,5.33,5.40,5.33
5.34,5.33,5.43,5.30
5.33,5.33,5.40,5.33
5.34,5.31,5.37,5.30
5.29,5.28,5.32,5.27
5.27,5.30,5.32,5.24
5.29,5.27,5.32,5.22
5.27,5.30,5.30,5.23
5.25,5.26,5.31,5.23
5.28,5.30,5.37,5.23
5.30,5.28,5.33,5.28
5.28,5.25,5.32,5.24
5.27,5.29,5.31,5.24
5.23,5.19,5.23,5.19
5.25,5.04,5.30,5.02
5.03,5.07,5.14,4.96
5.10,5.08,5.13,5.05
5.11,5.28,5.32,5.05
5.31,5.20,5.31,5.15
5.14,5.14,5.23,5.08
5.18,5.16,5.20,5.13
5.10,5.08,5.16,5.07
5.08,5.11,5.16,5.06
5.17,5.14,5.17,5.09
5.16,5.09,5.17,5.07
5.12,5.17,5.23,5.08
5.16,5.13,5.18,5.10
5.16,5.11,5.19,5.08
5.11,5.12,5.17,5.10
5.15,5.13,5.17,5.09
5.10,5.07,5.20,5.07
5.07,5.18,5.18,5.05
5.16,5.19,5.20,5.15
5.14,5.21,5.24,5.14
5.23,5.18,5.24,5.15
5.16,5.13,5.19,5.13
5.16,5.17,5.19,5.15
5.15,5.11,5.15,5.05
5.11,5.16,5.25,5.11
5.14,5.18,5.20,5.11
5.17,5.12,5.18,5.09
5.11,5.20,5.20,5.07
5.20,5.21,5.28,5.18
5.15,5.20,5.20,5.15
5.21,5.21,5.25,5.18
5.25,5.21,5.25,5.21
5.25,5.20,5.25,5.18
5.15,5.15,5.17,5.13
5.14,5.14,5.17,5.13
5.15,5.10,5.15,5.10
5.14,5.14,5.17,5.08
5.11,5.16,5.20,5.11
5.18,5.18,5.25,5.16
5.16,5.18,5.20,5.16
5.16,5.20,5.21,5.16
5.20,5.19,5.20,5.18
5.20,5.18,5.20,5.18
5.18,5.18,5.22,5.18
5.17,5.19,5.21,5.17
5.20,5.23,5.25,5.19
5.20,5.22,5.24,5.19
5.22,5.16,5.25,5.10
5.16,5.20,5.23,5.16
5.22,5.23,5.25,5.18
5.25,5.25,5.26,5.22
5.21,5.31,5.32,5.20
5.21,5.38,5.38,5.21
5.28,5.31,5.35,5.26
5.31,5.37,5.39,5.27
5.32,5.37,5.39,5.29
5.30,5.35,5.40,5.28
5.41,5.38,5.41,5.26
5.38,5.41,5.41,5.28
5.40,5.45,5.45,5.30
5.45,5.42,5.50,5.32
5.49,5.55,5.60,5.45
5.52,5.74,5.88,5.52
5.81,5.64,5.81,5.61
5.50,5.70,5.74,5.50
5.65,5.74,5.78,5.64
5.77,5.87,5.87,5.72
5.96,5.89,5.97,5.80
5.90,5.95,5.99,5.88
5.94,6.01,6.08,5.94
5.97,5.98,6.07,5.96
6.01,6.10,6.12,5.98
6.08,6.01,6.12,5.99
5.94,5.97,6.00,5.90
5.97,5.99,6.00,5.97
6.00,5.99,6.10,5.95
5.93,5.95,5.98,5.92
5.87,5.90,5.96,5.82
5.94,5.95,6.00,5.89
5.99,5.93,5.99,5.91
5.97,5.96,5.99,5.93
5.89,5.94,5.96,5.86
5.97,5.90,5.97,5.87
5.94,5.94,5.98,5.92
5.97,6.00,6.00,5.93
5.94,5.98,6.00,5.94
6.00,5.95,6.00,5.91
5.96,6.02,6.05,5.95
6.05,6.02,6.05,5.97
6.02,6.05,6.08,5.99
6.01,6.01,6.06,5.91
6.01,6.15,6.15,5.96
6.07,6.07,6.15,6.06
6.00,5.97,6.05,5.97
5.95,6.05,6.13,5.95
6.03,6.06,6.10,6.00
6.09,6.06,6.09,6.00
6.07,5.88,6.09,5.88
5.90,5.96,5.99,5.88
5.88,5.85,5.95,5.80
5.91,5.79,5.92,5.76
5.76,5.76,5.89,5.63
5.73,5.80,5.92,5.73
5.82,5.73,5.83,5.69
5.70,5.67,5.81,5.67
5.66,5.82,5.90,5.58
5.78,5.80,6.01,5.78
5.81,5.86,6.01,5.79
5.95,5.86,6.00,5.85
5.80,5.90,5.90,5.80
5.89,5.90,5.91,5.82
5.90,5.90,5.96,5.72
5.84,5.85,5.95,5.80
5.81,5.75,5.82,5.66
5.68,5.76,5.78,5.67
5.73,5.70,5.80,5.66
5.66,5.69,5.82,5.66
5.59,5.49,5.75,5.49
5.53,5.66,5.69,5.02
5.64,5.86,6.00,5.64
5.87,5.83,6.00,5.76
5.77,5.77,5.80,5.73
5.81,5.84,5.90,5.81
5.90,5.90,5.91,5.82
5.96,6.00,6.00,5.91
5.98,6.00,6.01,5.96
6.01,6.00,6.01,5.94
6.01,6.07,6.10,5.73
6.10,6.10,6.35,6.08
6.07,6.25,6.28,5.83
6.25,6.25,6.36,6.20
6.22,6.20,6.32,6.20
6.20,6.01,6.25,5.85
6.06,6.22,6.25,5.96
6.26,6.20,6.35,6.15
6.27,6.22,6.30,6.21
6.25,6.25,6.27,6.16
6.28,6.27,6.28,6.23
6.22,6.31,6.31,6.18
6.32,6.22,6.32,6.21
6.26,6.16,6.29,6.07
6.09,6.18,6.20,6.03
6.15,6.12,6.29,6.12
6.10,6.17,6.22,6.07
6.20,6.20,6.21,6.16
6.25,6.23,6.26,6.20
6.20,6.27,6.28,6.20
6.25,6.29,6.30,6.20
6.28,6.28,6.30,6.23
6.24,6.29,6.30,6.23
6.25,6.25,6.40,6.25
6.26,6.36,6.40,6.25
6.40,6.43,6.48,6.39
6.45,6.51,6.51,6.36
6.53,6.58,6.65,6.40
6.60,6.66,6.67,6.50
6.70,6.75,6.79,6.60
6.80,6.75,6.80,6.69
6.71,6.82,6.92,6.71
6.81,6.87,6.90,6.79
6.84,6.86,6.90,6.84
6.82,6.82,6.90,6.82
6.65,6.85,6.88,6.52
6.88,6.91,6.94,6.87
6.94,6.91,6.94,6.87
6.90,6.91,6.91,6.88
6.86,6.83,6.93,6.83
6.88,6.94,6.94,6.87
6.89,6.90,6.90,6.88
6.85,6.86,6.90,6.83
6.79,6.87,6.90,6.72
6.86,6.81,6.89,6.62
6.87,6.86,6.92,6.81
6.85,6.86,6.86,6.76
6.87,6.88,6.92,6.86
6.92,7.24,7.40,6.92
7.18,7.39,7.44,7.18
7.30,7.35,7.41,7.30
7.39,7.47,7.50,7.26
7.47,7.08,7.58,7.04
7.10,7.13,7.40,6.91
7.12,7.03,7.29,6.96
6.99,7.04,7.08,6.91
7.09,6.88,7.22,6.82
6.90,6.98,7.04,6.90
6.99,6.99,7.09,6.84
7.05,7.00,7.13,6.94
6.95,7.03,7.07,6.93
7.11,7.15,7.24,6.95
7.14,7.15,7.28,7.10
7.21,7.17,7.25,7.00
7.27,7.19,7.49,7.14
7.20,7.16,7.32,7.03
7.82,7.17,7.82,7.10
7.11,7.13,7.29,7.11
7.17,7.06,7.17,7.00
7.08,7.17,7.24,7.04
7.15,7.12,7.27,7.07
7.18,7.19,7.45,7.04
7.13,7.09,7.15,7.00
7.05,6.98,7.09,6.90
6.95,6.66,7.06,6.64
6.60,6.86,6.90,6.53
6.91,6.86,6.96,6.74
6.80,6.81,6.99,6.75
6.76,6.68,6.96,6.64
6.69,6.69,6.90,6.68
6.70,6.78,6.88,6.65
6.78,6.73,6.86,6.64
6.72,6.90,6.99,6.72
6.54,6.77,7.01,6.54
6.77,6.89,6.98,6.63
6.95,7.04,7.10,6.91
7.07,7.20,7.24,6.81
7.20,7.42,7.47,7.17
7.43,7.45,7.48,7.37
7.40,7.43,7.45,7.23
7.44,7.44,7.51,7.35
7.38,7.38,7.45,7.28
7.42,7.42,7.49,7.38
7.50,7.42,7.50,7.38
7.44,7.38,7.48,7.37
7.38,7.34,7.43,7.28
7.33,7.31,7.49,7.28
7.36,7.30,7.47,7.26
7.35,7.33,7.38,7.31
7.28,7.43,7.49,7.28
7.49,7.48,7.49,7.40
7.48,7.47,7.51,7.31
7.54,7.50,7.55,7.47
7.47,7.48,7.49,7.41
7.46,7.49,7.50,7.45
7.44,7.48,7.52,7.44
7.47,7.60,7.65,7.43
7.62,7.75,7.75,7.29
7.70,7.66,7.72,7.53
7.60,7.57,7.67,7.57
7.56,7.55,7.65,7.47
7.58,7.49,7.58,7.47
7.55,7.66,7.71,7.40
7.69,7.66,7.71,7.62
7.66,7.76,7.77,7.63
7.72,7.72,7.86,7.69
7.80,7.80,7.80,7.72
7.74,7.87,8.04,7.74
7.94,7.94,8.02,7.86
7.77,7.81,7.90,7.63
7.79,7.81,7.90,7.70
7.82,7.77,7.85,7.57
7.74,7.70,7.92,7.68
7.64,7.67,7.76,7.62
7.65,7.69,7.82,7.65
7.68,7.72,7.75,7.68
7.76,7.95,7.96,7.76
7.98,7.97,8.17,7.70
8.03,8.03,8.07,7.89
8.08,8.11,8.17,8.00
8.13,7.78,8.21,7.75
7.78,8.10,8.11,7.78
8.06,8.07,8.12,8.03
8.08,8.08,8.10,7.92
8.12,8.02,8.12,8.00
8.06,8.03,8.06,8.00
8.05,7.88,8.05,7.87
7.92,8.04,8.07,7.86
8.04,7.89,8.04,7.85
7.94,7.88,7.96,7.85
7.93,7.95,8.00,7.90
8.00,7.99,8.00,7.85
8.00,7.96,8.00,7.93
8.00,7.96,8.03,7.95
7.99,7.99,8.00,7.95
8.00,8.01,8.05,7.95
8.02,8.02,8.07,8.00
8.00,7.91,8.02,7.89
7.96,7.98,8.02,7.89
7.97,7.97,8.00,7.86
7.90,7.86,7.96,7.85
7.91,7.99,8.02,7.86
7.97,7.89,8.04,7.85
7.92,7.97,8.01,7.88
7.99,7.98,8.05,7.95
7.93,8.05,8.11,7.90
8.08,7.98,8.11,7.92
7.97,8.02,8.11,7.94
8.02,7.88,8.02,7.86
7.85,8.02,8.05,7.85
7.88,7.86,7.99,7.85
7.85,7.91,7.93,7.81
7.96,7.94,7.98,7.86
7.98,7.98,8.04,7.89
7.90,8.03,8.05,7.90
8.07,8.01,8.09,7.94
7.83,7.98,8.05,7.83
8.05,8.05,8.11,8.02
8.03,8.01,8.05,7.95
8.03,7.99,8.15,7.98
7.97,7.96,7.99,7.91
7.95,7.97,8.00,7.90
7.84,8.13,8.20,7.84
8.17,8.08,8.25,8.08
8.09,8.04,8.12,7.86
7.99,8.10,8.20,7.88
8.11,8.15,8.37,7.95
8.23,8.35,8.45,8.23
8.29,8.35,8.35,8.24
8.36,8.52,8.58,8.31
8.54,8.80,9.11,8.54
8.80,8.99,9.07,8.67
9.10,9.20,9.24,8.98
9.15,9.28,9.46,9.00
9.23,9.19,9.30,9.12
9.20,9.07,9.20,9.04
9.07,9.19,9.22,9.06
9.20,9.20,9.20,9.12
9.20,9.18,9.22,9.05
9.14,9.33,9.33,9.14
9.34,9.33,9.38,9.29
9.30,9.17,9.42,9.11
9.25,9.58,9.65,9.18
9.68,9.43,9.68,9.37
9.51,9.59,9.70,9.51
9.63,9.44,9.64,9.42
9.43,9.64,9.68,9.43
9.65,9.62,9.68,9.50
9.64,9.69,9.71,9.60
9.70,9.70,9.70,9.69
9.65,9.88,9.97,9.59
9.91,9.77,10.05,9.74
9.84,9.94,9.95,9.53
9.92,9.84,10.01,9.73
9.78,9.99,10.00,9.78
9.96,10.12,10.15,9.92
10.24,10.22,10.24,10.11
10.24,10.44,10.45,10.21
10.45,10.44,10.49,10.30
10.48,10.54,10.63,10.40
10.47,10.53,10.58,10.46
10.55,10.57,10.66,10.54
10.62,10.57,10.65,10.43
10.63,10.50,10.67,10.43
10.46,10.41,10.67,10.35
10.42,10.18,10.48,10.17
10.14,10.25,10.36,9.67
10.27,10.04,10.27,9.85
10.08,9.98,10.09,9.82
9.90,9.80,9.97,9.71
9.76,9.94,9.98,9.60
9.89,10.25,10.30,9.85
10.22,10.01,10.22,9.95
10.04,10.15,10.24,10.02
