NEM,Newmont Mining Corporation,NASDAQ
48.90,48.45,49.18,48.19
48.48,48.58,49.13,47.77
49.17,49.61,50.09,49.12
49.51,49.29,49.51,48.69
49.51,49.62,49.79,48.56
50.99,50.18,51.25,49.92
49.65,48.52,49.82,47.93
48.79,48.75,48.99,47.72
48.80,48.42,48.94,47.86
47.94,47.61,48.07,47.14
47.54,48.44,48.49,47.48
47.14,46.41,47.33,45.22
46.04,44.44,46.20,44.35
44.06,44.43,45.69,43.86
45.06,44.13,45.06,44.02
43.71,44.24,45.04,43.62
44.25,44.19,44.55,43.41
44.69,43.99,44.87,43.01
43.87,42.86,44.44,42.80
43.48,45.54,45.54,43.40
45.90,45.27,46.05,45.00
45.26,45.87,46.28,45.25
44.81,43.54,45.04,43.39
43.39,46.23,46.29,43.11
45.82,44.41,45.97,44.38
45.17,45.82,46.07,44.85
45.32,45.33,45.83,44.33
45.54,46.76,46.93,45.19
45.97,46.53,46.68,45.49
47.74,47.42,47.97,46.89
47.32,47.24,47.86,46.92
47.30,48.41,48.95,47.30
47.76,48.54,49.00,47.47
48.57,47.73,48.69,47.46
47.56,46.58,47.96,46.09
46.34,46.48,47.01,46.07
46.79,49.02,49.59,45.58
49.19,49.28,49.50,48.30
49.46,50.28,50.43,48.85
50.56,51.70,52.40,50.52
52.03,51.94,52.57,51.71
51.61,50.86,51.84,50.31
51.15,51.55,51.77,50.86
51.66,51.06,52.00,50.89
50.52,51.17,51.72,50.52
51.12,50.27,51.59,49.94
49.90,50.42,50.51,49.41
50.56,50.04,50.69,49.53
50.05,49.73,50.24,49.34
50.70,51.34,51.50,50.41
51.18,51.23,51.83,51.03
51.42,51.27,52.19,50.94
50.76,50.76,51.78,50.44
50.07,51.40,51.44,49.87
51.18,51.45,52.06,50.60
50.51,49.72,50.72,49.63
50.04,48.35,50.28,48.28
48.67,49.38,49.59,48.20
49.69,50.37,50.47,49.45
50.49,50.74,50.95,50.29
51.64,50.93,51.84,50.82
51.50,52.91,53.16,51.19
53.37,53.81,53.98,52.86
53.62,53.27,54.07,53.10
53.77,54.09,54.82,53.47
53.75,53.90,54.30,53.25
54.24,54.21,54.48,53.55
54.18,53.55,54.35,53.34
53.41,53.78,53.86,52.36
53.89,53.55,54.12,53.23
53.16,53.03,53.61,52.82
52.41,52.15,52.69,51.19
51.75,52.22,52.28,51.40
52.47,51.53,52.75,51.35
51.76,51.91,52.37,51.22
51.28,52.44,52.62,51.01
52.14,53.10,53.20,51.62
52.96,53.19,53.57,52.86
53.22,53.26,53.89,52.13
53.48,54.77,55.54,53.30
55.10,55.80,56.52,54.83
56.56,56.08,57.05,55.89
56.13,54.93,56.26,53.92
54.82,54.28,55.35,53.28
53.28,53.52,54.40,52.72
53.77,54.64,55.69,52.28
54.29,53.39,55.19,53.00
53.44,55.49,55.70,53.29
56.66,58.20,59.06,56.37
58.85,58.71,59.58,58.26
58.68,57.13,58.81,56.94
58.39,57.68,58.53,56.50
57.68,57.04,58.09,56.12
56.64,56.06,57.14,55.53
55.35,54.51,55.96,53.59
53.48,52.07,54.50,52.07
50.87,52.34,52.65,50.86
53.13,52.34,53.80,52.34
51.52,53.54,53.65,51.40
54.10,53.16,54.79,53.15
53.59,54.93,55.18,53.34
53.98,53.82,54.78,53.64
54.49,54.64,55.88,54.46
54.83,55.71,55.74,54.30
55.68,54.32,55.78,53.84
53.78,53.72,55.04,53.43
53.70,55.16,56.06,53.30
55.69,56.45,57.61,55.57
55.78,55.70,56.48,55.18
55.95,56.11,56.57,55.42
56.37,56.25,56.66,55.74
55.43,54.94,56.01,54.77
55.35,56.33,56.54,55.13
55.99,58.33,58.55,55.96
59.38,59.68,59.98,59.09
60.74,61.25,61.78,60.03
61.20,59.48,61.50,58.85
59.60,59.52,60.39,59.41
59.01,59.08,59.43,58.43
58.84,58.95,60.20,58.83
59.55,61.67,62.11,59.29
61.70,61.46,62.62,60.61
60.84,61.15,62.01,60.28
61.19,61.74,62.37,60.77
61.05,58.99,61.65,58.03
59.32,58.76,59.76,58.64
59.05,58.62,59.65,57.90
58.62,59.99,59.99,57.89
60.20,60.34,60.48,58.47
61.53,61.93,63.38,61.39
62.18,61.58,62.50,60.96
62.73,61.68,62.99,61.60
61.61,61.72,62.66,61.20
61.81,60.70,62.20,60.11
59.73,58.90,59.95,58.76
58.58,58.02,58.60,56.27
57.15,58.99,59.26,57.13
59.29,58.17,59.62,57.82
58.20,59.01,59.52,58.19
59.00,59.05,59.59,58.75
59.41,58.10,59.50,57.62
57.27,55.78,57.36,54.77
54.62,55.40,55.80,54.30
55.68,55.72,56.07,55.21
55.79,55.90,56.25,55.23
56.86,55.60,56.88,54.98
55.73,55.47,56.17,55.36
56.31,56.25,56.48,55.92
56.30,56.71,56.74,55.80
57.31,57.04,58.00,56.94
56.98,57.24,57.39,56.22
56.62,57.40,57.83,56.15
57.36,56.04,57.72,55.95
56.83,57.75,58.16,56.76
57.66,56.72,57.90,56.56
57.36,57.71,57.83,57.02
58.10,58.38,58.60,57.30
57.84,59.49,59.86,57.68
59.79,58.44,60.23,58.15
57.95,58.02,58.24,57.22
57.90,57.58,58.05,57.06
56.54,57.12,58.38,55.81
57.60,58.74,58.98,57.06
58.92,59.44,59.65,58.74
59.83,59.95,60.00,58.36
59.60,59.92,60.54,59.40
60.40,61.32,61.92,60.37
61.82,60.32,61.92,60.13
61.09,61.53,61.55,60.18
60.16,60.87,61.00,59.99
61.45,62.07,62.55,61.37
62.01,61.57,62.70,61.49
61.72,60.22,61.86,59.86
59.98,60.68,61.13,59.98
60.69,60.42,61.10,60.10
61.39,62.85,64.03,61.39
62.90,62.90,63.30,62.18
63.62,63.18,63.85,62.55
63.55,63.01,63.63,62.71
63.09,63.27,63.50,62.71
63.10,64.13,64.40,61.96
64.50,64.94,65.50,64.35
64.98,63.85,65.25,63.78
64.52,63.40,64.87,63.16
63.82,62.65,63.88,62.47
61.81,64.23,64.45,61.30
64.38,63.90,64.46,63.50
63.90,62.81,64.05,61.81
63.73,63.68,64.24,63.34
63.44,62.74,63.49,62.00
64.12,63.67,64.98,63.57
63.94,64.72,64.96,63.46
65.17,63.03,65.17,62.14
63.16,62.89,63.32,62.62
62.43,62.54,63.00,61.35
61.94,62.00,62.13,61.11
62.64,63.18,63.62,62.54
63.21,62.54,63.30,62.12
62.08,61.88,62.19,61.10
61.67,62.49,62.82,61.20
60.50,59.93,60.96,59.64
60.04,60.48,61.53,59.91
60.38,59.22,60.98,58.41
59.36,59.37,59.50,58.75
60.48,59.37,60.87,59.07
58.97,59.46,60.07,58.51
59.06,58.40,59.06,57.52
58.89,59.81,60.06,58.71
60.37,60.86,61.13,59.77
61.42,61.23,61.43,60.57
61.87,59.89,61.95,59.25
59.59,59.11,59.74,57.90
60.73,61.52,61.57,60.16
61.04,61.62,61.66,60.67
61.35,62.63,62.83,61.15
63.36,60.51,63.78,59.91
60.90,62.31,62.46,60.25
62.63,63.02,63.30,61.71
62.03,61.55,62.80,60.71
61.41,60.66,61.98,60.58
60.35,59.39,60.90,58.76
59.51,59.59,60.67,59.33
60.47,60.35,61.00,60.19
60.20,60.34,61.16,60.06
60.33,60.94,61.10,59.65
60.95,60.59,61.83,60.53
60.91,59.94,61.11,59.75
59.00,58.54,59.29,58.33
58.17,58.09,58.30,57.31
58.61,58.83,59.57,58.33
58.93,59.65,59.78,58.18
59.82,60.51,61.34,59.80
61.18,62.36,62.65,61.17
62.53,63.45,63.48,62.45
63.96,62.52,64.05,62.33
61.92,60.83,62.82,60.63
61.26,60.26,61.36,59.85
59.88,61.42,61.55,59.71
62.01,61.87,62.62,61.66
61.73,61.74,62.58,61.01
60.80,60.57,61.68,60.50
60.33,59.90,60.56,59.26
59.80,59.40,60.08,59.02
59.98,60.19,60.32,59.07
60.25,60.04,60.29,59.58
59.88,59.31,60.12,59.25
59.11,60.08,60.63,59.02
60.10,60.09,60.31,59.56
61.26,61.55,61.83,60.74
61.55,61.19,61.77,61.00
61.01,61.08,61.43,60.90
61.22,61.43,61.72,61.12
61.85,61.09,62.21,60.95
59.89,59.08,60.26,58.25
58.28,58.16,58.57,57.59
58.09,56.94,58.47,56.38
56.95,56.89,58.25,56.88
57.51,57.75,57.94,56.71
58.28,58.21,58.39,57.68
58.13,57.79,58.17,56.90
57.89,56.81,57.94,56.39
56.49,55.72,56.61,55.19
56.47,56.56,56.79,56.04
56.90,55.46,57.01,55.23
54.65,55.71,55.94,54.41
55.38,55.84,56.15,55.08
55.17,55.17,56.20,54.86
54.95,55.88,56.22,54.88
55.76,57.05,57.09,55.60
56.83,55.37,56.95,55.05
55.05,55.00,56.29,54.30
54.90,55.07,55.48,54.52
55.45,56.51,56.56,55.07
56.88,55.65,56.88,55.43
56.32,57.33,57.50,55.65
58.08,56.97,58.10,56.62
57.40,57.15,57.70,56.85
57.94,58.27,58.46,57.85
58.18,57.88,58.57,57.44
57.49,56.98,57.55,56.50
57.09,56.88,57.76,56.47
57.11,57.19,57.62,56.95
57.84,58.04,58.44,57.76
58.28,57.97,58.42,57.50
58.32,58.96,59.10,57.95
59.07,58.50,59.71,58.48
59.32,58.16,59.80,58.12
58.75,59.11,60.19,58.51
59.08,54.76,59.15,54.47
54.96,54.46,55.84,54.07
54.52,55.27,55.29,54.14
55.83,56.09,56.47,55.65
55.98,54.73,56.34,54.33
54.20,53.60,54.20,52.69
53.71,54.27,55.05,53.71
55.15,53.68,55.22,53.68
53.18,53.00,53.40,52.11
53.02,52.58,53.12,51.66
51.83,51.49,52.34,51.29
51.33,52.12,52.71,51.18
52.42,52.33,52.79,51.67
50.63,52.10,52.25,50.57
52.28,50.39,52.30,50.05
50.89,50.82,51.04,50.16
51.27,50.89,51.91,50.76
51.52,51.70,51.94,51.02
51.58,53.17,53.57,51.37
53.29,54.83,55.02,53.12
54.85,54.52,55.60,54.09
54.79,53.96,54.99,53.66
53.58,53.27,54.09,52.98
53.36,53.49,53.54,52.65
53.87,54.12,54.39,53.33
54.46,54.58,55.08,54.13
54.43,54.37,54.78,53.72
54.49,54.59,55.92,54.41
54.48,56.98,57.08,54.20
57.10,56.45,57.31,55.99
57.07,58.29,58.73,56.58
58.82,57.99,59.28,57.56
57.64,56.95,58.65,56.54
56.43,57.24,57.73,56.35
57.65,56.32,57.73,56.16
56.45,57.53,57.85,56.34
57.79,57.75,58.30,57.31
58.01,57.87,58.39,57.21
57.87,58.63,58.69,57.73
59.33,58.85,59.87,58.32
59.43,59.23,60.45,58.93
59.48,57.79,59.61,57.76
57.73,57.85,57.89,56.95
58.04,58.95,59.17,57.17
58.97,58.79,59.61,58.36
58.71,58.61,59.40,58.09
57.54,57.57,58.48,57.09
57.41,56.22,57.93,55.73
56.14,56.43,56.87,55.22
56.00,54.69,56.85,54.15
55.37,53.72,55.82,53.72
54.16,54.68,54.92,54.14
54.89,54.65,54.89,54.13
54.44,53.41,54.65,52.90
53.27,53.26,53.93,52.64
53.34,52.78,54.16,52.16
52.52,52.94,54.27,52.31
52.70,53.53,53.85,52.55
53.89,53.80,54.26,53.42
53.59,54.06,54.37,53.53
54.09,54.08,54.81,52.88
54.32,54.27,55.43,54.05
54.50,55.21,55.65,54.40
55.42,55.61,56.25,55.16
55.59,55.83,56.08,55.04
56.12,56.39,56.88,56.12
56.61,56.57,56.86,55.56
56.00,55.67,56.70,55.59
55.60,55.14,56.03,54.00
55.00,54.75,55.48,54.61
54.69,53.44,54.86,53.02
53.63,52.94,53.92,52.87
52.54,52.34,52.78,51.69
52.52,52.92,53.24,52.10
52.50,52.10,52.69,51.73
52.34,51.90,52.61,51.52
52.23,52.31,52.70,51.95
51.81,52.31,53.48,51.66
52.45,51.69,52.78,51.18
51.81,51.59,52.12,51.10
51.42,51.82,52.25,51.41
52.06,53.30,53.45,52.05
53.31,54.09,54.64,53.22
53.05,53.98,54.04,52.73
54.15,52.27,54.19,52.23
51.90,52.32,52.80,51.70
52.47,52.76,52.89,52.03
53.00,53.52,54.10,52.96
53.63,53.97,54.11,53.35
53.73,53.74,53.78,52.75
54.31,54.37,54.86,54.02
54.78,54.55,55.00,53.68
54.57,54.97,55.59,54.57
55.11,54.76,55.60,54.40
54.24,54.25,55.16,54.06
54.22,55.32,55.92,54.15
55.93,56.77,57.49,55.66
57.32,56.75,57.32,56.42
56.92,57.38,57.63,56.77
58.08,58.09,59.00,57.68
58.26,57.75,58.34,57.24
57.39,58.02,58.23,56.76
58.31,58.51,58.65,57.75
58.73,58.66,58.93,58.17
59.13,58.41,59.57,58.23
58.49,58.38,59.09,58.05
58.78,57.32,59.09,57.14
58.37,57.73,59.02,57.12
56.37,55.61,57.43,55.37
55.62,55.33,56.14,55.00
55.61,56.13,56.85,55.20
56.35,57.12,58.05,56.35
57.18,54.44,57.69,54.20
54.77,54.41,56.52,53.38
55.99,54.13,57.36,54.06
55.00,55.40,55.44,52.92
56.27,55.81,57.00,54.88
55.80,58.30,58.53,55.34
57.16,57.44,57.76,56.61
57.58,59.02,59.13,56.50
58.86,58.72,59.95,58.32
58.98,59.06,59.87,58.72
59.51,58.42,59.95,58.05
59.43,60.08,60.81,59.43
61.00,62.86,63.55,60.87
61.61,61.25,62.36,60.30
61.26,60.26,61.47,58.81
58.92,60.83,61.10,57.90
60.70,62.17,62.17,59.46
62.57,62.15,62.60,61.02
62.58,63.13,63.46,62.02
63.19,62.62,63.65,61.96
62.45,62.47,63.17,61.76
63.63,64.47,64.64,63.22
64.60,64.51,65.77,63.81
63.36,63.81,63.83,61.71
65.72,65.66,66.39,65.12
65.28,65.26,66.61,64.67
64.55,64.07,64.74,62.23
63.83,64.27,64.82,62.36
64.14,64.17,64.49,63.25
63.22,64.29,64.31,62.32
64.46,65.72,65.78,64.25
66.16,66.27,67.37,66.00
66.23,69.90,71.25,66.10
68.90,67.68,70.23,67.59
64.36,65.24,65.80,63.64
63.11,62.86,63.49,61.10
61.97,64.39,64.59,61.53
66.45,63.45,66.54,63.01
63.48,61.53,64.62,61.45
62.27,62.52,62.95,61.11
61.56,62.95,65.55,61.50
64.39,63.27,65.59,63.24
62.28,61.28,62.71,58.95
61.05,63.01,63.23,60.47
63.08,64.06,64.12,62.15
64.51,63.09,64.62,62.06
64.10,65.27,65.34,63.66
64.85,64.44,65.26,63.89
64.85,64.07,65.07,63.23
63.73,63.75,64.28,62.68
64.20,66.86,66.88,64.03
66.75,66.20,67.39,65.95
65.49,65.50,65.88,63.60
65.33,62.32,65.49,61.85
61.35,61.64,62.69,60.78
62.74,62.63,63.37,62.08
63.27,63.82,64.07,62.86
63.48,64.84,65.74,62.56
65.67,65.79,66.60,64.77
66.32,66.06,66.95,64.68
63.98,68.49,68.74,63.73
66.97,66.83,67.87,66.29
64.81,65.63,67.04,63.09
66.51,66.62,68.02,65.63
67.56,69.33,69.54,67.10
68.71,69.38,69.45,68.25
69.86,72.13,72.29,69.69
71.90,71.61,72.35,70.91
71.03,69.28,72.42,69.24
69.79,68.83,69.82,67.93
69.49,70.49,71.09,69.47
70.36,69.48,70.96,68.88
69.27,69.64,70.24,68.68
69.10,67.99,69.11,67.80
67.18,66.24,67.72,65.83
66.53,65.46,66.63,64.96
64.71,65.29,65.64,64.12
65.97,65.79,66.81,65.37
65.20,64.21,65.40,63.90
64.28,63.77,64.90,63.63
65.16,65.24,65.86,64.74
65.51,65.29,66.45,65.07
67.23,68.88,69.00,66.78
68.82,68.81,69.40,67.99
69.16,67.03,69.16,66.92
66.60,66.34,67.95,65.85
65.54,67.15,67.78,65.04
67.04,67.71,67.97,66.82
66.91,66.06,67.42,65.66
66.11,66.94,67.21,66.03
65.24,65.27,65.52,64.47
64.94,63.15,65.95,62.87
61.49,61.62,62.85,60.84
62.18,61.76,62.40,61.04
62.44,62.18,63.20,61.85
62.13,61.05,62.67,60.88
62.21,62.61,62.96,61.78
62.41,62.88,63.00,62.05
62.46,61.01,62.60,60.76
61.33,61.88,61.90,60.85
61.62,61.37,62.09,61.21
61.12,59.42,61.41,59.09
58.36,60.36,60.51,58.25
60.73,60.01,61.09,59.69
61.41,62.08,62.32,61.22
61.78,61.89,62.61,61.40
61.48,62.10,62.45,61.20
62.46,61.97,62.63,61.39
62.30,61.48,62.34,61.02
62.23,62.65,63.10,62.16
62.77,63.34,63.40,62.15
63.56,64.04,64.62,63.56
63.68,63.39,63.92,62.56
63.55,60.94,63.55,60.33
60.24,60.35,60.77,59.88
59.97,59.60,60.29,58.66
59.72,59.27,60.15,58.93
59.49,59.26,59.98,58.95
58.65,57.48,58.82,57.25
57.41,60.25,60.64,57.24
61.28,60.45,61.59,60.12
60.35,61.51,61.79,59.96
61.02,61.22,61.79,60.38
62.01,61.48,62.30,61.02
61.68,61.12,61.99,60.71
61.44,62.29,62.50,61.35
61.91,61.01,62.00,60.67
60.71,60.89,61.14,60.35
60.85,60.86,61.56,60.01
60.99,60.70,61.45,60.47
61.07,60.64,61.39,60.47
59.82,59.62,59.91,59.00
59.96,59.41,59.99,58.88
59.54,58.77,59.55,58.06
59.14,59.60,60.39,58.97
59.67,60.43,60.66,58.77
60.78,59.45,60.94,59.20
60.43,61.54,61.72,59.76
61.58,62.78,63.29,61.01
62.94,63.80,64.43,62.71
63.35,62.51,64.20,61.57
61.79,61.52,62.60,61.45
61.33,62.00,62.15,61.11
62.18,59.43,62.43,59.02
59.59,59.67,60.65,59.40
59.31,58.96,59.47,58.50
58.94,57.90,59.03,57.71
56.98,57.17,57.27,55.81
57.11,56.68,57.28,56.15
57.15,56.95,57.24,56.17
56.70,56.88,57.84,56.11
56.70,55.75,56.90,55.62
55.40,54.86,55.75,54.69
54.10,54.30,54.48,53.32
54.40,53.84,54.98,53.69
53.48,53.75,54.09,53.19
53.78,53.53,54.35,53.50
53.08,53.68,54.00,52.50
53.80,53.17,54.12,53.15
52.67,52.41,52.85,52.06
52.64,53.32,53.91,52.33
54.07,53.45,54.15,53.10
53.60,52.49,53.60,52.45
52.30,51.50,52.60,51.31
51.30,51.34,51.34,50.47
51.61,51.27,51.70,50.68
51.56,52.11,52.41,51.21
51.94,50.34,52.15,49.84
49.51,48.53,49.51,47.59
48.62,47.73,48.98,47.47
48.00,48.00,48.58,47.80
47.91,48.97,49.55,47.87
49.10,48.00,49.17,47.80
48.02,49.55,49.60,47.89
49.48,48.68,49.90,48.68
48.66,48.17,48.93,48.01
48.27,48.33,48.83,48.08
48.07,47.89,48.40,47.51
48.16,47.81,48.57,47.65
47.85,47.25,48.35,47.22
46.78,46.30,46.78,45.22
46.50,46.37,46.78,46.09
46.81,47.47,47.64,46.32
47.53,47.73,48.10,46.90
48.85,47.86,48.97,47.61
47.67,47.65,47.89,47.01
47.70,48.05,48.37,47.56
47.72,47.10,47.83,46.60
46.63,45.59,46.85,45.34
45.68,46.16,46.67,45.45
46.09,46.14,46.46,45.25
45.39,44.76,45.72,44.22
44.13,46.54,47.23,43.95
47.05,46.20,47.22,46.07
45.79,45.36,46.30,45.27
44.66,44.67,45.73,44.06
44.62,43.39,45.19,43.34
43.37,43.51,44.83,43.23
44.19,45.26,46.19,43.90
45.97,45.58,47.00,45.46
45.96,47.37,47.50,45.75
47.50,47.19,48.66,46.86
46.88,48.57,48.70,45.96
48.82,48.63,49.84,47.70
48.77,48.82,49.34,48.22
49.52,48.18,49.65,47.60
47.44,47.84,48.74,47.09
47.94,47.16,48.37,46.60
49.24,50.30,51.15,48.23
50.65,51.55,51.59,49.55
51.73,51.35,51.93,51.25
52.28,51.70,52.33,50.76
51.88,50.69,52.21,49.83
49.77,50.28,50.53,49.13
50.40,49.48,50.73,49.22
49.98,50.52,50.70,49.69
50.81,50.72,51.30,50.28
50.91,50.69,51.02,50.06
51.22,50.28,51.38,49.97
50.06,50.85,50.97,49.53
50.99,50.70,51.04,50.11
50.20,50.36,51.17,49.40
49.14,47.80,49.38,47.79
47.82,47.96,48.49,47.26
47.93,48.79,49.20,47.65
48.30,47.94,48.80,47.36
48.10,48.15,48.23,47.27
47.23,47.12,47.95,46.41
48.65,48.51,48.65,47.64
48.29,48.49,48.88,47.93
49.23,49.73,49.84,48.89
49.41,49.04,49.67,48.83
48.39,47.91,48.66,47.56
47.80,47.72,48.09,47.39
47.98,46.42,48.34,46.31
46.25,45.98,46.27,45.65
45.45,45.46,45.84,44.75
45.67,46.16,46.35,45.55
46.12,45.50,46.23,45.37
45.41,45.07,45.50,44.43
44.81,44.66,45.00,44.37
44.89,45.15,45.45,44.52
44.98,45.15,45.52,44.80
44.83,44.50,45.06,44.31
44.61,44.33,44.83,44.10
45.17,45.80,46.46,44.79
45.92,46.09,46.25,45.30
44.32,44.53,44.56,42.95
44.29,45.26,45.74,44.02
45.30,44.47,45.70,44.44
44.40,44.41,45.43,43.88
44.24,43.62,44.65,43.62
44.10,44.67,44.92,43.80
44.85,46.12,46.92,44.84
46.31,46.63,46.78,46.12
46.54,46.92,47.31,46.49
46.98,47.20,47.63,46.61
47.26,47.48,47.78,47.00
47.57,46.92,47.70,46.70
46.69,46.34,47.13,46.22
46.23,46.63,46.66,45.82
46.78,47.59,47.81,46.55
47.67,47.16,47.99,47.09
47.25,47.93,48.03,47.01
48.61,48.25,49.29,47.94
48.24,49.30,49.36,47.80
49.75,49.04,49.98,48.87
48.94,49.23,49.45,48.65
49.46,49.04,49.68,49.01
49.08,48.84,49.34,48.73
48.84,48.47,49.07,48.33
48.54,48.55,48.83,48.32
48.80,50.68,50.75,48.72
50.56,49.47,50.59,49.36
49.61,49.62,49.86,49.08
50.18,50.90,50.90,49.68
52.07,51.69,52.50,51.52
51.47,51.36,52.00,51.10
51.66,52.00,52.58,51.66
52.35,52.56,52.76,51.05
52.42,55.45,55.85,51.95
56.37,57.20,57.65,56.32
57.05,56.96,57.67,56.24
56.61,56.77,57.15,56.13
57.10,56.85,57.35,56.53
56.40,56.62,56.79,56.01
57.93,56.31,57.93,56.22
55.60,55.26,55.81,55.03
55.95,55.06,56.56,55.04
54.47,55.26,55.85,53.80
55.74,56.54,56.67,55.20
56.25,56.02,56.52,55.57
56.70,55.70,56.85,55.60
55.89,55.67,56.09,55.17
55.81,55.47,55.95,55.21
55.78,56.24,56.64,55.78
56.24,55.85,56.63,55.49
55.45,55.76,56.01,55.12
55.81,54.50,56.28,54.49
54.40,54.85,55.06,54.17
55.10,55.35,55.83,54.83
55.42,54.94,55.75,54.90
54.62,54.60,55.03,53.94
55.31,55.88,55.97,54.99
55.78,56.06,56.38,55.06
55.65,54.97,55.88,54.91
54.86,54.90,55.31,53.96
54.73,55.49,55.76,54.61
54.62,53.83,54.82,53.80
54.13,52.58,54.35,52.55
53.08,53.56,53.79,53.08
53.64,53.31,53.88,52.95
53.73,54.58,54.96,53.30
54.22,53.22,54.30,52.70
52.04,48.74,52.13,48.72
49.12,48.39,49.56,48.24
48.61,48.50,48.92,48.22
48.76,48.74,49.07,47.83
48.56,48.81,49.58,48.23
49.03,48.07,49.03,47.90
48.15,47.71,48.32,47.61
47.33,47.19,47.88,47.06
47.38,45.79,47.51,45.69
45.81,45.53,45.99,44.50
45.48,46.12,46.23,45.00
46.88,46.79,47.08,46.49
46.61,46.62,46.75,46.20
46.50,47.08,47.32,46.23
47.34,47.69,47.80,46.87
47.25,47.37,47.37,46.71
47.29,47.00,47.33,46.81
46.10,47.31,47.34,45.90
47.47,47.05,47.74,46.75
47.02,47.09,47.54,46.44
47.13,45.68,47.13,45.64
44.87,45.09,45.44,44.68
45.14,43.96,45.14,43.85
44.00,44.29,44.62,43.88
44.55,44.42,44.74,44.07
44.80,45.11,45.36,44.80
45.08,45.23,45.57,45.00
45.23,45.50,45.81,45.05
44.58,44.17,44.86,43.51
44.01,44.29,44.52,43.74
44.24,44.66,44.76,44.07
44.65,44.36,44.87,43.76
44.20,43.75,44.42,43.69
43.31,44.10,44.14,42.96
44.00,44.58,45.05,43.91
44.58,44.23,44.58,43.85
44.40,45.08,45.30,44.38
44.97,45.47,45.87,44.76
45.35,45.03,45.80,45.00
44.92,46.44,46.83,44.84
47.34,46.90,47.59,46.75
46.76,45.62,47.25,45.50
45.30,45.94,46.05,45.09
45.60,45.01,45.76,44.95
45.00,45.56,45.93,44.66
45.39,44.90,45.49,44.61
45.35,45.95,46.13,45.35
46.00,45.76,46.03,45.33
45.86,45.30,45.89,45.14
45.45,45.19,45.74,44.89
45.02,44.75,45.18,44.58
45.00,44.44,45.00,44.00
44.56,44.89,45.22,44.46
44.96,45.58,45.71,44.56
45.62,44.76,45.79,44.70
44.67,44.01,44.84,43.89
43.96,43.36,44.19,42.96
43.49,42.82,43.51,42.55
43.01,43.39,43.65,42.99
43.86,43.12,44.33,43.10
42.97,42.96,43.31,42.85
43.61,43.71,43.72,43.01
43.59,44.10,44.56,43.43
44.34,44.33,44.47,44.01
44.22,45.04,45.17,44.20
44.79,45.25,45.82,44.51
45.18,44.93,45.27,44.77
44.57,44.49,44.67,44.15
44.40,45.28,45.30,44.38
45.26,44.85,45.48,44.82
44.94,44.55,45.09,44.38
43.68,43.27,43.80,42.79
43.08,42.90,43.39,42.79
42.54,40.56,42.54,40.44
40.69,40.55,41.48,40.51
41.56,40.82,41.76,40.73
41.19,40.96,41.60,40.80
41.15,41.44,41.72,40.83
41.22,40.62,41.25,40.58
40.64,40.29,40.84,40.13
40.37,39.62,40.59,39.56
39.64,39.00,39.74,38.60
39.29,38.60,39.35,38.55
38.58,40.01,40.04,38.50
40.15,39.93,40.88,39.88
39.76,39.25,40.08,39.20
39.23,38.89,39.43,38.77
39.34,39.66,40.20,39.34
39.77,38.99,39.80,38.88
38.92,39.59,39.65,38.85
39.54,39.68,39.84,39.41
40.13,40.03,40.70,39.99
39.85,40.37,40.72,39.80
40.34,40.38,40.64,40.11
40.63,41.45,41.84,40.60
41.22,41.61,41.65,41.14
41.56,41.09,41.62,41.06
40.97,41.08,41.13,40.53
41.13,41.74,41.86,40.93
41.51,41.89,41.94,41.34
42.00,41.39,42.00,41.22
41.00,39.83,41.10,39.75
39.69,38.47,40.01,38.32
38.41,39.12,39.28,38.07
39.76,39.37,40.32,39.15
39.36,39.01,39.52,38.74
39.13,40.03,40.64,39.02
39.67,38.99,39.85,38.86
39.07,38.65,39.32,38.59
38.11,36.37,38.21,36.35
34.36,33.92,34.74,33.51
34.69,33.78,34.84,33.53
33.66,32.36,33.82,32.13
32.61,32.77,33.11,32.20
33.40,32.98,33.57,32.30
33.43,33.40,33.92,32.80
33.12,32.43,33.16,31.77
33.27,34.33,34.50,33.05
34.88,34.33,35.13,34.23
34.50,33.47,34.54,33.23
33.84,33.97,34.27,33.64
33.14,32.40,33.32,31.33
32.15,32.59,32.97,31.76
32.79,32.66,32.99,32.19
32.78,33.00,33.43,32.70
33.29,33.07,33.48,33.04
32.69,32.45,32.74,32.08
32.87,33.91,34.07,32.78
33.43,33.16,34.25,32.94
32.50,33.12,33.12,32.10
32.94,32.62,32.94,32.31
32.54,32.51,33.08,32.35
32.21,31.57,32.28,31.45
31.17,31.43,31.91,30.63
31.27,30.63,31.32,30.30
30.66,32.28,32.39,30.42
31.59,31.94,32.22,31.39
32.43,31.96,33.12,31.51
32.42,32.22,32.74,31.80
32.15,31.97,32.59,31.65
32.01,32.05,32.65,31.52
32.22,33.10,33.13,32.12
33.69,34.34,34.48,33.63
34.13,34.28,34.29,33.67
34.40,34.88,35.44,34.30
34.47,34.45,34.63,33.58
34.56,34.60,35.14,34.16
34.46,34.95,35.34,34.38
34.41,34.11,34.42,33.70
33.67,33.90,34.15,33.43
33.33,32.81,33.73,32.76
32.94,33.33,33.54,32.65
33.05,33.66,33.70,32.71
33.81,33.19,33.89,33.01
33.24,33.44,33.63,33.15
33.23,32.59,33.27,31.97
32.62,31.90,33.23,31.82
30.74,29.75,30.83,29.40
30.00,30.05,30.37,28.85
29.45,29.02,29.63,28.29
29.18,28.93,29.45,28.41
27.95,27.22,28.08,27.07
27.61,27.71,28.23,27.32
27.58,29.95,30.25,27.44
30.31,30.18,30.69,29.16
29.90,29.17,30.12,28.86
29.40,29.02,29.81,28.83
28.11,27.78,28.12,26.97
28.17,27.02,28.26,27.00
27.22,27.07,27.50,26.58
27.09,26.61,27.19,26.47
27.67,28.12,28.30,27.40
27.94,27.43,27.94,27.13
27.55,27.57,27.69,27.16
27.78,28.45,28.74,27.73
28.64,28.03,29.00,28.00
28.31,28.06,28.45,27.76
28.44,28.69,28.95,28.20
29.85,30.35,30.68,29.75
30.34,31.14,31.41,29.95
31.04,29.61,31.05,29.09
29.37,29.93,30.72,29.26
29.43,30.38,30.44,28.50
30.38,30.11,30.50,29.60
29.89,30.15,30.34,29.61
30.03,30.00,30.58,29.44
30.24,29.59,30.35,29.50
29.60,28.79,30.17,28.71
28.79,28.48,29.16,28.37
28.10,26.63,28.15,26.61
26.61,26.48,27.04,26.43
26.80,28.78,29.03,26.71
28.73,29.51,29.78,28.21
30.39,30.90,31.24,30.30
30.76,30.08,30.76,29.86
30.32,31.94,32.10,30.22
31.59,33.22,33.38,31.45
33.35,32.38,33.90,32.14
32.37,32.08,32.77,31.91
32.05,32.81,33.12,31.94
32.58,31.84,32.77,31.82
32.31,32.17,32.95,32.01
32.14,33.00,33.63,32.07
33.19,33.29,33.84,32.77
34.08,32.11,34.27,32.02
32.37,31.34,32.96,31.23
31.13,31.83,32.12,30.72
31.38,31.77,32.14,31.27
32.00,31.47,32.18,31.27
31.17,31.62,31.70,30.85
31.46,30.30,31.53,30.20
30.79,30.43,31.18,30.34
30.49,30.38,30.75,30.07
29.90,29.20,29.96,29.15
29.23,29.46,29.63,29.03
28.70,28.23,28.86,28.20
28.15,28.20,28.68,27.73
28.20,28.13,28.76,27.98
28.29,28.52,28.52,27.98
28.39,30.87,31.12,28.12
30.92,29.78,30.97,29.33
29.52,28.07,29.52,28.07
28.13,27.88,28.75,27.79
27.70,28.00,28.29,27.39
28.16,28.31,28.83,27.95
28.36,28.17,28.69,27.78
28.39,27.98,28.81,27.83
27.74,28.10,28.39,27.70
27.41,27.21,27.50,26.73
27.48,27.53,27.79,27.33
27.41,26.96,27.68,26.94
26.96,26.80,27.07,26.57
26.95,27.17,27.28,26.85
27.21,26.35,27.47,26.29
26.19,26.50,26.76,25.81
26.58,26.30,26.64,26.02
25.87,25.62,25.92,25.50
25.92,25.74,26.02,25.57
25.56,26.10,26.16,25.33
26.01,25.88,26.27,25.71
26.88,27.06,27.42,26.65
27.12,26.92,27.29,26.81
27.06,27.50,27.51,27.01
27.75,28.46,28.71,27.75
28.40,27.29,28.49,27.28
27.72,27.65,28.16,27.59
27.50,27.83,28.02,27.37
27.85,28.08,28.50,27.51
28.01,27.65,28.22,27.52
28.04,28.04,28.47,27.06
27.53,27.26,27.66,26.93
26.97,25.98,27.06,25.88
26.39,27.33,27.42,26.27
27.23,27.35,27.58,26.99
27.64,27.92,28.08,27.52
27.69,27.35,28.08,27.28
27.07,27.57,27.59,26.50
27.34,27.58,27.65,26.74
27.42,26.98,27.54,26.78
27.10,27.30,27.38,27.00
27.55,28.07,28.20,27.52
28.15,27.79,28.45,27.79
27.76,27.04,27.81,26.94
26.97,27.35,27.37,26.91
27.01,26.39,27.09,26.26
26.20,25.86,26.23,25.71
25.99,25.74,26.24,25.66
25.43,25.53,25.75,24.68
25.11,24.72,25.27,24.58
24.99,24.62,25.22,24.35
24.82,24.83,25.20,24.79
24.46,23.83,24.60,23.79
23.64,23.38,23.77,23.20
23.56,23.88,24.21,23.35
23.25,23.20,23.69,23.04
23.37,23.02,23.56,22.97
23.17,23.60,23.68,23.13
24.27,24.18,24.57,24.15
24.14,23.47,24.14,23.38
23.00,23.28,23.43,22.68
23.51,23.28,23.55,23.20
23.32,23.16,23.58,23.01
23.12,23.11,23.36,23.02
23.22,23.14,23.65,23.06
22.78,22.76,22.85,22.34
22.84,22.64,22.92,22.45
22.55,22.49,22.77,22.40
22.50,23.15,23.17,22.49
23.40,23.33,23.59,23.20
23.45,23.59,23.64,23.29
23.42,22.93,23.42,22.91
22.75,23.03,23.20,22.63
23.47,23.96,24.27,23.41
24.17,23.92,24.29,23.88
24.25,24.08,24.54,24.00
23.85,23.95,23.98,23.51
23.69,23.40,23.73,23.33
23.29,23.20,23.41,23.12
23.68,23.80,24.04,23.56
23.96,23.88,23.96,23.53
23.76,23.41,24.12,23.25
23.27,23.58,23.81,23.22
23.85,23.95,23.96,23.55
24.18,24.55,24.88,24.17
24.35,24.82,25.12,24.29
24.68,24.39,24.70,24.09
24.81,25.17,25.50,24.75
25.46,24.88,25.65,24.46
24.67,24.18,24.71,24.16
24.34,24.66,24.76,24.08
25.08,24.87,25.22,24.32
23.84,24.10,24.39,23.80
23.70,21.60,23.74,21.27
21.70,21.02,21.85,21.00
20.92,21.18,21.31,20.90
21.40,20.87,21.46,20.86
20.90,21.01,21.26,20.79
21.10,21.52,21.65,21.02
21.79,22.20,22.43,21.75
22.31,22.90,23.03,22.31
22.87,22.51,22.94,22.30
22.66,23.53,23.56,22.46
24.11,23.83,24.23,23.41
24.26,24.21,24.33,23.75
24.11,23.77,24.32,23.68
23.72,24.46,24.55,23.64
24.03,23.38,24.09,22.71
23.46,23.67,23.82,23.29
23.60,23.75,24.08,23.56
23.66,23.56,23.91,23.40
23.61,23.59,24.08,23.37
23.56,23.26,23.60,23.02
23.91,23.63,24.25,23.44
23.43,24.14,24.20,23.28
24.20,24.58,24.66,24.08
24.67,24.93,25.08,24.53
24.58,24.60,24.64,23.88
24.56,24.31,24.65,23.94
24.39,24.35,24.55,24.09
24.68,25.01,25.12,24.59
25.07,25.48,25.53,24.88
25.77,26.18,26.20,25.72
25.93,25.77,26.37,25.57
25.44,25.27,25.62,25.20
24.98,24.50,25.34,24.44
24.26,24.58,24.98,24.19
24.90,24.55,24.90,24.36
24.45,23.89,24.60,23.75
24.00,23.92,24.19,23.80
23.89,23.07,24.02,23.00
22.97,22.94,23.15,22.66
23.01,23.92,24.13,22.92
23.90,23.44,24.10,23.31
23.52,23.45,23.74,23.40
23.81,24.24,24.46,23.73
24.06,24.10,24.18,23.83
24.42,24.11,24.65,24.05
24.27,24.44,24.85,24.21
24.82,24.95,25.06,24.67
24.83,24.99,25.36,24.57
25.19,24.79,25.51,24.67
24.74,24.23,24.78,24.10
24.56,24.41,24.74,24.29
23.80,23.84,23.94,23.28
23.86,23.75,24.02,23.51
23.74,23.54,23.90,23.50
25.45,25.05,25.46,24.60
24.98,25.04,25.20,24.32
25.00,25.92,26.26,24.97
25.62,25.49,25.80,25.27
25.69,26.45,26.50,25.61
25.18,24.67,25.39,24.61
24.69,25.02,25.27,24.69
24.86,24.83,25.06,24.56
24.69,24.53,24.89,24.33
24.57,24.72,24.94,24.40
25.02,24.85,25.02,24.71
24.82,24.60,24.82,24.50
24.27,24.01,24.29,23.78
23.99,24.00,24.19,23.78
24.03,24.02,24.12,23.71
24.32,24.51,24.67,24.32
24.49,24.68,24.97,24.49
24.91,24.63,24.99,24.59
24.38,24.29,24.55,24.14
24.24,23.99,24.24,23.77
24.12,23.34,24.13,23.27
23.32,23.62,23.68,23.28
23.51,23.59,23.61,23.42
23.71,23.36,23.75,23.31
23.37,23.40,23.62,23.34
23.22,22.68,23.22,22.61
22.58,22.48,22.62,22.22
22.30,22.76,23.01,22.26
22.69,22.89,22.90,22.54
22.78,22.58,22.93,22.45
22.52,22.82,22.83,22.21
22.73,22.89,23.08,22.60
22.91,23.02,23.16,22.67
22.96,23.11,23.19,22.80
23.09,22.67,23.12,22.61
22.78,22.78,23.02,22.57
22.85,23.09,23.19,22.85
23.15,23.30,23.46,23.07
23.24,23.40,23.48,22.91
23.50,23.16,23.52,23.07
22.99,23.31,23.43,22.89
23.33,23.74,23.74,23.23
24.07,24.54,24.59,23.91
24.53,24.86,24.92,24.29
24.81,25.19,25.25,24.58
25.28,24.69,25.42,24.67
24.70,24.88,25.03,24.54
24.79,25.07,25.09,24.46
25.00,25.19,25.36,24.88
25.03,25.44,25.54,24.82
25.48,25.08,25.72,24.78
25.11,25.36,25.50,25.05
25.14,25.19,25.21,24.87
24.99,24.73,25.14,24.68
24.87,24.80,24.96,24.48
24.99,25.53,25.69,24.95
25.97,25.44,26.04,25.30
25.49,25.93,26.17,25.43
25.19,25.32,25.64,25.03
25.37,24.69,25.52,24.66
24.88,25.22,25.61,24.88
25.30,25.45,25.64,25.11
25.18,25.42,25.53,24.90
25.42,25.36,25.60,25.07
25.33,25.41,25.55,25.24
25.38,25.19,25.46,25.13
25.04,24.78,25.09,24.65
24.66,25.15,25.23,24.60
25.08,25.64,25.71,25.03
25.68,25.54,25.76,25.53
25.60,25.59,25.73,25.04
25.28,24.91,25.41,24.91
25.14,25.20,25.36,24.77
25.17,25.63,25.74,25.17
25.38,25.78,25.93,25.27
26.20,26.08,26.54,25.91
26.28,26.18,26.28,26.00
26.32,26.39,26.50,26.11
26.37,26.53,26.63,26.30
26.65,27.06,27.35,26.61
27.14,27.07,27.40,26.99
27.12,27.05,27.32,26.86
26.58,26.89,27.00,26.58
26.87,26.82,26.93,26.53
26.95,26.83,27.02,26.71
26.77,26.73,26.95,26.61
26.31,26.61,26.69,26.07
26.65,26.39,26.65,26.25
26.36,25.98,26.37,25.79
26.33,26.50,26.57,26.28
26.45,26.52,26.75,26.39
26.87,26.86,26.99,26.59
26.66,27.09,27.20,26.60
26.65,26.41,26.85,26.23
26.34,26.31,26.52,26.18
26.35,25.60,26.50,25.49
25.62,25.97,26.02,25.51
25.86,25.29,25.89,25.03
25.46,25.54,25.61,25.21
25.39,25.37,25.56,25.18
25.37,25.59,25.62,25.10
25.41,25.17,25.50,24.92
25.10,25.02,25.12,24.79
24.96,25.04,25.34,24.76
25.04,24.67,25.07,24.62
24.53,24.49,24.59,24.18
24.53,24.21,24.55,23.90
24.10,23.66,24.17,23.51
23.92,23.99,24.27,23.66
23.71,23.84,24.20,23.71
23.67,23.91,24.01,23.43
23.90,23.81,23.90,23.51
23.89,23.48,23.89,23.47
23.34,23.05,23.59,22.90
23.20,23.01,23.33,22.94
23.12,23.28,23.46,22.88
23.03,22.70,23.06,22.50
22.85,23.15,23.22,22.63
23.23,22.55,23.23,22.44
22.69,23.64,23.71,22.15
23.58,22.45,23.58,22.03
22.53,22.21,22.91,22.07
22.40,22.52,23.16,22.39
22.72,22.79,23.21,22.63
22.54,22.70,23.10,22.43
22.45,22.72,22.99,22.39
22.72,22.40,22.79,22.32
22.66,22.85,22.91,22.48
23.01,22.90,23.18,22.84
22.79,22.59,23.07,22.59
22.43,22.00,22.51,21.81
22.00,21.95,22.11,21.73
21.85,21.63,21.90,21.49
21.80,21.85,21.90,21.45
21.66,20.81,21.69,20.72
20.59,20.33,20.69,20.07
19.50,18.76,19.70,18.51
18.85,19.12,19.19,18.53
18.97,18.66,19.15,18.60
18.09,17.83,18.61,17.77
17.98,18.20,18.56,17.98
18.50,19.19,19.21,18.47
19.02,18.06,19.02,17.99
18.15,18.70,18.87,18.15
18.95,18.46,19.04,18.18
18.70,18.24,18.83,18.15
17.90,19.15,19.20,17.75
19.21,19.24,19.36,18.66
19.57,19.90,19.96,19.34
19.95,19.11,19.97,19.01
19.34,19.58,19.70,19.22
20.07,19.69,20.07,19.27
19.54,19.17,19.64,19.11
19.19,19.71,19.73,19.15
19.69,19.53,19.73,19.41
18.94,18.40,19.06,18.36
18.89,19.66,19.86,18.87
19.27,19.18,19.57,18.93
19.39,19.63,19.84,19.30
19.59,19.27,19.69,19.20
18.94,19.03,19.14,18.72
19.19,19.08,19.53,18.67
19.52,20.01,20.45,19.43
20.06,19.45,20.35,19.43
19.25,19.57,20.04,19.10
19.54,19.05,19.54,19.02
18.64,17.92,18.99,17.91
18.30,17.78,18.37,17.60
17.83,18.50,18.58,17.79
18.77,19.39,19.43,18.65
19.29,19.12,20.09,19.12
18.80,18.16,19.17,18.01
18.11,18.04,18.66,17.95
17.97,18.57,18.71,17.97
19.05,18.85,19.14,18.73
18.71,18.59,18.85,18.50
18.86,19.26,19.49,18.81
19.16,18.90,19.23,18.80
18.65,19.34,19.39,18.60
19.51,19.46,19.60,18.86
19.65,20.27,20.66,19.62
20.04,20.09,20.52,19.74
20.10,19.98,20.38,19.89
20.21,20.72,20.73,20.17
20.86,21.19,21.40,20.68
21.50,20.36,21.53,20.22
20.53,19.76,20.74,19.42
20.75,21.51,21.90,20.65
21.72,22.29,22.29,21.49
22.85,23.57,23.72,22.72
23.77,24.32,24.44,23.43
24.31,24.29,24.69,23.98
24.14,24.15,24.43,23.67
23.82,24.49,24.63,23.35
24.67,25.14,25.25,24.53
24.89,24.26,25.05,24.03
23.61,24.17,24.34,23.42
24.19,25.15,25.22,23.92
24.74,25.11,25.20,24.56
24.84,24.62,25.07,24.14
24.82,24.82,25.03,24.50
24.55,24.82,24.86,24.37
24.00,24.05,24.30,23.59
24.23,24.61,24.74,24.17
24.29,24.41,24.57,23.96
24.43,24.14,24.60,24.09
24.41,24.51,24.70,24.11
24.75,24.78,25.06,24.66
24.34,24.19,24.60,24.17
24.15,24.74,24.85,23.85
24.81,24.46,25.02,24.39
25.18,25.58,26.38,25.07
25.52,25.96,26.13,25.25
25.21,25.81,25.91,25.20
26.00,26.05,26.13,25.82
26.34,26.31,26.55,26.12
26.40,26.33,26.70,26.26
26.40,25.89,26.51,25.60
25.93,25.62,26.34,25.52
25.51,25.19,25.71,25.09
25.31,25.30,25.65,25.20
24.30,23.30,24.41,23.14
23.28,22.42,23.38,22.23
22.30,21.77,22.93,21.64
21.72,22.24,22.48,21.50
22.45,22.29,22.63,22.00
22.30,22.30,22.38,21.66
22.13,22.30,22.38,21.85
22.04,22.12,22.45,21.86
21.95,22.87,23.07,21.88
23.14,22.82,23.30,22.66
22.90,22.95,23.33,22.89
23.15,23.14,23.29,22.85
23.17,22.86,23.20,22.78
23.03,22.48,23.20,22.47
22.92,22.16,23.08,21.93
22.19,22.23,22.51,22.08
21.94,22.02,22.27,21.75
22.12,21.71,22.21,21.68
21.83,22.72,22.77,21.79
22.68,22.34,22.91,22.15
23.02,22.58,23.10,22.49
22.49,22.17,22.53,22.14
22.33,22.08,22.38,21.84
21.89,22.23,22.34,21.76
22.52,22.33,22.61,22.28
22.67,22.57,22.82,22.43
22.59,22.82,22.89,22.52
22.90,23.55,23.56,22.83
23.67,23.62,24.04,23.53
23.65,23.57,23.94,23.44
23.40,23.52,23.61,23.31
23.47,23.51,23.60,23.27
23.40,22.77,23.49,22.58
23.02,23.45,23.55,22.88
24.33,24.98,25.38,24.25
25.47,25.59,26.36,25.27
25.75,26.35,26.38,25.67
26.28,26.48,26.79,26.09
25.92,26.49,26.53,25.60
26.17,26.49,26.53,26.12
26.66,26.05,26.80,25.97
26.74,25.95,26.74,25.75
26.19,25.65,26.23,25.55
25.31,25.82,25.84,25.30
25.96,26.04,26.32,25.74
26.17,26.36,26.38,25.96
26.62,26.65,26.66,26.35
27.03,27.31,27.64,26.96
27.53,27.20,27.77,27.15
27.08,27.69,27.79,26.99
27.64,27.55,27.72,27.38
27.18,27.05,27.45,26.98
27.15,27.66,27.90,27.12
27.62,27.00,27.64,26.85
26.92,27.01,27.27,26.84
26.62,26.55,26.72,26.10
26.64,27.03,27.09,26.41
27.08,27.47,27.51,26.77
27.40,27.24,27.56,27.18
27.35,27.17,27.48,27.01
27.30,26.95,27.34,26.93
26.86,26.38,27.01,26.14
26.12,26.80,26.81,26.01
26.42,25.91,26.45,25.48
25.96,25.84,25.97,25.60
25.42,24.41,25.90,24.37
24.03,23.70,24.13,23.65
23.66,23.66,23.84,23.49
23.56,23.55,23.86,23.46
23.54,24.03,24.47,23.50
24.03,23.94,24.15,23.88
24.04,24.53,24.66,23.64
24.94,25.00,25.09,24.79
24.95,24.65,25.07,24.45
24.27,23.95,24.29,23.87
23.92,24.13,24.41,23.91
24.21,24.12,24.39,23.99
24.11,23.94,24.17,23.81
23.88,23.83,24.05,23.73
23.91,23.53,24.02,23.43
23.41,23.36,23.61,23.10
23.25,23.13,23.40,22.95
23.30,23.67,23.71,23.20
23.47,23.86,24.07,23.44
23.33,22.41,23.47,22.40
22.55,22.52,22.79,22.40
22.81,22.59,22.90,22.36
22.75,22.52,22.92,22.43
22.32,22.50,22.56,21.84
22.50,22.15,22.61,22.10
22.08,21.80,22.15,21.77
21.70,21.38,21.76,21.33
21.16,20.69,21.20,20.65
19.96,18.16,20.00,18.12
18.54,18.74,19.08,18.31
18.32,18.52,18.93,18.22
18.72,17.60,18.74,17.59
17.52,17.80,17.95,17.36
17.68,17.22,18.15,17.10
17.44,17.64,17.69,17.15
17.73,17.67,17.87,17.25
17.35,17.29,17.71,17.05
17.80,17.17,17.80,17.11
17.09,16.42,17.20,16.39
16.62,16.40,16.84,16.22
16.65,16.35,16.94,16.31
16.44,16.36,16.87,16.26
16.37,16.14,16.72,16.08
16.29,16.95,17.07,16.07
17.00,17.03,17.10,16.58
17.34,18.14,18.44,17.34
17.97,17.49,18.06,17.46
17.75,17.35,17.81,17.24
17.57,17.85,17.96,17.45
17.52,17.54,17.68,17.32
17.74,17.93,18.02,17.54
18.39,18.55,18.80,18.14
18.85,18.14,18.92,18.10
17.73,16.89,18.19,16.73
17.24,16.17,17.25,16.11
16.10,15.81,16.11,15.39
15.76,16.70,16.82,15.71
16.67,17.17,17.37,16.63
16.98,17.07,17.25,16.68
17.07,16.73,17.44,16.63
16.74,16.21,16.88,16.02
15.98,16.19,16.71,15.92
16.02,15.70,16.05,15.46
15.82,15.96,16.02,15.59
15.69,15.62,16.09,15.55
15.73,15.56,15.91,15.50
15.43,16.24,16.29,15.43
16.02,15.89,16.19,15.71
15.84,15.97,16.35,15.79
16.20,16.94,17.07,16.16
16.76,17.24,17.47,16.57
17.62,16.98,17.65,16.74
16.78,16.63,16.98,16.61
16.22,15.59,16.36,15.40
15.87,15.55,15.87,15.45
15.85,16.78,16.81,15.62
16.35,16.59,16.67,16.34
16.21,16.02,16.28,15.95
16.02,15.82,16.25,15.73
15.58,16.07,16.17,15.56
16.23,15.84,16.44,15.75
16.44,17.07,17.10,16.29
17.18,17.95,18.13,17.18
18.12,18.35,18.65,17.88
18.49,18.94,19.20,18.40
18.69,18.66,19.41,18.50
19.30,18.93,19.46,18.74
19.26,18.45,19.26,18.26
18.43,18.37,18.61,18.15
18.78,19.47,19.59,18.48
19.22,19.30,19.44,18.99
19.37,18.99,19.46,18.96
18.86,18.55,19.20,18.47
18.76,18.84,19.14,18.62
18.70,18.42,18.73,18.22
18.38,19.03,19.13,18.31
19.24,19.55,19.64,19.05
19.37,18.80,19.41,18.79
18.76,18.77,19.14,18.52
19.08,19.15,20.30,18.55
19.48,19.89,20.57,19.44
19.91,19.46,20.13,19.46
19.32,19.63,19.76,18.98
19.35,19.22,19.49,18.88
19.36,19.01,19.51,18.92
18.96,17.50,18.96,17.26
16.99,17.54,17.70,16.81
17.49,17.86,17.94,17.26
17.52,17.46,17.80,17.29
17.59,17.79,17.83,17.44
17.37,17.33,17.87,17.08
17.33,17.50,17.51,17.23
17.59,17.63,17.91,17.50
17.51,16.88,17.67,16.65
17.00,17.63,17.72,16.82
17.80,18.05,18.11,17.64
18.10,17.68,18.18,17.58
17.54,17.56,17.67,17.23
17.82,18.00,18.15,17.58
17.71,17.91,18.25,17.67
17.50,17.39,17.63,17.24
17.59,18.41,18.52,17.48
18.24,18.39,18.45,17.85
18.06,17.85,18.39,17.77
18.09,18.73,18.94,18.03
18.94,20.46,20.49,18.87
20.03,19.75,20.17,19.55
19.61,19.38,19.70,19.15
19.76,19.60,20.04,19.29
19.50,19.43,19.79,19.42
19.13,19.13,19.80,18.93
19.06,18.35,19.13,18.22
18.45,18.40,18.58,18.07
18.79,19.08,19.26,18.65
18.44,17.61,18.44,17.50
17.80,17.71,18.15,17.58
18.09,17.65,18.25,17.50
17.53,17.80,17.89,17.48
17.86,18.14,18.25,17.76
18.29,18.54,18.61,18.23
18.29,17.91,18.41,17.74
18.14,18.03,18.17,17.87
17.71,17.77,17.81,17.62
17.72,17.99,18.05,17.67
18.44,18.44,18.75,18.16
18.57,18.42,18.57,18.13
18.71,18.56,19.05,18.53
18.80,18.86,19.11,18.22
18.51,18.01,18.78,17.90
18.12,17.01,18.24,16.66
17.12,17.01,17.18,16.38
17.07,17.48,17.61,17.04
17.17,17.27,17.60,16.93
17.65,17.70,17.87,17.45
17.81,16.31,17.85,16.06
16.61,16.56,16.72,16.08
16.47,16.69,16.77,16.05
16.43,16.68,16.93,16.27
16.94,17.67,17.80,16.87
17.84,18.50,18.80,17.76
18.54,19.44,19.48,18.18
19.25,19.53,19.75,18.72
19.41,19.96,20.07,19.32
20.02,20.55,20.65,20.02
20.25,20.07,20.41,19.60
20.31,22.34,22.40,20.30
22.89,23.38,24.15,22.78
22.61,24.41,24.50,22.31
25.02,25.19,25.94,24.89
25.56,24.30,26.02,23.96
23.81,24.31,24.38,22.70
26.00,25.04,26.10,24.82
24.80,25.78,25.95,24.56
24.66,24.56,25.45,24.35
24.79,24.84,25.15,24.10
24.21,25.07,25.33,23.12
24.92,24.84,25.60,24.73
24.08,25.12,25.49,24.08
25.62,25.39,25.85,25.08
25.93,25.58,26.40,25.29
25.31,25.85,25.95,25.03
25.11,25.35,26.25,25.11
25.71,25.83,26.39,25.64
26.28,25.39,26.46,25.08
25.51,26.24,26.41,25.31
26.26,26.82,27.13,26.16
27.03,26.11,27.98,26.07
26.48,26.53,27.09,26.02
26.79,25.89,26.94,25.37
25.40,26.14,26.27,24.88
26.15,27.35,27.62,25.99
27.15,26.68,27.49,26.38
26.88,26.13,27.13,26.08
25.87,26.37,26.48,25.84
26.20,27.55,27.65,25.47
27.84,27.46,28.39,27.41
27.46,27.79,28.28,27.42
27.63,27.79,28.09,27.40
28.15,27.39,28.29,27.08
26.55,24.98,26.56,24.96
25.14,25.40,25.49,24.59
25.69,25.70,25.77,25.33
25.78,26.95,27.03,25.51
26.73,26.75,26.90,26.19
26.97,26.58,27.10,26.42
26.00,26.62,26.66,25.63
26.60,26.30,26.61,26.12
26.83,27.30,27.33,26.50
27.00,27.74,27.75,27.00
28.12,27.96,28.55,27.93
28.12,29.10,29.36,28.11
29.56,31.11,31.15,29.35
31.23,30.63,31.25,30.00
30.41,29.48,30.47,29.35
29.52,28.68,29.64,28.26
28.91,29.37,29.47,28.51
29.28,29.46,29.53,28.81
30.28,30.91,31.11,30.09
30.77,30.45,31.75,30.22
30.96,32.19,32.58,30.96
31.85,31.23,32.35,30.67
31.34,31.11,31.59,30.85
31.68,31.97,32.10,31.19
32.12,32.10,32.34,31.25
32.18,32.99,33.60,32.17
33.32,34.97,34.99,33.31
35.06,34.34,35.20,33.93
34.50,33.83,34.59,33.39
33.38,32.35,33.84,32.04
32.75,32.86,33.30,32.37
33.27,34.13,34.62,33.27
32.88,31.83,32.89,31.80
31.94,33.03,33.17,31.73
33.85,33.88,34.70,32.74
34.04,33.21,34.23,33.03
33.41,34.07,34.24,33.16
34.69,35.42,35.54,34.65
35.17,35.55,35.75,34.72
34.96,33.52,35.66,33.41
32.53,34.14,34.35,32.37
34.38,33.73,34.58,32.88
33.06,33.83,34.30,32.80
33.07,31.74,33.23,31.70
31.58,32.38,32.66,30.86
32.79,32.45,33.08,32.08
32.24,31.96,32.95,31.69
31.83,32.41,33.06,31.62
32.52,32.66,32.97,32.06
32.27,32.35,32.69,31.68
33.87,35.40,35.46,33.74
35.30,35.43,35.68,34.76
35.07,34.95,35.37,34.80
36.11,35.38,36.41,35.28
35.48,35.90,35.97,35.30
35.99,35.79,36.82,35.41
36.83,35.89,37.00,35.53
36.03,35.15,36.06,34.77
35.21,36.24,36.71,35.09
37.33,35.61,37.39,35.35
36.11,35.65,36.29,35.14
34.69,35.33,35.49,34.54
34.58,34.83,35.22,34.29
34.76,35.72,35.82,34.49
35.41,35.39,35.87,35.09
38.50,37.19,38.68,36.64
37.69,37.69,38.45,36.85
36.92,37.17,37.77,36.78
37.65,37.69,37.96,37.50
38.23,39.12,39.24,37.77
39.86,40.34,40.49,39.47
40.98,40.38,40.99,39.54
41.02,41.42,41.46,40.52
40.79,40.96,41.27,40.24
40.72,41.14,41.39,40.21
40.65,41.06,41.09,40.37
40.67,39.96,40.95,39.91
40.64,40.88,41.27,40.57
40.16,41.62,41.68,39.93
41.24,41.33,41.57,41.04
41.42,41.63,41.63,40.93
41.42,41.39,41.56,41.00
40.68,39.29,40.69,39.05
40.29,40.52,40.87,39.76
40.36,41.27,41.49,40.23
41.05,40.13,41.05,39.66
40.39,41.13,41.29,40.17
41.37,42.32,42.59,40.65
42.45,42.67,42.81,41.77
43.04,44.00,44.17,42.66
43.78,44.16,44.24,42.95
44.88,45.86,45.91,44.57
45.68,45.02,45.68,44.71
45.09,44.91,45.44,44.84
43.79,44.43,44.49,43.59
44.13,44.65,45.09,44.13
44.77,45.00,45.47,44.48
45.76,45.57,46.02,44.87
45.69,45.43,45.91,45.20
45.98,45.17,46.07,44.97
45.16,44.92,45.45,44.79
45.01,44.29,45.10,43.85
44.05,44.00,44.35,42.93
44.33,44.43,44.70,43.84
43.65,44.17,44.31,43.25
43.49,43.32,43.73,43.06
43.76,43.15,43.83,43.08
42.50,39.85,42.50,39.59
39.91,40.16,40.97,39.59
40.78,39.93,41.45,39.48
39.57,40.91,41.14,39.52
40.91,38.60,40.91,38.27
38.02,38.24,38.56,37.76
38.03,39.43,39.44,37.62
40.29,40.52,40.99,39.87
41.09,42.00,42.00,40.26
41.76,42.09,42.12,41.13
41.97,41.59,42.69,41.47
41.28,39.30,41.30,39.14
38.75,40.36,40.58,38.40
39.88,39.02,40.06,38.56
39.18,38.60,39.46,38.08
38.38,39.20,39.40,38.23
38.83,38.26,38.94,37.86
38.79,38.43,38.88,38.22
38.38,38.15,38.67,37.78
38.84,41.03,41.15,38.68
41.51,40.77,41.97,40.25
40.41,39.56,40.91,39.31
39.54,39.26,40.05,39.24
38.87,38.48,38.87,37.91
38.39,39.21,39.37,37.81
38.97,39.05,39.36,38.58
39.48,39.29,39.87,39.14
39.04,38.10,39.33,37.85
36.68,34.25,36.87,34.00
34.65,34.59,35.10,34.01
33.62,34.05,34.28,33.47
34.78,33.97,34.85,33.57
34.19,34.06,34.56,33.78
33.92,33.85,34.44,33.29
33.93,34.52,34.79,33.72
34.90,34.81,35.65,34.30
34.35,34.23,35.02,34.22
34.65,35.03,35.33,34.59
35.60,36.17,36.29,35.25
36.88,36.98,37.16,35.94
36.97,37.01,37.15,36.35
36.80,36.35,37.00,36.00
36.57,35.84,36.67,35.56
35.97,36.59,36.96,35.79
36.46,36.18,36.67,35.76
36.06,34.79,36.38,34.15
34.90,35.38,35.92,34.57
35.59,37.04,37.10,35.26
37.70,37.95,38.47,37.23
38.56,37.18,38.87,36.94
37.38,37.75,37.90,37.01
37.61,37.80,37.95,37.19
36.82,36.49,36.82,35.81
36.58,36.06,37.05,35.64
38.25,37.04,38.40,36.24
36.88,34.68,36.90,34.39
34.38,31.59,34.56,31.36
31.24,32.60,32.76,30.19
32.36,33.91,34.03,32.25
33.82,33.76,33.89,33.05
33.89,32.70,34.27,32.17
32.51,32.69,33.34,32.25
33.11,33.07,33.41,32.75
33.37,33.20,33.39,32.12
31.68,31.50,31.94,30.82
31.72,31.92,32.15,31.56
32.25,33.45,33.50,32.06
32.75,33.55,33.83,32.55
33.00,32.44,33.20,31.80
32.10,32.27,32.85,31.52
32.55,33.58,33.67,32.15
32.71,33.48,33.97,32.65
33.40,33.02,33.86,32.90
33.45,33.62,34.02,33.25
33.73,33.87,34.06,33.47
33.61,32.79,33.66,32.59
33.07,32.60,33.11,32.47
32.57,33.87,33.94,32.47
34.08,31.68,34.43,31.65
30.82,30.91,31.37,30.40
31.27,31.66,31.80,30.93
31.71,31.78,32.08,31.30
31.17,31.66,31.76,30.85
31.88,31.55,31.96,31.24
31.40,31.44,31.88,31.27
31.47,32.46,32.56,31.45
32.81,32.59,33.24,32.17
32.61,32.78,32.87,32.28
33.27,35.27,35.31,33.15
35.41,34.07,36.09,34.07
34.12,34.63,35.00,33.95
34.90,34.96,34.99,34.19
35.60,36.57,37.25,35.59
36.00,35.42,36.49,34.99
36.08,35.36,36.16,35.21
35.65,35.08,36.17,34.85
34.78,34.37,34.79,33.52
35.22,34.47,35.35,34.14
34.00,34.53,34.65,33.75
