PCAR,PACCAR Inc. - Common Stock,NASDAQ
36.99,36.61,37.00,36.32
36.58,37.27,37.29,36.48
37.07,37.76,38.13,37.05
37.65,38.26,38.31,37.48
38.19,38.31,38.61,37.93
38.25,38.94,39.13,37.99
38.64,38.83,39.00,38.20
38.98,39.00,39.13,38.36
38.76,38.93,39.12,38.63
38.92,38.00,39.13,37.90
37.86,38.41,38.69,37.57
37.94,37.70,38.00,36.73
37.65,37.09,38.12,36.70
37.13,36.16,37.26,36.09
36.70,36.11,36.86,36.01
36.12,35.68,36.30,35.57
35.40,35.91,35.98,35.01
36.00,35.23,36.40,34.91
36.02,36.03,37.07,35.82
36.16,36.11,36.30,35.63
36.51,36.12,36.65,35.48
35.85,35.87,36.70,35.75
35.63,34.58,35.65,34.50
34.76,34.16,34.77,33.45
33.74,33.97,34.62,33.66
34.45,34.95,35.49,34.33
34.98,34.88,35.15,34.52
34.70,35.69,35.77,34.62
35.17,35.55,35.81,34.82
35.96,36.17,36.21,35.45
36.51,36.06,36.60,35.67
36.12,35.93,36.34,35.82
35.75,35.95,36.20,35.69
36.05,35.36,36.23,35.13
35.43,34.90,35.76,34.78
35.18,35.71,35.89,35.15
35.01,35.70,35.79,34.70
35.70,35.35,35.88,35.17
35.43,36.03,36.25,35.39
36.10,37.11,37.65,36.10
37.10,38.25,38.41,36.93
38.30,38.44,38.61,38.14
38.54,39.21,39.23,38.39
39.12,38.99,39.41,38.84
38.82,39.61,39.75,38.70
39.48,39.76,39.96,39.14
39.48,39.81,39.84,39.17
40.00,41.35,41.84,39.83
41.11,41.40,41.40,40.65
41.80,41.75,41.93,41.48
41.67,42.42,42.52,41.31
42.22,42.04,42.42,41.83
42.39,42.25,42.49,41.69
42.03,43.23,43.37,41.81
43.23,43.24,43.25,42.65
43.23,43.06,43.60,42.97
43.42,43.44,44.54,43.05
43.57,43.67,44.01,43.28
43.77,43.87,44.11,43.54
43.87,43.83,44.08,43.47
43.61,43.34,43.82,43.14
43.51,43.83,44.25,43.35
44.02,44.76,44.98,43.83
44.70,44.69,44.99,44.48
44.64,44.43,44.77,44.10
44.38,44.55,44.67,43.76
44.48,45.44,45.50,44.48
45.50,45.39,45.61,45.13
45.43,45.77,45.79,45.15
45.55,46.42,46.45,45.44
46.31,46.71,46.87,46.20
46.64,45.89,46.97,45.66
45.82,46.64,46.85,45.67
47.09,45.31,47.21,44.81
45.11,45.75,46.03,45.01
45.30,46.43,46.58,45.01
46.47,48.04,48.12,46.47
48.00,48.04,48.64,47.76
47.98,46.47,48.59,46.34
46.79,46.44,47.20,46.24
46.71,47.76,47.95,46.39
47.95,46.52,48.31,46.51
46.77,48.06,48.15,46.64
47.19,46.10,47.37,45.00
45.84,45.15,46.46,44.94
44.62,42.85,45.35,39.75
42.12,41.58,43.86,41.45
44.20,44.77,45.24,44.01
44.54,44.54,45.28,43.95
44.73,45.32,45.35,44.04
45.21,45.14,46.79,45.03
44.82,44.10,44.86,43.14
44.22,43.51,44.48,42.44
43.79,42.92,44.58,42.76
42.65,42.00,43.35,41.30
40.97,39.17,40.99,39.13
38.53,40.10,40.11,38.28
39.55,39.48,40.21,39.00
38.55,39.21,39.28,37.76
39.43,39.91,41.34,39.27
40.93,41.64,41.74,40.77
41.75,41.00,41.86,40.56
40.74,40.21,41.78,40.11
40.36,41.42,41.44,39.83
41.71,42.55,42.75,41.53
41.13,39.86,41.59,39.69
39.92,38.86,40.22,38.76
39.04,39.36,39.51,38.50
39.59,39.25,40.66,39.10
40.26,42.09,42.16,40.09
41.43,42.17,42.80,41.08
42.74,42.02,43.14,41.89
42.16,43.87,43.92,42.14
43.50,43.46,43.80,43.30
43.68,43.59,43.87,42.79
43.66,43.65,44.37,43.47
44.22,44.48,45.41,43.84
44.62,43.02,44.98,42.88
42.99,43.04,43.45,42.32
42.76,42.61,43.32,41.98
42.94,43.16,43.41,42.39
43.03,42.52,43.39,42.29
41.50,40.57,41.74,40.24
40.50,39.87,41.16,39.76
39.87,39.70,40.04,38.60
39.92,39.34,40.01,38.97
39.81,39.16,40.28,38.75
39.20,40.80,40.87,38.74
41.14,41.31,41.39,40.63
41.43,41.84,42.15,41.18
41.67,41.54,41.88,41.05
42.05,43.70,43.91,42.05
43.80,44.00,44.01,43.48
43.86,43.95,44.13,43.12
43.97,41.99,44.02,41.85
42.17,42.37,42.74,41.71
41.49,43.76,43.79,41.39
44.10,44.13,44.97,43.90
44.42,45.81,46.20,44.36
45.65,46.17,46.44,44.93
46.27,47.00,47.48,45.95
47.50,45.62,47.58,44.89
46.00,45.56,46.41,45.06
45.86,45.59,46.28,44.87
44.80,45.82,46.06,44.80
46.54,46.66,47.14,46.22
46.51,45.53,46.72,45.35
45.82,45.75,46.41,45.70
45.45,45.46,45.80,45.20
45.02,45.46,45.56,44.30
45.87,45.83,46.02,45.44
45.18,45.14,45.50,44.61
44.28,43.13,44.44,42.94
42.50,42.37,42.86,42.29
42.07,42.07,42.56,41.54
41.63,42.41,42.62,41.32
42.85,43.78,44.31,42.40
43.58,43.60,43.89,42.87
43.19,42.34,43.56,42.00
42.13,42.18,42.28,41.36
42.58,41.65,42.85,41.46
41.05,40.76,41.25,40.27
40.16,41.06,41.29,39.77
41.16,40.81,41.89,40.76
41.07,42.09,42.37,40.23
41.95,40.93,42.07,40.92
40.56,40.98,41.40,40.21
41.76,43.43,43.51,41.61
43.41,44.40,44.43,43.36
44.97,45.30,45.68,44.95
45.04,44.23,45.26,44.12
44.29,44.74,45.00,44.22
45.34,44.33,45.43,44.13
44.47,44.93,45.46,44.07
45.44,45.44,45.95,45.17
45.19,45.44,45.69,44.87
45.16,45.37,45.51,44.67
45.32,45.30,45.60,45.12
45.53,45.50,45.72,44.93
45.88,46.99,47.10,45.60
46.84,46.85,47.15,46.56
46.72,46.72,47.15,46.40
46.24,46.35,46.87,45.86
47.15,47.69,47.72,46.83
47.42,46.92,47.42,46.60
47.03,47.47,47.62,46.14
47.13,47.60,47.69,46.87
48.15,48.15,48.56,47.47
48.68,48.28,49.07,48.05
48.14,47.57,48.40,47.14
48.32,49.65,50.00,47.91
49.42,49.16,49.99,49.02
49.39,49.23,49.49,48.73
49.33,50.25,50.50,48.96
50.14,50.25,50.53,49.83
50.19,49.86,50.21,49.10
50.14,50.58,51.03,50.04
50.62,50.16,50.95,49.89
50.48,50.47,50.54,49.73
50.30,50.43,50.51,49.96
49.95,49.50,50.05,48.98
49.76,50.80,51.27,49.76
51.13,50.78,51.71,50.38
50.99,50.77,50.99,50.38
51.05,51.05,51.60,50.66
49.50,50.79,51.31,48.37
50.53,50.88,50.93,49.88
51.40,51.20,51.40,50.65
51.00,51.26,51.66,50.79
51.96,52.01,52.91,51.53
52.81,52.95,53.19,52.51
53.22,52.83,53.22,51.91
53.72,55.17,55.18,53.69
55.18,55.25,55.48,54.95
54.78,54.73,55.20,54.21
54.78,53.57,54.87,53.19
53.41,53.95,54.10,52.95
53.04,53.96,54.01,52.80
53.50,52.82,53.50,52.23
53.14,52.81,53.47,52.77
52.30,51.56,52.53,51.02
51.43,51.65,51.97,51.05
52.45,53.43,53.67,52.33
53.36,54.14,54.27,53.09
53.81,53.74,53.88,52.93
52.79,52.79,53.01,52.26
53.27,55.19,55.50,53.19
54.73,54.68,55.00,54.06
54.17,54.17,54.35,53.14
53.38,53.86,54.21,52.81
55.49,55.88,56.65,55.28
55.84,56.21,56.89,55.73
55.93,56.26,56.50,55.51
56.08,55.73,56.31,55.51
56.51,55.82,56.96,55.19
55.86,55.80,56.08,55.50
56.07,56.24,56.28,55.68
56.44,56.71,56.86,56.03
57.00,56.37,57.00,56.14
56.62,57.22,57.45,56.45
56.94,57.15,57.56,56.89
57.13,57.39,57.75,56.91
57.43,56.50,57.45,56.44
56.64,56.73,56.96,55.99
57.26,57.13,57.52,56.91
57.09,57.18,57.31,56.84
56.93,57.11,57.15,56.71
56.93,57.03,57.15,56.40
57.04,57.12,57.35,56.63
57.38,57.49,57.83,57.11
57.46,57.35,57.54,57.15
57.33,57.34,57.52,56.88
58.03,57.84,58.75,57.70
57.80,57.13,57.96,56.22
57.25,57.63,58.00,56.85
57.59,57.48,57.98,57.30
57.73,56.73,57.82,56.05
56.39,57.27,57.45,56.17
57.55,57.45,57.94,57.25
57.94,57.41,58.00,57.20
56.58,56.40,56.90,56.00
56.11,56.38,56.52,56.07
56.66,56.60,57.23,56.22
56.32,55.85,56.45,55.67
55.80,55.20,56.38,54.94
55.72,55.10,56.26,55.01
54.92,55.53,56.04,54.83
56.08,55.83,56.25,55.09
55.87,56.32,56.74,55.64
56.32,56.56,56.88,55.88
56.86,54.82,56.88,54.29
54.84,56.49,56.56,54.84
54.98,51.95,55.00,51.06
51.97,50.66,52.38,50.47
50.55,50.50,50.61,49.70
50.62,50.60,50.94,50.05
50.60,50.97,51.39,50.42
50.91,51.49,51.68,50.70
51.27,50.84,51.28,50.54
50.64,51.47,51.77,50.54
51.62,52.52,52.71,51.22
52.45,52.76,52.98,52.18
52.44,52.54,52.55,52.01
52.68,52.98,53.29,52.48
52.93,52.41,53.05,52.07
52.33,52.65,52.65,52.13
52.22,51.01,52.88,50.91
51.05,49.84,51.20,49.43
49.81,49.91,50.34,49.26
50.30,50.12,50.34,49.80
50.41,50.13,50.72,49.52
50.22,48.99,50.40,48.58
48.85,48.88,49.66,48.53
49.47,50.24,50.54,49.44
50.13,49.20,50.17,48.81
50.05,48.43,50.59,47.88
48.36,48.64,49.23,48.11
48.41,48.59,48.84,47.87
47.95,47.62,48.15,47.04
47.38,48.77,48.96,47.30
48.19,48.43,48.53,47.63
46.69,48.04,48.52,46.50
47.76,47.62,48.02,46.95
48.46,48.21,48.93,47.78
48.71,48.46,49.12,48.29
49.91,50.56,50.79,49.85
50.36,49.26,50.38,48.88
49.10,49.09,49.44,48.38
49.30,49.63,49.96,48.70
49.87,49.86,50.23,49.27
50.05,48.90,50.09,48.77
48.97,50.31,50.50,48.62
50.77,51.89,52.48,50.75
52.01,52.36,52.63,51.86
52.89,53.44,54.17,52.79
53.71,53.09,53.94,52.83
53.88,52.79,53.89,52.35
53.20,52.83,53.36,52.41
52.58,52.79,53.20,52.24
52.78,51.28,53.00,51.09
51.51,50.72,51.64,50.49
50.41,50.31,50.47,49.59
50.54,50.13,50.86,49.72
49.69,50.00,50.11,49.21
50.15,51.43,51.51,49.83
50.55,50.31,50.64,49.40
51.88,52.19,53.04,51.46
53.05,53.64,53.72,52.74
53.80,53.27,53.85,53.14
53.27,52.55,53.50,52.32
53.00,53.96,54.58,52.74
53.84,54.31,54.40,53.29
54.23,53.75,54.58,53.47
53.81,53.11,54.22,52.97
53.44,53.08,53.67,52.77
52.94,53.01,53.36,52.72
53.23,53.28,53.94,53.23
52.87,52.70,53.46,51.91
53.55,53.01,54.00,52.80
52.92,52.99,53.30,52.72
53.34,53.64,53.67,53.14
53.44,53.34,53.65,52.52
53.07,53.26,53.50,52.31
53.24,51.67,53.57,51.53
51.55,50.98,51.81,50.86
50.62,50.15,50.90,49.77
50.16,51.01,51.17,49.77
51.42,51.36,51.53,50.82
51.16,50.55,51.26,50.10
49.75,49.51,49.77,48.98
49.63,49.59,49.83,49.15
49.27,50.19,50.45,49.10
50.02,49.89,50.14,49.51
49.90,49.45,50.00,49.44
49.86,50.00,50.15,49.50
49.97,47.63,50.02,47.59
47.71,47.62,48.31,47.19
46.77,47.37,48.00,46.68
47.15,47.71,47.89,46.83
47.87,48.00,48.30,47.53
47.98,46.90,48.40,46.90
46.89,46.94,47.42,46.87
46.83,45.77,46.83,45.50
45.96,45.50,46.22,45.19
45.99,46.89,47.07,45.96
46.29,45.75,46.68,45.64
45.88,46.12,46.43,45.57
46.87,47.67,48.17,46.42
47.43,47.87,48.10,47.43
48.09,48.95,48.96,47.96
48.84,48.71,49.16,48.63
47.98,49.09,49.28,47.55
49.11,48.46,49.40,48.35
48.24,48.92,49.15,47.71
49.15,49.73,49.76,48.95
49.81,49.95,49.98,49.13
49.97,51.09,51.30,49.65
51.24,52.05,52.17,50.62
52.00,51.97,52.20,51.26
51.97,51.65,52.13,51.38
52.43,53.39,53.68,52.18
52.57,52.25,52.75,51.91
51.74,50.45,51.83,49.99
50.52,50.54,51.18,50.48
51.07,50.26,51.27,50.03
50.37,49.10,50.79,48.94
49.31,49.28,49.56,48.85
49.00,48.39,49.04,48.01
48.80,49.66,49.85,48.56
49.68,49.79,50.46,49.68
49.99,50.15,50.54,49.63
50.12,50.22,50.31,49.35
49.80,50.40,50.74,49.63
46.12,45.02,46.43,44.25
45.11,43.85,45.18,43.56
43.86,43.18,44.32,43.01
43.16,42.81,43.33,42.25
43.28,42.15,43.66,41.81
41.88,40.35,42.16,40.32
40.48,40.09,40.59,38.68
39.49,38.99,39.51,38.44
39.50,39.20,39.89,37.48
38.85,35.72,39.10,35.71
36.41,37.31,37.33,34.48
36.41,35.90,36.86,34.89
36.07,36.69,37.16,35.69
36.83,36.84,37.25,36.29
37.09,38.08,38.24,36.91
37.31,37.68,38.16,37.13
37.80,37.26,38.54,36.60
36.24,34.88,36.37,34.58
34.34,34.02,35.58,33.82
34.78,34.19,35.00,33.63
34.43,35.88,35.88,34.00
35.73,36.43,36.48,35.26
36.65,35.36,36.89,35.21
35.30,35.80,36.11,34.38
36.32,38.00,38.02,36.08
37.75,38.12,38.61,37.38
38.25,37.63,39.10,37.01
37.79,36.96,38.06,36.82
36.21,35.67,36.28,35.29
34.32,35.47,35.76,34.29
36.17,36.82,36.99,35.94
36.55,36.52,37.14,36.29
36.13,35.38,36.18,34.99
34.77,35.57,35.61,34.46
35.55,36.06,36.60,35.47
36.45,37.13,37.65,35.76
37.69,38.38,38.81,37.60
38.57,38.10,39.38,37.61
37.47,37.65,37.91,36.84
37.92,37.16,38.12,37.07
37.02,35.44,37.50,35.43
34.27,33.42,34.63,33.14
33.17,34.06,34.34,33.00
34.36,34.98,35.06,33.52
35.75,36.22,37.28,35.69
36.35,35.06,36.51,34.89
35.80,35.69,36.20,34.85
35.10,33.82,35.33,33.55
33.51,32.63,33.99,32.59
32.08,34.41,34.46,31.57
34.55,35.60,35.67,34.11
35.74,36.52,36.52,35.24
36.65,36.18,36.87,35.65
36.70,37.38,37.40,36.11
37.28,38.03,38.09,37.11
38.48,38.89,39.18,37.98
38.62,38.79,38.96,37.90
39.50,39.84,40.09,38.70
39.85,38.67,39.85,38.44
38.82,40.33,40.51,38.28
40.20,40.09,40.72,39.77
40.27,40.01,40.46,38.85
40.64,40.76,41.19,40.19
41.04,42.38,42.67,40.79
43.35,41.48,43.39,40.70
42.26,41.51,42.47,40.63
42.98,43.89,44.34,42.21
43.74,44.19,44.21,43.45
43.53,43.24,44.17,43.00
41.92,42.20,43.03,41.50
42.86,42.77,43.43,42.35
43.09,43.84,44.02,42.29
43.39,43.56,43.71,42.70
43.55,43.48,43.85,42.62
43.70,43.99,44.11,43.18
42.79,41.80,42.82,41.47
42.45,41.85,42.66,41.51
42.34,42.66,43.16,42.34
42.62,41.30,42.66,40.85
41.27,41.22,41.44,40.11
40.57,40.29,41.19,40.25
40.39,39.41,40.65,39.17
39.42,39.16,39.69,38.94
38.30,38.39,38.57,37.82
38.10,37.87,38.35,37.24
37.53,37.05,37.55,36.87
37.04,37.28,38.13,36.84
38.60,38.52,39.18,38.18
38.55,38.32,39.12,38.16
39.76,40.57,40.74,39.74
40.49,40.35,41.21,40.20
40.87,40.34,41.29,40.28
41.10,40.54,41.14,40.19
40.71,40.36,40.83,40.12
40.20,39.77,40.23,39.17
39.56,38.74,40.09,38.64
39.11,40.10,40.26,39.01
39.77,38.68,39.79,37.79
38.90,37.60,39.44,37.26
37.30,37.28,37.57,36.55
36.92,36.38,37.22,36.31
36.72,36.22,37.30,36.11
36.54,35.48,36.78,35.38
36.19,37.29,37.51,36.02
37.31,37.05,37.50,36.47
37.08,37.55,37.70,37.08
37.81,37.98,37.98,37.48
37.92,37.97,38.17,37.65
37.82,36.83,37.93,36.69
37.06,37.46,37.50,36.85
37.41,37.47,37.84,37.25
38.57,38.80,39.38,38.36
38.76,38.65,39.00,38.41
38.94,40.36,40.63,38.75
40.55,40.14,40.57,39.95
40.28,40.62,40.72,40.04
41.12,42.05,42.18,41.12
42.08,42.19,42.37,41.90
42.47,42.31,42.81,41.82
42.12,42.44,42.50,41.80
43.00,42.90,43.60,42.74
42.96,43.01,43.27,42.38
43.23,43.91,44.16,42.91
44.00,43.90,44.00,43.52
43.85,44.29,44.53,43.70
44.02,45.00,45.01,43.48
45.14,45.55,45.67,44.48
46.19,44.55,46.19,44.45
44.32,44.59,44.92,44.15
44.11,44.18,44.60,43.86
46.00,44.20,46.63,43.75
45.18,44.10,45.18,43.83
43.95,43.24,44.20,42.76
43.80,44.25,44.47,43.72
44.29,43.81,44.32,43.65
43.62,43.87,43.97,43.49
43.81,43.79,43.95,43.35
43.93,43.76,43.95,43.40
43.30,43.27,43.38,42.61
43.59,44.04,44.09,43.24
43.66,43.42,43.81,43.00
43.47,44.34,44.83,43.13
45.09,46.51,47.00,44.82
46.57,46.18,46.64,45.75
46.42,46.20,46.56,45.81
46.19,45.76,46.21,45.58
45.52,45.89,46.16,45.05
46.08,45.84,46.61,45.75
45.49,46.26,46.37,44.93
46.36,46.51,46.58,46.06
46.62,46.01,46.66,45.73
46.25,46.03,46.61,45.80
45.87,44.91,45.94,44.69
44.86,45.01,45.09,44.40
44.61,44.14,44.73,43.87
44.20,44.63,44.93,44.18
45.11,45.27,45.73,45.01
45.32,45.85,46.12,45.16
45.85,45.89,46.06,45.44
46.22,47.12,47.15,46.06
46.99,47.35,47.79,46.92
47.42,47.75,47.84,46.83
47.65,47.37,48.00,47.28
47.17,47.34,47.76,47.08
47.12,46.90,47.14,46.37
46.82,46.80,46.97,46.42
46.38,46.22,46.53,45.59
46.42,46.45,46.60,45.63
46.97,47.53,47.55,46.84
47.98,47.35,47.99,47.30
47.28,46.61,47.49,46.04
46.38,46.85,46.93,46.00
47.35,46.83,47.35,46.49
46.71,47.14,47.37,46.25
47.06,46.65,48.22,46.31
46.14,45.91,46.21,45.57
45.61,45.96,46.22,45.61
45.29,44.58,45.29,44.49
44.56,43.63,44.56,43.40
44.14,42.45,44.27,41.65
42.44,43.29,43.47,42.24
43.06,42.75,43.15,42.65
42.87,43.06,43.29,42.58
43.35,43.54,43.93,42.85
43.23,42.69,43.23,42.54
42.56,42.51,43.52,42.18
42.63,42.22,42.93,42.14
41.75,41.95,42.02,41.06
42.96,42.23,43.14,41.83
42.78,42.58,42.83,42.23
42.52,43.12,43.28,42.33
43.43,43.73,43.88,43.19
43.56,42.95,43.65,42.62
42.93,42.45,43.18,42.22
42.20,43.06,43.13,42.04
42.86,41.99,42.86,41.86
41.55,41.08,41.91,40.77
41.10,41.05,41.33,40.73
40.71,41.11,41.16,40.40
40.45,40.48,41.01,40.23
40.91,39.45,41.25,38.46
39.06,39.36,40.27,38.49
38.83,39.39,39.84,38.74
39.27,38.95,39.62,38.87
38.95,38.87,39.52,38.66
38.75,37.90,38.92,37.64
38.01,37.59,38.11,37.50
37.66,38.51,38.66,37.61
38.61,38.63,38.90,38.32
38.18,38.90,39.02,37.84
39.00,38.50,39.04,38.06
38.58,38.35,38.71,38.26
38.70,39.05,39.44,38.57
38.59,37.84,38.69,37.57
37.78,37.57,38.01,37.00
36.87,36.49,37.05,36.33
36.41,35.93,36.79,35.55
35.93,36.62,36.81,35.77
36.96,37.84,37.88,36.93
38.07,37.78,38.81,37.73
37.64,38.62,38.72,37.42
39.00,37.98,39.03,37.88
38.18,39.44,39.59,37.92
39.42,38.67,39.48,38.47
38.63,39.01,39.25,38.32
39.36,39.40,39.54,38.93
39.21,39.42,39.59,39.04
39.51,40.29,40.64,39.51
40.31,40.00,40.44,39.74
40.10,38.39,40.30,38.31
38.64,38.45,38.73,38.00
37.91,37.48,38.10,37.14
37.48,37.63,37.81,37.00
37.83,37.67,38.23,37.60
37.39,37.65,37.90,37.09
38.55,39.19,39.19,38.19
39.31,38.31,39.40,38.06
38.32,38.81,38.81,38.19
38.53,38.37,38.83,37.93
38.04,37.76,38.17,37.20
37.67,37.41,37.99,37.11
37.81,36.28,38.22,35.80
36.17,35.91,36.34,35.74
35.65,36.12,36.36,35.21
36.15,37.22,37.39,36.13
37.03,36.70,37.18,36.43
36.43,36.58,36.90,35.85
36.28,37.61,37.99,36.23
37.69,37.74,38.21,37.51
37.60,37.22,37.82,37.03
36.36,37.77,38.00,35.44
39.50,37.98,40.73,37.61
38.16,37.68,38.81,37.53
38.36,38.63,38.86,38.11
39.38,40.80,41.05,39.14
40.80,40.45,41.00,40.22
40.50,40.01,40.61,39.85
40.30,39.89,40.61,39.84
39.63,38.57,39.81,37.67
39.38,39.72,40.14,39.23
39.96,40.04,40.46,39.90
40.32,40.54,40.92,40.18
40.49,40.54,40.67,40.06
40.38,40.81,41.06,40.38
40.63,41.34,41.34,40.36
41.14,41.23,41.29,40.63
41.41,41.10,41.54,40.94
40.67,41.09,41.26,40.63
41.24,41.72,41.94,41.21
41.89,41.88,41.94,41.39
41.59,41.24,41.66,41.10
41.20,41.17,41.81,40.97
41.13,40.52,41.20,40.32
40.41,40.03,40.87,39.98
40.00,40.27,40.82,39.87
40.32,39.84,40.44,39.75
39.79,39.63,40.16,39.51
39.57,39.69,39.84,39.32
39.43,39.38,39.61,39.22
39.68,39.91,40.26,39.40
39.78,39.15,39.95,38.76
39.30,39.22,39.86,38.96
39.62,41.01,41.01,39.61
41.35,41.71,41.99,41.22
41.69,41.53,41.90,41.18
41.41,41.71,41.89,41.41
40.63,41.44,41.85,40.57
41.44,41.82,42.42,40.61
41.86,43.05,43.38,41.71
42.96,42.58,43.00,42.40
42.48,42.13,42.60,41.97
42.19,42.28,42.49,41.93
41.91,41.96,42.08,41.43
42.01,41.48,42.20,41.46
41.39,41.42,41.59,41.13
41.60,40.55,41.60,40.47
39.84,39.90,40.29,39.43
39.97,40.15,40.45,39.76
39.94,40.02,40.20,39.60
40.20,40.60,40.83,40.05
40.75,40.81,40.98,40.40
40.75,41.00,41.11,40.57
41.07,41.63,41.68,40.41
42.00,41.39,42.08,41.18
41.12,41.42,41.67,41.08
41.61,40.89,41.63,40.87
40.00,39.98,40.33,39.52
40.40,39.90,40.40,39.83
40.15,40.15,40.55,39.99
40.43,40.28,40.50,40.04
40.55,40.84,40.95,40.54
40.86,40.91,40.97,40.63
40.84,40.84,40.98,40.65
40.89,40.41,40.89,40.21
40.43,41.10,41.17,40.20
40.46,40.51,40.55,40.02
40.58,39.57,40.64,39.55
42.17,42.78,43.06,41.04
43.00,43.34,43.50,42.63
43.50,43.37,43.51,42.89
43.50,45.32,45.56,43.21
45.35,45.01,45.68,44.31
44.80,45.05,45.27,44.67
45.07,45.12,45.54,45.04
44.69,43.61,45.07,43.59
43.49,43.21,44.00,43.14
43.30,43.01,43.52,42.96
43.22,43.04,43.30,42.83
42.67,42.79,43.47,42.58
42.88,41.57,42.99,41.48
41.61,41.78,41.95,41.17
41.75,41.84,42.07,41.36
42.34,42.33,42.52,41.96
42.08,42.36,42.47,41.98
42.36,42.55,42.83,42.06
42.79,43.05,43.21,42.32
42.94,43.27,43.41,42.85
43.05,43.17,43.69,43.01
42.85,44.14,44.15,42.84
44.27,44.18,44.49,44.02
44.22,43.94,44.27,43.80
44.11,43.48,44.25,43.33
43.59,43.43,43.91,42.87
43.54,44.04,44.54,43.32
44.02,43.29,44.05,43.29
43.59,43.84,43.91,43.45
43.79,44.51,44.56,43.74
44.88,45.25,45.34,44.61
44.57,44.64,45.13,44.41
44.63,43.90,44.81,43.84
44.01,43.91,44.45,43.86
44.17,44.31,44.35,43.84
44.45,44.98,45.00,44.29
44.90,44.94,45.44,44.67
45.04,44.98,45.04,44.55
43.89,44.84,44.87,43.67
44.91,44.67,44.95,44.34
44.71,44.77,45.15,44.70
44.78,44.62,44.89,43.78
44.25,44.43,44.84,44.15
44.34,45.21,45.21,44.22
46.22,46.54,47.16,46.16
45.96,46.33,46.85,45.96
46.58,46.80,46.96,46.37
46.49,46.29,46.65,46.18
46.14,45.89,46.16,45.49
45.57,45.63,45.79,45.42
45.92,46.01,46.04,45.48
46.06,46.03,46.41,45.62
46.03,46.19,46.22,45.71
45.78,46.10,46.17,45.60
45.90,45.74,45.98,45.52
45.73,46.45,46.59,45.73
46.35,46.37,46.49,45.88
46.16,46.47,46.50,46.13
46.56,46.19,46.70,46.00
46.46,47.77,48.50,46.23
47.86,48.23,48.29,47.73
48.41,48.17,48.64,48.11
48.28,48.55,48.65,47.78
48.18,48.15,48.57,47.95
47.79,47.06,48.75,46.94
47.52,47.55,47.91,47.31
47.36,46.97,47.94,46.86
47.41,47.60,47.82,47.09
47.38,47.81,48.32,47.37
47.03,47.16,47.59,46.51
47.41,47.50,47.77,47.11
47.63,47.79,47.81,47.27
47.98,47.93,48.07,47.72
48.01,48.04,48.15,47.53
47.81,48.17,48.19,47.44
48.06,48.09,48.32,47.88
48.26,48.46,48.70,48.10
48.42,47.32,48.43,47.20
47.14,46.69,47.20,46.27
46.89,46.86,47.16,46.67
47.18,46.20,47.34,46.18
46.39,46.58,46.74,45.81
46.54,47.44,47.69,46.51
47.46,47.45,48.02,47.39
47.23,46.97,47.34,46.65
46.90,46.84,46.91,45.87
47.28,48.36,48.64,47.28
48.50,48.48,49.14,48.31
48.74,49.40,49.74,48.68
49.71,50.46,50.46,49.50
50.28,50.87,50.94,50.28
50.71,50.20,50.94,49.84
50.48,50.71,50.80,49.92
50.75,51.08,51.14,50.60
50.82,50.96,51.38,50.73
50.29,50.32,50.72,49.28
50.32,49.95,50.67,49.75
50.49,50.00,50.53,49.79
49.61,49.61,49.80,48.96
49.86,50.04,50.06,49.76
50.20,49.45,50.20,49.18
49.72,50.15,50.22,49.54
49.76,50.13,50.21,49.54
50.05,50.56,50.65,50.02
50.56,49.91,50.79,49.65
50.13,50.23,50.53,49.91
50.15,48.62,50.23,48.33
48.63,48.39,48.95,48.08
47.56,48.19,48.28,47.28
48.15,48.21,48.32,47.70
48.37,49.00,49.19,48.25
49.14,50.15,50.21,49.07
50.33,50.55,50.86,50.12
50.56,50.23,50.56,49.60
49.89,48.01,50.03,47.94
48.38,48.65,48.92,48.11
48.08,47.57,48.24,47.12
47.62,47.38,47.92,47.16
47.29,48.20,48.43,47.24
48.56,49.04,49.19,47.96
48.80,48.76,49.05,47.79
48.67,48.99,49.47,48.67
49.34,49.82,50.15,49.11
49.83,49.52,50.06,49.30
49.59,49.83,50.03,49.53
49.28,49.78,49.78,48.97
49.53,49.53,49.72,49.36
49.67,50.89,51.21,49.58
51.63,52.54,53.12,51.57
51.20,51.97,52.34,50.01
52.00,52.47,52.47,51.93
52.30,53.19,53.37,52.19
52.93,52.69,53.41,52.51
52.73,52.61,52.91,52.46
52.27,52.43,52.70,52.19
52.41,52.91,53.11,52.31
52.39,53.20,53.32,51.81
52.92,52.77,53.45,52.62
53.24,54.54,54.69,53.10
54.20,54.56,54.79,54.18
54.55,54.63,54.86,54.26
54.78,54.12,55.05,53.76
53.67,53.96,54.24,53.61
53.33,53.35,53.53,52.83
54.01,53.97,54.56,53.66
53.56,53.97,54.27,53.38
53.95,54.17,54.66,53.93
53.99,53.60,54.55,53.48
53.89,53.72,54.02,52.18
53.69,53.83,53.99,52.76
53.82,52.78,53.91,52.72
52.96,53.34,53.35,52.45
53.72,54.35,54.43,53.42
54.55,54.09,54.64,53.77
53.34,53.34,54.01,53.11
53.76,52.65,53.86,52.59
52.44,53.90,54.13,52.33
53.68,53.22,54.06,53.22
53.53,53.86,54.22,53.43
53.93,54.51,54.65,53.79
54.41,53.82,54.59,53.82
53.14,52.21,53.26,52.02
52.65,52.33,52.68,51.70
51.93,51.14,51.97,51.13
51.69,51.88,52.05,51.39
52.48,52.63,52.84,52.15
52.96,53.63,53.72,52.86
53.28,53.66,53.95,53.23
53.66,54.25,54.32,53.65
54.26,53.93,54.54,53.51
52.85,53.47,53.61,52.59
53.92,54.37,54.38,53.32
54.74,54.59,54.89,54.45
55.00,54.96,55.27,54.65
54.76,54.77,55.18,54.49
55.49,56.82,56.91,55.30
56.78,56.65,56.90,56.31
56.81,57.16,57.34,56.67
57.25,56.75,57.41,56.56
56.81,56.96,57.18,56.55
56.75,57.54,57.78,56.72
57.81,57.63,57.93,57.32
58.41,57.81,58.57,57.68
59.53,57.25,60.00,57.02
55.73,56.20,56.50,55.63
56.21,56.13,56.42,55.71
55.63,56.10,56.31,55.52
56.05,56.05,56.34,55.79
56.52,56.36,56.89,56.10
56.60,56.27,56.71,56.23
56.75,56.82,57.13,56.54
56.53,56.94,57.08,56.23
56.65,56.38,56.89,56.26
56.10,56.13,56.23,55.64
55.90,55.70,56.00,55.28
56.10,56.01,56.28,55.58
55.78,55.93,56.05,55.45
55.58,56.36,56.49,55.40
56.32,56.39,56.60,56.01
56.20,55.78,56.22,55.57
55.18,54.84,55.22,54.48
54.65,54.74,55.17,54.52
54.77,54.41,54.96,54.34
54.44,54.83,55.04,54.12
54.43,54.23,54.84,53.95
54.29,55.24,55.40,54.26
55.42,55.21,55.47,54.60
55.05,54.81,55.40,54.73
54.19,53.56,54.27,53.41
53.60,53.96,54.42,53.39
53.71,54.00,54.46,53.65
53.93,53.61,54.06,53.41
54.53,53.56,54.81,53.21
53.37,54.09,54.28,53.07
54.08,54.60,54.90,53.94
53.94,54.24,54.97,53.57
54.49,55.13,55.33,54.24
55.58,55.98,56.22,55.49
55.99,56.07,56.15,55.64
55.94,55.98,56.12,55.71
55.93,56.28,56.31,55.92
57.11,56.97,57.25,56.90
56.92,56.97,57.16,56.58
56.87,57.69,57.88,56.61
57.96,58.05,58.31,57.77
58.20,57.65,58.42,57.42
57.15,57.32,57.63,57.05
57.42,56.77,57.56,56.55
56.63,56.41,56.89,56.19
56.65,56.44,56.78,56.16
56.03,55.80,56.04,55.57
55.39,55.66,55.71,54.87
55.62,55.74,56.17,55.40
55.23,55.72,55.73,55.04
55.81,55.36,56.13,55.11
55.53,55.52,55.64,55.14
54.91,54.92,55.45,54.64
54.79,54.07,55.03,54.03
54.16,54.24,54.49,53.67
54.75,55.71,55.80,54.70
55.29,56.20,56.27,55.28
55.79,56.58,56.73,55.70
56.19,55.96,56.62,55.81
56.60,56.95,57.00,55.96
56.67,57.44,57.50,56.36
57.50,57.56,57.74,57.28
57.43,57.66,57.70,57.14
58.00,58.41,58.60,57.73
57.97,58.20,58.39,57.78
58.41,58.47,58.52,57.86
58.64,58.55,58.64,57.67
58.40,58.21,58.77,57.96
57.07,56.63,57.48,55.44
56.38,55.57,56.73,55.29
55.72,55.60,55.92,55.32
55.78,56.22,56.27,55.38
56.41,56.57,56.59,56.11
56.13,57.25,57.83,55.90
57.70,56.89,57.70,56.75
56.97,56.04,57.16,55.93
56.01,56.84,56.84,55.91
56.85,57.00,57.09,56.64
57.01,56.81,57.44,56.42
56.04,56.59,56.59,56.04
56.80,57.00,57.03,56.46
57.04,57.00,57.21,56.84
57.04,56.38,57.34,56.30
56.07,55.56,56.50,55.50
55.85,55.25,55.85,55.03
55.52,56.31,56.40,55.20
56.44,56.64,56.65,56.20
56.65,56.73,56.92,56.46
56.92,56.95,57.14,56.76
57.04,57.28,57.35,56.85
57.43,57.31,57.60,57.18
57.20,57.13,57.45,57.02
56.86,56.30,57.18,55.79
55.74,55.53,56.36,55.01
55.58,55.60,55.99,55.37
56.79,56.95,57.01,56.02
57.22,56.87,57.38,56.73
56.80,57.10,57.26,56.64
56.99,56.10,57.32,56.01
55.99,56.04,56.77,55.94
56.36,56.16,56.57,56.14
56.47,57.31,57.59,56.47
57.30,57.85,58.03,57.09
57.07,57.73,57.75,56.06
57.47,57.29,57.73,56.98
57.34,57.62,57.84,57.10
57.68,57.83,58.22,57.59
58.07,58.14,58.30,57.64
58.26,58.72,58.89,58.19
58.61,58.47,58.81,58.37
58.46,58.84,58.99,58.46
59.15,59.17,59.35,58.81
58.94,58.51,59.00,58.22
58.61,58.63,59.04,58.29
59.67,59.16,60.17,58.91
59.15,59.12,59.37,58.80
59.12,58.97,59.24,58.43
59.09,59.00,59.24,58.24
59.12,59.19,59.20,58.49
58.86,58.40,59.27,58.18
58.47,58.62,58.74,58.04
58.70,58.89,59.32,58.37
59.00,59.25,59.25,58.70
59.18,59.53,59.73,59.00
59.83,59.35,60.00,58.98
59.38,58.98,59.61,58.91
58.35,58.25,58.82,58.20
57.94,56.24,57.94,56.21
56.07,56.55,57.25,55.64
56.59,56.80,57.13,56.05
56.20,56.54,57.28,55.88
57.06,57.45,57.75,56.35
55.34,56.00,57.00,55.12
55.67,54.00,57.50,53.85
54.47,55.06,55.36,53.59
56.02,56.90,56.97,55.45
56.81,58.63,58.84,56.72
58.78,59.15,59.58,58.59
58.93,58.49,59.08,58.23
58.46,59.19,59.47,58.37
59.29,59.23,59.74,58.99
58.76,59.85,59.90,58.35
59.48,61.54,61.67,59.47
61.75,62.29,62.79,61.70
62.00,61.81,62.59,61.68
61.95,62.00,62.29,61.65
64.94,62.37,65.09,61.84
62.70,64.19,65.36,62.53
63.92,64.66,64.82,63.46
64.94,64.45,65.13,64.10
65.49,64.99,65.50,64.20
65.29,65.84,66.46,64.81
65.03,65.08,65.46,64.70
65.90,65.91,66.15,65.35
65.88,65.31,66.38,65.05
65.69,65.89,65.95,65.38
65.92,65.93,66.44,65.62
65.65,65.56,65.97,65.07
65.15,65.78,66.49,65.15
65.39,66.35,66.39,65.17
66.63,65.30,66.63,64.81
64.99,65.00,65.58,64.81
65.67,66.51,66.92,65.58
66.48,67.25,67.41,66.17
67.03,66.69,67.38,66.03
66.24,66.94,67.18,66.11
67.68,67.39,68.11,66.93
67.51,66.63,67.58,65.98
68.44,67.65,68.81,67.06
67.82,66.52,68.21,66.50
66.52,65.92,66.67,65.59
66.13,66.56,67.09,65.98
67.03,67.44,68.37,66.83
68.00,67.81,68.10,67.46
68.02,68.27,68.37,67.78
68.14,67.41,68.25,67.16
68.11,65.73,68.38,65.43
65.75,64.86,65.91,64.52
64.81,65.57,65.96,64.58
66.04,66.69,67.06,65.67
66.60,64.96,66.69,64.76
64.88,64.13,65.27,63.86
64.65,64.29,64.98,63.88
64.50,64.55,65.07,63.48
65.57,65.68,65.92,64.66
65.54,65.38,65.86,65.19
65.53,65.89,66.03,65.18
65.81,65.87,66.25,65.64
65.95,66.02,66.29,65.76
66.07,66.29,66.76,66.07
65.27,65.66,66.39,65.27
66.17,65.81,66.78,64.80
63.52,63.50,64.95,63.04
63.34,63.98,64.01,62.82
63.73,64.09,64.43,63.70
64.46,63.29,64.52,63.15
62.66,63.38,63.69,62.52
63.08,62.74,63.48,62.56
62.70,62.88,63.18,62.17
63.51,63.00,63.66,62.40
63.02,62.57,63.16,62.25
63.09,63.82,63.88,62.88
63.72,63.39,63.96,63.23
63.25,62.10,63.36,61.89
62.00,61.21,62.00,60.44
61.34,61.38,61.44,60.21
61.37,62.15,62.20,61.06
61.82,61.41,62.17,61.11
61.68,62.18,62.30,61.50
62.07,62.33,62.65,61.94
62.57,62.95,63.00,62.23
63.59,64.02,64.74,63.25
64.02,63.86,64.13,63.60
63.86,63.42,63.88,63.19
63.59,63.36,63.59,63.06
63.37,63.20,63.57,62.63
63.42,63.37,64.03,62.59
63.15,63.30,63.59,63.04
63.61,63.95,64.09,63.21
64.35,64.68,65.13,64.00
64.45,64.95,65.59,64.31
64.75,64.48,65.01,64.40
64.16,63.94,64.20,63.68
63.92,62.91,63.92,62.69
62.97,63.29,63.45,62.73
63.08,63.33,63.45,62.64
63.04,63.52,63.71,62.77
63.47,63.80,63.97,63.05
63.97,64.23,64.36,63.56
64.45,64.38,64.59,64.03
64.28,64.03,64.65,63.93
63.75,63.66,64.53,63.53
63.23,63.77,63.93,63.16
63.94,63.30,63.94,62.84
63.24,62.90,63.54,62.83
62.99,62.83,63.15,62.61
63.43,63.46,63.63,63.07
63.49,63.78,64.35,63.49
66.60,67.25,67.64,66.51
67.00,65.96,67.15,65.93
65.64,65.65,66.08,65.38
65.91,65.53,66.15,65.31
64.67,64.97,65.60,64.33
64.42,65.60,65.66,64.42
66.20,65.93,66.32,65.61
65.94,65.73,66.28,65.41
65.93,66.25,66.35,65.81
65.68,65.43,66.40,65.26
65.79,65.95,66.04,65.27
66.00,65.72,66.02,65.37
66.23,66.01,66.61,65.92
66.18,65.91,66.29,65.52
65.88,65.55,65.99,65.48
65.29,65.04,65.31,64.75
64.98,64.81,65.17,64.03
65.39,63.50,66.40,63.39
63.89,63.89,64.33,63.02
63.52,62.27,63.70,62.20
62.00,61.47,62.44,61.16
61.46,61.85,62.05,60.97
62.40,61.39,62.75,61.09
60.85,60.94,62.39,60.69
61.38,60.78,61.65,60.51
61.00,61.87,61.99,60.90
62.06,61.90,62.40,61.67
61.77,61.72,62.35,61.41
60.81,61.98,62.02,60.81
62.14,62.32,62.34,62.00
62.92,62.19,62.92,61.75
62.73,63.45,63.47,62.21
63.51,63.55,63.77,63.33
63.66,64.30,64.45,63.60
64.33,63.32,64.40,63.26
63.38,62.75,63.38,62.40
63.11,63.16,63.32,62.85
63.33,62.73,63.36,62.71
63.06,62.67,63.06,62.44
62.91,62.69,62.91,62.04
63.05,62.81,63.05,62.59
63.10,62.74,63.10,62.44
63.12,62.29,63.22,62.18
62.49,62.32,63.03,62.11
62.20,61.61,62.24,61.39
61.23,61.47,61.80,61.15
61.15,60.82,61.50,60.80
60.83,60.55,60.98,60.00
60.13,60.67,60.74,60.11
60.67,60.14,60.81,59.84
60.09,59.54,60.22,59.41
59.44,59.20,59.50,58.65
59.38,59.65,60.04,59.12
59.78,60.08,60.16,59.53
60.17,59.78,60.53,59.63
59.45,59.29,59.61,58.72
59.24,58.45,59.24,58.40
58.78,58.64,58.93,58.15
58.32,57.73,58.55,57.59
57.60,57.57,57.91,57.42
56.87,57.20,57.31,56.61
57.11,56.88,57.42,56.74
56.71,56.21,56.83,56.01
56.16,57.06,57.44,56.10
57.20,57.91,58.06,57.20
58.06,58.31,58.53,57.98
57.96,56.77,58.11,56.75
56.68,58.75,58.83,56.39
57.49,57.40,58.91,57.17
57.22,56.48,57.68,56.46
56.52,55.59,56.95,55.55
56.15,57.07,57.71,56.02
56.38,57.07,57.39,55.34
56.34,58.05,58.38,56.00
58.49,58.40,59.16,58.14
58.18,57.92,58.45,57.52
58.24,59.40,59.46,58.09
59.54,59.35,59.67,58.99
60.03,60.58,60.82,59.81
60.83,61.40,61.49,60.43
60.90,61.29,61.42,60.52
62.61,62.95,63.27,61.96
62.97,63.35,64.09,62.83
60.42,63.85,63.98,60.42
66.21,65.32,66.21,64.26
65.20,65.39,65.88,64.90
64.95,65.39,65.60,64.91
66.45,65.95,67.12,65.79
66.04,66.57,66.74,65.82
66.86,66.95,66.99,66.29
67.00,66.83,67.00,66.49
66.70,66.52,66.87,66.20
66.16,66.90,67.05,65.80
67.05,66.45,67.15,66.28
66.68,66.63,66.87,66.37
66.64,66.56,66.72,66.29
66.46,66.54,66.94,66.38
66.52,66.43,66.63,65.95
65.75,66.49,66.51,65.47
67.43,66.98,67.62,66.83
67.29,67.34,67.56,66.96
67.55,67.94,68.04,67.29
67.84,67.36,67.99,67.12
67.52,67.02,67.59,66.71
67.03,67.49,67.80,66.60
67.69,68.24,68.29,67.56
68.87,70.76,70.82,68.35
71.15,70.23,71.15,70.06
70.04,70.25,70.71,69.92
70.00,69.61,70.69,69.29
69.00,70.52,70.77,68.83
70.52,68.31,70.52,68.25
68.78,69.45,69.79,68.37
68.64,67.70,68.99,67.70
68.40,67.51,68.57,66.73
67.46,67.72,68.89,66.93
66.52,68.00,68.14,66.22
68.94,69.54,69.54,68.40
69.48,69.24,70.00,69.19
69.28,69.19,69.55,69.01
69.50,69.45,70.27,69.31
69.70,69.42,69.76,69.35
69.52,69.13,69.77,69.11
68.99,69.60,69.90,68.80
69.30,68.80,69.47,68.75
69.32,68.01,69.45,68.00
68.22,68.15,68.87,67.44
67.69,65.86,68.14,65.75
66.11,65.95,66.63,64.83
66.45,66.83,66.84,65.76
67.45,67.71,67.75,66.89
67.74,65.23,67.97,65.00
66.39,65.83,66.63,65.01
66.42,65.36,67.25,64.55
64.64,64.75,65.24,63.91
64.99,63.36,65.42,63.32
63.25,64.50,64.57,63.08
64.76,64.48,64.90,63.97
64.08,65.10,65.28,63.93
64.80,64.67,65.42,63.92
64.72,64.55,65.05,64.33
64.30,65.21,65.23,64.28
64.18,64.12,64.49,63.51
64.55,63.44,64.96,63.26
63.69,64.05,64.32,63.37
62.20,60.11,62.25,59.99
60.41,61.41,61.48,59.33
62.19,62.75,63.07,61.89
62.39,62.46,62.97,62.09
62.97,62.25,63.34,61.85
62.52,62.75,63.28,62.44
62.44,63.16,63.35,62.42
63.09,63.16,63.72,62.80
62.78,62.84,63.20,62.22
63.10,63.24,63.29,62.62
63.45,64.22,64.49,63.33
64.33,64.46,64.66,63.97
64.20,64.50,64.73,64.20
64.33,64.50,64.99,64.00
64.45,64.59,64.60,63.53
64.51,63.91,64.68,63.63
63.76,63.79,64.19,63.61
64.03,64.61,64.67,63.88
64.72,64.65,65.08,64.36
64.65,64.05,64.79,63.93
64.26,64.91,65.23,64.12
64.57,64.54,64.99,64.34
64.00,62.71,64.46,62.59
62.22,62.45,62.83,62.13
62.18,61.66,62.52,61.51
61.66,62.26,62.36,61.65
61.48,60.50,61.72,60.50
60.40,60.99,61.08,60.28
61.42,62.36,62.42,61.35
62.04,61.73,62.43,61.06
62.12,62.53,62.70,62.12
62.43,62.57,62.79,62.15
62.25,63.74,63.94,61.89
63.49,62.59,63.73,62.50
63.07,63.61,63.84,62.58
63.98,63.75,64.26,63.56
64.03,64.11,64.35,63.75
64.06,62.63,64.16,62.61
62.60,62.32,63.17,62.16
62.00,62.17,62.26,61.51
62.48,63.45,63.60,62.24
63.13,63.14,63.60,62.98
63.01,61.90,63.15,61.69
61.90,61.20,62.28,60.78
60.68,62.05,62.39,60.50
61.96,62.15,62.31,61.74
62.35,62.76,62.77,62.07
62.47,63.19,63.23,62.47
63.18,63.24,63.58,63.06
63.13,62.80,63.36,62.66
62.58,63.28,63.50,62.35
63.45,64.19,64.52,63.20
64.03,63.95,64.24,63.62
63.27,62.77,63.48,62.37
63.45,63.88,64.12,63.29
65.88,66.72,66.86,64.10
67.26,67.41,68.44,66.83
67.26,66.49,67.39,66.46
66.66,66.14,66.72,66.00
66.59,66.49,66.87,66.21
66.16,66.90,66.94,66.01
66.91,66.26,67.00,65.95
65.79,65.35,66.21,64.97
65.40,65.57,65.81,65.23
65.80,66.06,66.47,65.80
65.73,65.13,66.09,65.02
65.45,64.82,65.46,64.38
64.82,65.69,65.85,64.31
66.25,66.49,66.69,66.01
66.33,66.75,67.02,66.15
66.44,66.10,66.56,65.70
66.08,66.57,66.74,65.94
67.03,66.82,67.17,66.61
66.92,66.45,66.95,65.90
66.12,65.77,66.64,65.36
65.76,65.54,65.98,65.07
65.46,65.39,65.70,65.09
65.26,65.54,65.68,65.09
65.47,65.77,65.99,65.40
65.72,65.41,65.75,64.80
65.63,66.20,66.74,65.43
66.17,65.17,66.20,64.96
64.91,63.56,65.19,63.42
64.23,64.06,64.57,63.19
64.00,64.59,64.86,63.76
64.72,64.49,65.07,64.29
64.07,63.82,64.34,63.59
63.68,63.53,63.90,63.16
63.48,63.35,63.72,63.35
63.41,63.76,64.38,63.38
64.00,65.04,65.25,64.00
65.09,65.47,65.55,65.01
65.17,65.01,65.44,64.90
64.56,64.30,64.71,63.86
64.07,64.05,64.31,63.41
64.24,63.90,64.28,63.25
63.99,64.85,65.19,63.99
64.83,64.75,65.00,64.38
65.09,65.16,65.43,64.87
65.15,65.06,65.32,64.75
65.04,64.90,65.17,64.83
65.05,64.33,65.24,64.03
64.59,64.82,65.01,64.24
64.35,63.41,64.51,63.36
64.11,63.81,64.44,63.63
64.46,64.35,64.50,63.98
64.40,64.69,64.73,64.21
64.19,64.18,64.86,63.78
64.28,64.41,64.47,63.30
64.02,62.93,64.24,62.52
63.76,62.90,64.11,62.90
63.84,63.39,63.84,62.93
63.67,64.60,64.68,63.46
64.46,64.89,65.04,64.28
64.76,65.11,65.14,64.55
65.39,65.54,65.79,65.21
64.64,64.48,64.64,64.04
64.63,64.89,65.06,64.34
64.60,65.23,65.51,64.56
65.45,65.46,65.66,65.12
65.30,65.29,65.75,65.01
65.33,64.90,65.33,64.46
64.77,64.65,65.03,64.20
65.64,64.80,66.43,63.76
64.86,65.66,65.72,64.86
64.76,64.76,64.93,63.51
65.22,64.84,65.26,64.27
64.88,64.48,64.97,63.81
64.05,63.14,64.33,62.80
64.12,63.60,64.64,63.35
63.67,63.30,63.73,62.99
63.87,62.95,63.87,62.61
63.69,63.82,64.03,63.44
63.45,62.99,63.45,62.37
62.34,62.77,62.93,61.81
62.60,62.67,63.01,62.19
62.74,62.92,63.14,62.63
62.60,63.03,63.17,62.06
63.04,62.94,63.17,62.58
62.67,62.48,63.05,61.81
62.25,60.82,62.26,60.82
60.15,58.44,60.52,58.42
54.75,56.39,57.90,53.45
57.37,55.90,58.18,55.83
57.57,58.28,58.43,56.33
59.86,59.58,60.00,58.48
59.02,59.45,59.68,58.94
59.14,58.97,59.46,58.74
57.77,57.03,58.09,56.68
57.90,58.15,58.15,56.86
58.27,58.07,58.76,57.94
57.20,56.84,57.45,56.63
57.82,57.60,57.82,57.02
58.11,57.38,58.40,57.25
57.21,57.34,57.83,57.01
57.20,57.47,57.51,56.79
57.41,57.06,57.57,56.97
57.36,58.27,58.33,56.87
58.40,58.65,58.77,58.21
58.47,57.75,58.82,57.60
57.02,56.31,57.15,55.81
56.46,56.55,57.12,56.09
55.54,55.04,56.26,54.46
54.99,54.98,55.40,54.45
54.47,54.49,54.86,53.63
54.38,53.16,54.71,52.97
52.65,51.77,53.16,51.56
51.86,52.21,52.82,51.76
52.55,52.17,52.78,51.51
52.27,51.66,52.71,51.02
50.66,52.06,52.17,50.00
52.54,54.25,54.51,52.01
53.99,54.09,54.50,53.66
54.39,55.05,55.66,54.16
54.87,55.80,55.97,54.65
55.31,55.28,56.05,54.92
55.35,54.86,55.80,54.75
54.63,53.91,54.71,53.73
54.21,53.30,54.21,53.17
53.56,53.48,54.50,52.71
53.69,52.53,53.69,51.94
52.44,52.26,52.97,51.94
51.54,53.02,53.19,51.28
53.26,52.77,53.71,52.60
53.83,53.93,54.25,52.88
54.06,54.85,55.04,53.73
54.90,54.89,55.17,54.60
51.43,51.20,53.99,49.46
51.55,53.73,53.80,50.53
53.62,53.14,53.76,52.74
53.17,52.65,53.24,52.07
52.86,53.71,54.00,52.60
53.55,53.23,53.94,52.73
52.61,52.76,53.39,52.36
52.88,53.48,53.55,52.39
53.47,53.95,54.23,53.10
53.58,52.07,54.50,51.79
51.69,51.40,52.19,51.05
51.66,51.23,51.72,51.00
50.87,49.98,51.11,49.90
49.91,50.01,50.50,49.74
49.97,50.36,50.47,49.56
50.37,50.01,50.51,49.92
50.05,51.50,51.58,49.89
51.45,51.06,51.50,50.56
51.37,51.44,51.79,51.06
51.58,51.34,51.96,51.24
50.87,51.46,51.75,50.73
51.46,51.60,51.96,51.45
51.58,51.84,52.08,51.43
51.67,51.96,52.10,51.02
51.21,51.59,51.68,50.91
51.52,51.25,51.97,51.17
49.89,48.79,49.89,48.27
48.86,49.78,50.31,48.63
49.59,49.02,49.69,48.74
48.64,48.45,48.90,47.99
48.38,48.84,49.69,48.23
48.70,48.88,49.30,48.55
47.96,47.25,49.00,46.91
47.51,47.51,47.92,46.80
47.74,47.88,48.48,47.71
47.20,46.72,47.48,45.99
46.72,45.44,46.84,45.42
45.15,45.16,45.61,45.04
45.55,45.77,46.22,45.36
46.11,47.49,47.79,46.09
47.83,48.65,48.75,47.83
48.58,48.45,48.88,48.31
48.40,48.00,48.55,47.62
48.33,48.38,48.61,47.87
48.32,48.02,48.73,47.98
47.78,47.40,48.05,47.39
46.50,47.16,47.39,45.87
47.40,47.17,47.56,46.47
46.64,47.18,47.84,46.52
45.79,45.75,46.52,45.57
46.08,45.23,46.44,45.07
45.59,45.23,45.76,44.57
45.64,45.19,46.02,44.51
45.27,44.30,45.66,44.12
44.69,45.71,46.02,43.78
45.23,45.31,45.49,43.94
45.76,45.03,45.84,44.30
44.28,45.33,45.88,43.46
45.53,45.81,46.42,44.95
46.68,46.53,47.53,46.18
46.41,45.71,46.41,45.61
46.12,47.55,47.58,46.08
47.65,46.91,47.99,46.58
47.69,47.36,47.99,46.01
45.24,49.07,49.57,45.01
48.46,48.54,48.88,47.36
47.84,47.53,48.07,47.28
47.77,47.79,48.09,45.92
47.92,50.00,50.21,47.81
50.00,50.11,51.37,49.60
49.69,49.89,50.32,49.10
49.22,49.84,50.53,49.22
49.77,48.73,50.32,48.55
47.87,48.29,49.10,47.53
48.83,50.00,50.09,48.34
50.55,51.36,51.38,50.00
51.72,52.05,53.21,51.14
51.90,51.28,52.35,50.70
51.07,50.90,51.20,50.32
51.55,52.24,52.31,51.55
51.87,51.50,52.27,51.21
50.87,51.17,51.31,49.40
51.53,51.82,51.82,50.73
52.32,51.95,52.67,51.12
51.92,51.50,52.23,51.46
52.09,52.71,52.74,51.49
52.58,52.27,52.75,51.93
52.17,54.06,54.16,52.09
54.10,53.42,54.23,53.06
53.03,53.65,53.94,53.01
53.15,52.32,53.49,52.15
52.63,52.22,53.00,52.04
52.56,51.78,52.68,51.26
52.43,52.73,52.83,51.30
52.48,53.72,53.85,52.37
53.40,53.41,53.41,52.87
53.19,54.02,54.27,52.99
54.11,54.94,55.35,53.95
55.13,55.18,55.60,54.48
55.13,54.93,55.26,54.39
54.50,54.46,54.83,54.17
54.45,53.68,54.45,53.60
53.01,53.45,53.46,51.93
53.48,53.78,54.09,53.35
53.49,54.76,54.78,53.01
55.04,54.57,55.25,54.28
54.66,54.69,54.80,54.14
54.41,54.21,54.41,53.13
54.11,53.67,54.21,53.58
53.21,52.83,53.28,52.55
52.88,53.14,53.19,51.99
52.71,52.42,53.00,52.21
52.94,52.65,53.76,52.45
52.46,52.72,53.58,52.44
53.06,53.65,53.82,52.67
54.11,55.56,55.61,53.50
55.80,55.81,56.03,55.10
56.01,55.78,56.08,55.64
55.65,55.92,56.08,55.44
56.22,56.12,56.77,55.73
56.36,56.43,57.09,56.01
56.57,55.91,56.72,55.81
55.99,56.49,56.80,55.77
56.47,56.05,56.49,55.77
57.98,58.93,59.12,56.32
59.93,60.23,60.86,59.27
59.91,59.58,60.64,59.34
59.11,58.91,60.00,58.59
59.17,58.67,59.36,58.39
58.10,57.86,58.22,57.45
57.40,55.89,57.40,55.47
55.98,55.61,56.43,55.33
55.18,55.54,55.74,54.75
57.48,55.84,57.50,55.72
56.66,57.61,57.67,56.18
57.51,56.94,57.81,56.89
57.19,56.93,57.77,56.48
56.72,56.02,57.29,55.84
56.13,57.01,57.23,56.13
56.70,56.40,57.36,56.22
56.09,55.23,56.39,54.93
54.75,53.34,54.92,52.98
53.52,53.39,53.98,53.27
53.46,53.19,53.65,53.00
53.54,54.17,54.38,53.45
54.59,55.47,55.67,54.49
55.43,55.47,55.85,55.25
55.59,55.63,55.89,55.25
55.54,55.75,56.16,55.27
55.53,55.67,55.80,54.87
55.59,56.25,56.26,55.03
55.39,54.90,55.63,54.52
55.01,55.76,55.91,54.85
55.82,56.18,56.70,55.82
56.42,56.90,57.45,56.34
56.47,56.02,56.47,55.77
55.36,54.89,55.63,54.39
54.80,54.55,55.40,54.39
54.29,54.11,54.42,53.60
54.14,53.87,54.60,53.78
53.49,54.21,54.39,52.92
54.30,54.37,55.06,54.09
55.11,54.93,55.78,54.92
54.48,54.58,54.66,53.94
54.61,54.84,55.27,54.38
55.54,56.35,56.37,55.11
52.94,51.97,53.86,51.81
50.94,48.88,51.28,48.17
49.00,49.83,49.84,48.74
50.33,50.64,50.99,50.01
50.96,51.87,51.87,50.40
51.89,51.84,52.45,51.48
51.66,50.48,51.66,49.96
50.16,50.79,50.84,49.35
50.80,50.75,51.20,50.19
51.43,52.12,52.30,50.94
52.16,53.00,53.13,52.14
53.56,54.14,54.26,53.07
54.47,53.90,54.48,53.66
54.62,54.07,55.00,54.07
54.41,53.81,54.42,53.70
53.77,54.54,54.73,53.43
53.30,53.65,54.49,53.21
53.83,54.97,55.26,53.75
54.81,54.71,55.53,54.00
54.98,55.00,55.05,54.09
54.86,55.91,55.91,54.66
56.20,58.36,58.53,56.14
58.71,59.08,59.60,58.36
58.90,58.53,59.03,57.87
58.57,58.97,59.17,57.40
58.84,58.54,59.10,58.13
58.42,57.82,58.60,57.70
57.46,57.75,58.04,57.03
57.78,57.35,58.04,57.12
57.56,57.96,58.08,57.52
58.19,58.12,58.55,57.97
58.22,57.94,58.59,57.65
57.94,57.72,58.18,57.51
58.00,57.90,58.18,57.30
57.67,57.71,58.06,57.57
57.65,58.83,58.94,57.65
58.60,58.88,59.18,58.42
58.92,59.08,59.13,57.79
59.24,59.54,59.54,59.00
59.44,59.92,59.97,59.30
59.63,59.91,60.13,59.56
60.11,60.02,60.49,60.01
59.87,59.75,60.18,59.65
59.70,59.93,59.94,59.52
60.10,59.85,60.75,59.60
59.85,60.28,60.52,59.50
60.28,60.50,60.57,59.98
60.21,59.84,60.38,59.55
59.99,59.55,60.16,58.89
59.95,59.21,60.00,59.07
58.92,57.84,59.16,57.73
57.99,57.49,57.99,57.35
57.67,57.48,57.67,57.16
56.95,56.11,57.31,56.10
55.72,57.17,57.26,55.54
56.61,56.36,56.93,56.20
55.19,56.74,56.94,55.19
56.75,56.93,57.11,56.34
56.58,56.57,56.96,56.02
56.96,56.68,57.33,56.55
57.12,57.28,57.51,56.89
57.40,57.78,57.92,57.25
58.33,58.45,58.77,58.00
58.42,57.93,58.65,57.10
57.57,57.19,57.83,57.14
57.10,57.38,57.44,56.77
57.49,58.51,58.55,57.49
58.38,57.89,58.88,57.79
58.40,58.78,59.30,57.99
58.48,58.77,58.92,58.36
58.76,59.09,59.83,58.68
59.24,59.82,60.00,58.70
59.80,59.76,59.83,59.35
59.95,59.03,60.21,58.75
59.35,58.51,59.50,58.42
58.44,57.43,58.61,57.17
57.35,57.45,58.05,56.58
56.84,56.69,57.02,56.29
57.04,56.82,57.41,56.68
56.89,56.81,57.19,56.75
57.46,56.92,57.70,56.79
56.45,56.95,57.18,56.35
56.94,56.63,56.94,55.93
55.93,56.49,56.69,55.32
56.88,56.34,57.54,56.33
55.01,54.80,56.78,54.25
54.56,55.26,55.50,54.04
55.42,55.28,55.56,54.52
55.34,55.39,55.82,55.10
55.61,54.92,55.85,54.88
55.03,54.60,55.54,54.11
54.59,54.53,55.16,54.35
54.62,54.14,54.95,54.00
53.62,54.52,55.15,53.62
55.44,55.76,55.89,55.16
55.66,55.56,55.88,54.81
53.38,57.96,58.25,53.38
58.12,60.33,60.40,58.12
59.90,59.17,60.44,58.38
59.33,59.55,59.89,58.73
59.48,60.63,60.70,59.19
60.39,60.30,60.41,59.79
59.98,60.02,60.37,59.86
59.80,59.78,60.12,59.61
60.04,60.14,60.52,59.89
60.38,60.75,60.84,60.15
60.92,61.98,62.22,60.63
62.19,62.00,62.19,61.38
61.88,61.00,62.00,60.94
60.93,61.27,61.46,60.49
61.69,62.15,62.62,61.35
58.78,63.04,63.30,58.78
62.77,63.10,63.31,62.08
63.91,65.41,65.50,63.65
65.10,64.43,65.50,64.04
64.71,67.63,67.97,64.25
67.42,68.07,68.41,67.03
68.50,67.68,68.50,67.07
67.67,67.10,68.02,66.75
67.44,67.17,67.74,66.78
66.37,65.71,66.90,65.50
65.72,65.37,66.25,65.14
65.66,65.10,65.94,64.99
64.94,65.21,65.80,64.80
65.27,65.70,65.84,65.01
65.68,65.36,66.02,65.14
65.35,65.14,65.37,64.77
65.18,65.43,65.83,65.01
65.54,65.63,66.01,65.36
65.87,64.96,65.97,64.82
64.97,64.37,65.30,64.32
64.54,63.90,64.96,63.77
64.62,65.32,65.93,64.61
65.70,66.22,66.39,65.65
65.90,65.14,66.23,64.97
65.55,65.88,66.35,64.95
65.75,65.07,65.99,64.76
65.27,66.25,66.31,65.11
66.25,66.80,66.82,66.02
66.80,66.33,66.80,65.69
67.07,67.52,67.65,66.78
