RYT,Guggenheim S&P 500 Equal Weight Technology ETF,NASDAQ
46.18,46.27,46.43,46.14
46.32,46.39,46.45,46.20
46.36,46.27,46.52,46.25
46.22,46.10,46.22,45.84
45.96,46.44,46.44,45.95
46.53,46.26,46.53,46.09
45.93,45.47,45.94,45.26
45.62,46.11,46.17,45.21
45.95,46.17,46.19,45.90
46.13,45.29,46.13,45.11
45.39,46.01,46.01,45.39
45.57,45.44,45.57,44.92
45.16,45.18,45.31,45.00
44.93,43.39,44.97,43.38
43.63,43.65,43.86,43.46
43.64,43.76,44.07,43.64
43.50,43.94,43.94,43.47
43.90,42.82,43.90,42.50
42.96,41.86,42.96,41.76
42.14,42.82,42.82,42.14
42.97,43.35,43.35,42.77
43.03,43.35,43.35,43.03
43.00,41.96,43.00,41.95
41.95,42.20,42.20,41.36
42.16,42.18,42.60,42.13
42.54,42.44,42.70,42.18
42.42,42.40,42.56,42.15
42.36,43.02,43.08,42.18
42.59,43.04,43.24,42.44
43.43,43.80,43.88,43.41
44.04,44.03,44.04,43.85
43.87,44.25,44.29,43.87
44.25,44.47,44.58,44.09
44.55,44.23,44.55,44.23
44.13,43.62,44.13,43.40
43.81,44.07,44.31,43.81
43.50,44.07,44.07,43.20
43.74,44.11,44.19,43.71
44.23,45.07,45.07,44.23
45.27,45.05,45.34,44.98
45.30,45.22,45.54,45.14
45.08,45.20,45.20,44.85
45.60,46.03,46.08,45.56
46.16,46.16,46.21,46.11
45.97,46.36,46.60,45.97
46.64,46.76,46.93,46.64
46.71,46.79,46.81,46.57
47.06,46.84,47.06,46.77
46.85,46.73,46.85,46.47
46.83,47.16,47.16,46.76
47.33,47.65,47.85,47.33
47.65,47.52,47.65,47.38
46.94,46.94,47.65,46.79
46.70,47.56,47.56,46.70
47.65,48.08,48.08,47.60
48.01,47.47,48.01,47.45
47.92,47.33,48.08,47.33
47.44,47.32,47.64,47.02
47.58,47.40,47.58,47.31
47.51,47.63,47.71,47.20
47.37,47.37,47.65,47.28
47.83,47.33,47.97,47.13
47.59,48.22,48.25,47.49
47.98,48.30,48.41,47.98
48.26,48.03,48.37,47.93
48.02,47.95,48.02,47.52
48.04,48.37,48.39,47.97
48.34,48.58,48.76,48.34
48.45,48.71,48.73,48.45
48.98,49.86,49.88,48.98
49.85,49.99,50.09,49.72
49.75,49.34,49.85,49.00
49.30,49.11,49.31,48.47
49.24,49.74,49.76,49.21
49.93,49.69,49.99,49.32
48.92,50.09,50.16,48.82
50.10,50.47,50.47,49.93
50.47,50.44,50.67,50.33
50.29,49.21,50.48,49.15
49.47,49.39,49.55,48.94
49.63,50.08,50.08,49.55
49.83,48.41,49.83,48.41
48.90,49.27,49.43,48.75
48.45,47.80,48.45,47.31
47.29,47.48,47.98,46.96
47.17,45.91,47.40,42.00
45.50,44.85,45.90,44.04
46.88,47.22,47.23,46.79
46.80,47.31,47.79,46.72
47.29,48.11,48.11,47.29
47.93,47.49,48.47,47.39
47.01,46.25,47.01,45.79
46.35,46.61,46.61,45.56
46.80,45.76,46.80,45.45
45.69,45.48,45.71,44.89
44.55,43.81,44.73,43.66
43.05,44.68,45.00,42.87
44.30,44.24,44.85,44.24
43.11,44.22,44.22,42.69
44.52,44.14,45.22,44.07
45.24,45.93,45.93,45.08
45.76,45.52,45.80,45.00
45.06,44.34,45.55,44.30
44.55,45.46,45.46,44.34
45.47,46.20,46.26,45.47
45.36,44.29,45.69,44.16
44.50,43.25,44.60,43.19
43.30,43.27,43.30,42.52
43.48,43.04,44.22,43.04
44.11,44.50,44.51,43.88
44.29,45.07,45.07,44.18
45.60,45.02,45.71,45.02
45.17,46.68,46.68,45.17
46.41,46.58,46.86,46.19
46.85,46.83,46.85,46.30
46.94,46.76,46.97,46.63
47.24,46.42,47.28,46.19
46.47,45.76,47.28,45.65
45.53,45.73,46.03,45.27
45.55,44.62,45.55,44.56
44.48,44.73,44.90,44.12
44.83,44.71,45.12,44.47
43.98,42.88,43.98,42.58
42.82,42.17,43.02,42.16
42.21,42.19,42.36,41.25
42.15,41.90,42.30,41.60
42.52,42.06,42.97,41.87
42.04,43.70,43.71,42.04
44.33,43.93,44.33,43.46
44.01,44.29,44.29,43.99
44.17,44.46,44.68,44.12
44.90,45.39,45.53,44.90
45.49,45.57,45.92,45.39
45.46,45.62,45.62,45.00
45.30,44.25,45.30,44.13
44.61,44.70,44.82,44.35
44.00,45.22,45.23,43.90
45.57,44.41,45.57,44.31
45.16,45.53,45.75,45.16
45.47,46.09,46.12,45.23
46.17,46.59,46.59,46.05
46.87,46.36,46.87,46.24
46.22,45.84,46.36,45.77
46.07,45.45,46.07,44.87
44.86,45.06,45.12,44.55
45.65,45.91,45.96,45.65
45.73,45.59,45.76,45.52
45.86,46.19,46.22,45.48
45.98,45.90,46.01,45.66
45.55,45.78,45.85,45.23
45.82,46.09,46.09,45.82
45.38,45.36,45.65,45.04
44.46,44.02,44.50,43.84
43.19,43.26,43.35,42.72
43.05,43.10,43.39,43.05
42.84,43.13,43.39,42.84
43.64,43.77,44.10,43.64
43.66,44.05,44.21,43.60
44.10,43.98,44.16,43.65
43.79,44.04,44.08,43.72
43.99,43.60,43.99,43.60
42.97,42.93,43.24,42.78
42.58,43.18,43.36,41.88
43.55,42.87,43.55,42.79
43.19,43.64,43.69,42.50
43.52,42.90,43.61,42.90
42.50,42.55,42.90,42.39
43.40,43.91,44.02,43.38
44.37,44.67,44.68,44.31
45.09,45.33,45.50,44.87
45.10,44.87,45.10,44.79
44.85,45.12,45.19,44.82
45.49,45.11,45.50,45.00
45.08,45.05,45.25,44.75
45.72,45.95,46.03,45.72
46.42,46.41,46.65,46.31
46.21,46.48,46.48,46.12
46.50,46.79,46.79,46.40
47.09,46.87,47.09,46.36
47.28,47.63,47.71,47.19
47.52,47.48,47.85,47.31
47.28,46.78,47.35,46.69
46.51,46.87,47.35,46.51
47.50,48.19,48.19,47.50
48.10,48.06,48.42,48.06
48.21,48.43,48.43,47.48
48.54,48.55,48.68,48.40
48.81,48.34,49.17,48.03
48.67,48.20,48.70,48.07
48.07,47.65,48.11,47.32
48.23,48.89,48.89,48.23
48.75,47.73,48.75,47.66
48.04,48.05,48.08,47.88
47.83,48.41,48.41,47.83
48.41,48.42,48.79,48.41
48.35,48.88,48.93,48.16
49.04,49.27,49.37,49.04
49.31,49.05,49.39,48.97
49.52,49.49,49.52,49.22
49.51,49.55,49.56,49.31
48.94,48.67,49.35,48.55
49.09,49.28,49.47,48.85
49.49,49.26,49.68,48.85
49.59,49.86,49.94,49.55
50.10,50.34,50.53,50.07
50.01,50.06,50.12,49.60
49.79,50.19,50.19,49.79
50.51,50.33,50.51,50.09
50.46,50.75,50.81,50.46
50.95,50.65,51.10,50.41
51.01,51.09,51.09,50.99
51.08,51.19,51.19,50.74
52.00,52.17,52.22,52.00
52.36,52.48,52.50,52.22
52.42,52.47,52.56,52.38
52.67,52.11,52.67,52.10
51.80,52.32,52.32,51.80
51.54,51.76,51.82,50.98
51.49,51.21,51.82,50.85
51.41,51.03,51.41,50.97
50.73,49.80,50.73,49.80
49.99,50.05,50.31,49.95
50.58,51.04,51.22,50.58
51.00,51.42,51.49,51.00
51.16,51.80,51.80,51.16
51.38,51.18,51.38,50.95
51.52,52.17,52.22,51.52
52.08,52.09,52.15,51.97
51.63,51.65,51.74,51.08
51.19,51.13,51.19,50.90
51.92,52.47,52.54,51.92
52.62,53.13,53.18,52.53
53.07,53.48,53.55,53.05
53.48,53.47,53.49,53.17
54.09,53.60,54.09,53.60
53.97,54.14,54.16,53.56
54.38,54.07,54.38,53.86
54.05,54.30,54.34,54.01
54.52,54.22,54.53,54.22
54.06,53.98,54.25,53.86
53.87,53.55,54.10,53.53
53.54,53.84,54.02,53.54
53.85,53.90,53.99,53.81
54.05,53.84,54.05,53.59
54.16,54.24,54.28,54.01
54.29,54.17,54.29,54.05
54.00,53.95,54.11,53.91
53.94,54.06,54.22,53.80
54.21,53.91,54.21,53.80
54.15,53.97,54.20,53.97
54.15,54.15,54.16,53.99
54.15,53.77,54.15,53.73
54.39,54.60,54.90,54.32
54.70,54.46,54.77,54.22
54.41,55.02,55.02,54.37
55.24,55.52,55.63,55.24
55.67,55.38,55.67,55.00
55.30,55.53,55.53,55.10
55.65,55.62,55.68,55.40
55.92,56.18,56.22,55.77
56.40,56.27,56.46,56.08
56.41,57.11,57.11,56.30
57.24,57.45,57.45,57.11
57.32,56.57,57.32,56.39
56.26,55.85,56.26,55.26
56.27,55.61,56.36,55.58
55.70,56.50,56.52,55.70
56.25,56.05,56.25,55.75
56.27,56.52,56.58,56.08
56.86,56.88,57.01,56.67
57.06,55.55,57.06,55.35
55.46,55.92,56.00,55.37
56.57,57.24,57.30,56.57
57.30,57.71,57.83,57.21
57.75,57.82,57.90,57.23
57.93,58.51,58.59,57.90
58.78,58.72,59.09,58.61
59.07,58.87,59.07,58.51
59.00,58.58,59.00,58.34
58.20,58.94,58.99,57.98
58.85,59.41,59.47,58.59
59.63,59.60,59.82,59.38
59.55,59.02,59.55,58.97
59.30,59.78,59.87,59.30
59.70,60.19,60.24,59.50
60.43,60.09,60.43,59.80
59.23,58.20,59.36,58.02
58.06,57.20,58.08,56.63
56.96,57.69,57.80,56.87
58.20,58.71,58.79,58.20
59.11,58.48,59.11,58.00
58.94,57.42,58.94,57.35
57.19,57.80,58.09,57.19
58.37,58.82,58.95,58.37
58.93,58.41,58.93,58.04
60.00,57.45,60.00,56.85
57.78,57.91,58.28,57.27
57.83,56.98,57.83,56.88
56.69,55.91,56.69,55.75
55.74,56.24,56.40,55.51
56.00,56.12,56.42,55.82
54.60,55.46,55.71,54.20
55.06,54.37,55.58,53.97
55.25,54.80,55.25,54.69
55.49,54.74,55.49,54.61
55.47,55.74,55.95,55.42
55.63,55.30,55.69,55.30
55.34,55.84,55.94,55.00
56.50,57.19,57.19,56.36
57.32,57.05,57.46,57.05
57.38,56.93,57.38,56.93
56.85,57.22,57.23,56.44
57.63,57.52,57.63,57.27
57.48,57.37,57.48,57.22
57.78,57.10,57.78,57.01
57.28,56.83,57.28,56.60
57.54,57.51,57.83,57.35
57.84,57.82,57.98,57.44
57.75,57.73,58.02,57.40
58.10,57.25,58.10,57.25
57.52,57.05,57.57,56.93
56.84,56.51,56.85,56.30
57.00,56.93,57.22,56.70
56.57,56.92,56.92,56.21
56.94,57.12,57.17,56.55
56.83,56.25,56.83,55.72
56.46,56.55,56.55,56.13
57.63,58.22,58.26,57.63
58.78,58.51,58.78,58.37
58.71,58.66,60.41,58.49
58.68,58.90,59.11,58.52
58.96,59.16,59.18,58.60
59.05,59.00,59.05,58.71
59.10,58.91,59.10,58.73
59.38,58.61,59.38,58.61
58.48,58.03,58.48,57.65
58.09,57.77,58.11,57.28
57.52,57.89,58.51,57.52
58.61,58.33,59.02,58.09
58.11,58.44,58.68,58.11
58.65,59.29,59.30,58.58
59.12,58.55,59.38,58.41
58.45,59.28,59.31,58.45
59.05,58.57,59.17,58.57
58.22,57.49,58.54,57.45
57.33,57.22,57.38,56.66
57.51,57.94,58.13,57.51
58.09,58.01,58.16,57.58
57.99,57.89,58.18,57.76
57.00,56.79,57.00,56.66
56.99,56.42,57.00,56.41
56.41,56.79,56.79,56.41
56.49,57.14,57.16,56.49
57.29,57.53,57.53,57.26
58.04,57.94,58.12,57.71
58.01,56.79,58.17,56.79
56.50,56.75,56.89,56.47
56.04,55.56,56.26,55.56
55.54,55.09,55.57,55.09
55.08,55.26,55.62,55.08
54.60,54.35,54.81,54.13
54.35,54.49,54.68,54.18
54.18,53.93,54.33,53.50
53.92,53.51,54.00,53.31
53.97,54.36,54.59,53.97
53.96,53.41,54.04,53.25
53.30,52.51,53.54,52.51
53.32,52.78,53.39,52.62
52.62,52.98,53.13,52.57
53.21,54.05,54.16,53.21
53.94,53.81,54.24,53.77
53.08,53.99,53.99,53.00
53.99,53.18,53.99,53.18
53.04,53.58,53.76,52.86
53.70,54.21,54.22,53.69
54.30,54.76,54.76,54.29
54.85,55.61,55.67,54.85
55.67,56.45,56.45,55.37
56.48,56.26,56.50,56.01
56.10,56.23,56.39,55.85
56.77,57.18,57.35,56.77
56.64,56.52,56.64,56.01
56.05,55.14,56.12,55.10
54.97,54.35,54.97,54.25
54.38,54.25,54.99,54.25
54.41,53.35,54.64,53.35
53.90,53.67,53.90,53.36
53.37,53.10,53.63,52.75
54.21,54.45,54.61,54.10
54.44,54.07,54.53,53.85
54.10,54.32,54.48,53.65
54.35,55.15,55.26,54.35
54.48,54.71,55.03,54.48
54.75,55.05,55.34,54.75
54.64,53.18,54.64,53.14
52.86,52.88,53.45,52.81
52.25,52.41,52.85,51.90
52.43,51.89,52.43,51.46
51.66,50.57,51.93,50.57
50.56,51.36,51.38,49.98
50.34,48.68,50.40,48.57
49.21,48.22,49.21,46.80
46.46,46.14,47.31,45.14
45.83,47.12,47.12,44.44
46.19,45.39,46.92,45.39
45.76,47.72,48.24,45.76
48.20,48.01,48.32,47.66
48.42,49.22,49.22,48.42
49.00,48.66,49.08,48.01
48.92,47.99,48.92,47.61
46.52,45.01,46.52,44.73
44.49,44.20,45.60,44.15
45.04,44.48,45.17,44.39
44.90,46.41,46.46,44.61
46.44,46.19,46.70,46.18
47.04,46.14,47.04,45.84
45.77,46.97,47.25,45.25
47.70,48.67,48.69,47.70
48.10,49.00,49.00,48.10
49.47,49.00,49.74,48.87
49.09,48.32,49.48,48.32
47.34,46.68,47.45,46.68
45.49,46.46,46.46,45.32
47.48,48.22,48.27,47.42
48.43,47.94,48.75,47.94
47.10,46.64,47.71,46.64
46.23,47.31,47.33,46.23
47.90,47.89,47.90,47.52
48.47,49.22,49.58,48.19
49.70,49.91,50.00,49.45
50.26,49.93,50.35,49.89
49.25,49.22,49.42,48.86
49.64,48.96,49.88,48.87
49.23,48.00,49.27,48.00
46.39,46.23,46.73,45.64
45.72,46.71,46.80,45.72
47.02,47.08,47.08,46.11
48.36,48.24,49.22,48.00
48.32,47.11,48.32,47.11
47.89,46.89,47.96,46.20
46.22,45.35,46.51,45.35
45.03,43.80,45.28,43.80
43.25,45.25,45.25,43.04
45.25,46.75,46.76,45.25
46.79,47.81,47.81,46.48
48.00,47.86,48.12,47.28
48.53,49.11,49.11,48.53
49.36,49.30,49.44,49.15
49.68,49.63,50.12,49.63
49.48,50.03,50.03,49.31
50.66,50.80,50.91,50.33
50.47,49.55,50.47,49.55
49.53,50.59,50.70,48.89
50.05,49.33,50.31,49.33
49.25,49.28,49.34,48.40
50.46,50.34,50.51,49.96
50.60,51.69,51.85,50.60
51.17,50.38,51.22,50.38
50.98,50.94,51.26,50.63
52.83,53.31,53.70,52.23
52.89,53.65,53.78,52.89
52.81,52.33,52.89,52.33
50.77,50.61,51.03,50.32
51.25,51.17,51.45,50.81
51.50,52.52,52.54,50.91
52.34,52.64,52.83,51.86
52.45,52.63,52.67,51.64
53.01,53.20,53.23,52.36
51.76,50.86,51.81,50.80
51.40,51.02,51.40,50.44
51.68,52.41,52.56,51.68
52.26,51.81,52.60,51.81
51.68,52.62,52.64,51.68
52.16,52.61,52.74,52.10
51.83,50.27,51.83,50.13
50.25,50.09,50.25,49.97
49.08,49.09,49.22,48.30
48.82,48.54,49.05,48.24
48.25,47.33,48.25,47.22
47.06,46.88,47.63,46.88
48.71,48.50,48.76,48.26
48.50,48.30,48.85,48.22
49.54,50.69,50.74,49.54
50.43,50.87,50.99,50.43
51.35,50.90,51.61,50.86
51.43,51.55,52.08,51.29
51.49,51.45,51.62,51.23
50.89,51.44,51.60,50.89
50.96,50.32,50.98,50.32
50.42,51.36,51.39,50.42
50.74,50.38,50.74,49.94
50.68,49.48,50.68,49.43
49.15,48.59,49.15,48.34
49.15,48.67,49.15,48.57
48.83,48.88,49.52,48.75
48.50,48.37,48.52,48.29
48.62,49.82,49.86,48.62
49.62,48.94,49.62,48.29
48.99,49.96,50.06,48.99
49.98,50.32,50.37,49.97
50.20,50.26,50.51,50.20
50.11,49.56,50.11,49.50
49.63,50.13,50.15,49.62
49.90,49.99,50.23,49.90
50.72,50.55,51.17,50.55
50.32,50.41,50.42,50.11
50.49,50.83,50.94,50.39
50.76,50.82,50.98,50.56
51.04,51.25,51.26,50.93
51.84,51.71,51.87,51.63
51.81,51.93,52.10,51.81
51.95,52.35,52.35,51.73
51.85,51.60,51.85,51.41
52.01,51.85,52.30,51.83
52.32,53.57,53.57,52.32
54.03,54.26,54.42,54.03
54.30,54.22,54.37,54.22
54.28,54.24,54.61,54.03
54.12,54.58,54.73,54.06
54.56,54.77,54.77,54.13
55.14,54.16,55.28,54.16
54.23,54.57,54.70,54.23
54.12,54.33,54.41,53.84
54.75,54.47,54.75,53.98
54.84,55.34,55.51,54.84
55.45,55.42,55.66,55.42
55.84,56.48,56.55,55.84
56.04,56.12,56.20,56.02
55.86,56.33,56.44,55.86
56.52,56.65,56.69,56.51
56.92,57.35,57.37,56.86
56.83,56.44,56.83,56.39
56.81,56.70,56.81,56.44
56.50,56.84,56.84,56.46
57.26,56.99,57.45,56.99
57.26,57.99,57.99,57.22
58.16,57.76,58.16,57.65
57.72,57.37,57.92,57.18
57.29,57.00,57.45,57.00
56.80,57.19,57.28,56.70
57.36,57.32,57.61,57.32
57.10,57.53,57.62,56.92
57.79,57.64,57.80,57.47
57.75,57.14,57.89,57.14
57.18,57.32,57.38,57.18
57.42,56.86,57.42,56.86
56.24,56.11,56.24,55.94
55.36,55.36,55.44,55.19
55.57,55.97,56.00,55.57
56.40,56.72,56.83,56.33
57.05,57.10,57.24,57.02
56.87,57.00,57.05,56.84
57.30,58.19,58.19,57.30
58.21,57.90,58.21,57.81
58.04,58.52,58.53,58.04
58.51,58.45,58.51,58.40
58.38,58.62,58.82,58.38
58.16,58.11,58.24,57.94
58.23,58.46,58.55,58.16
57.87,58.08,58.10,57.86
57.79,58.14,58.16,57.79
58.50,59.04,59.04,58.50
59.08,59.05,59.23,59.05
58.89,58.50,58.89,58.39
58.19,58.77,58.77,58.14
58.50,58.74,58.85,58.50
58.64,59.15,59.15,58.64
59.00,58.46,59.05,58.32
58.02,57.43,58.02,57.16
57.40,57.42,57.46,57.23
56.67,56.77,56.90,56.51
56.65,55.90,56.88,55.90
56.33,56.36,56.65,56.24
57.16,57.28,57.37,57.16
57.10,56.63,57.10,56.63
56.37,56.41,56.47,56.34
56.99,57.46,57.53,56.87
57.06,57.07,57.22,56.93
56.98,56.73,57.72,56.59
56.77,56.22,56.83,56.22
55.71,55.73,55.76,55.20
55.71,55.32,55.77,55.06
55.86,56.34,56.34,55.86
56.40,57.05,57.08,56.40
56.97,57.02,57.04,56.65
56.79,56.61,56.82,56.51
56.63,56.89,57.31,56.63
56.56,56.90,56.90,56.31
56.78,55.96,56.78,55.91
55.43,54.83,55.43,54.69
54.37,54.43,54.62,54.32
54.06,54.13,54.15,53.21
53.09,53.98,54.13,53.09
54.13,53.52,54.13,53.26
53.71,53.54,54.02,53.50
53.04,53.17,53.46,52.95
53.22,52.92,53.57,52.89
53.09,52.28,53.12,52.27
52.25,51.72,52.25,51.59
51.65,50.43,51.65,50.43
50.68,51.81,51.81,50.66
51.79,51.45,51.85,51.45
51.11,51.70,51.70,50.68
51.78,50.89,51.78,50.79
51.40,51.36,51.40,51.26
51.77,52.03,52.05,51.74
51.51,51.04,51.51,51.04
51.07,50.71,51.07,50.19
49.80,49.17,49.86,49.16
49.10,49.29,49.29,48.78
49.24,50.10,50.15,49.24
50.51,51.67,51.67,50.51
52.16,51.20,52.16,51.20
50.93,51.68,51.68,50.93
52.02,51.14,52.02,51.10
50.82,51.35,51.38,50.82
51.03,50.87,51.42,50.78
50.89,51.02,51.19,50.87
51.19,51.96,51.99,51.16
51.75,52.25,52.37,51.75
52.58,52.73,52.89,52.58
52.74,52.95,53.15,52.74
52.88,51.20,52.88,51.13
51.59,51.92,51.92,51.59
51.42,50.74,51.42,50.52
50.65,50.75,50.86,50.53
51.00,51.33,51.40,51.00
50.74,50.23,50.74,50.23
51.72,52.44,52.47,51.72
52.85,52.51,52.85,52.33
52.55,53.11,53.12,52.55
53.08,53.14,53.30,52.65
52.56,51.54,52.56,51.23
50.86,50.95,50.95,50.83
50.33,50.05,50.33,49.99
50.25,50.01,50.28,49.65
49.51,49.46,49.71,48.95
49.51,49.72,49.82,49.51
49.78,49.91,49.92,49.51
49.25,49.68,49.84,49.05
49.71,51.15,51.30,49.71
51.47,51.67,51.82,51.47
51.56,50.96,51.56,50.96
49.94,50.12,50.22,49.44
50.25,49.56,50.25,49.35
49.83,49.99,50.32,49.80
50.97,51.45,51.64,50.97
52.05,52.75,52.80,52.04
52.62,52.24,52.80,52.04
52.33,52.26,52.54,52.21
52.12,52.07,52.25,52.05
51.53,51.83,52.35,51.40
52.45,53.03,53.18,52.45
53.51,53.65,53.75,53.48
54.20,54.71,54.79,54.20
54.46,54.77,54.89,54.46
54.88,55.18,55.18,54.88
54.88,55.21,55.21,54.85
55.15,55.00,55.15,54.77
55.30,54.68,55.30,54.68
54.76,55.11,55.25,54.76
55.32,56.01,56.13,55.32
56.02,56.16,56.19,56.02
55.90,55.98,56.04,55.59
56.47,55.97,56.57,55.89
55.82,55.85,55.87,55.48
55.61,55.40,55.61,55.17
55.12,55.43,55.60,54.94
55.49,55.37,55.71,55.37
55.51,55.44,55.59,55.35
55.44,55.39,55.44,55.24
55.10,54.44,55.10,54.44
54.76,54.75,54.76,54.75
54.67,54.66,54.71,54.16
54.56,54.54,54.78,54.34
55.28,56.19,56.23,55.26
55.96,56.24,56.24,55.96
56.18,55.71,56.19,55.71
56.01,56.04,56.10,55.98
56.12,56.20,56.35,56.06
56.14,56.83,57.04,56.06
57.05,57.49,57.78,57.05
57.50,57.04,57.50,56.98
56.77,56.81,56.82,56.76
56.98,56.95,56.98,56.88
56.48,56.48,56.56,56.30
56.75,56.33,56.78,56.33
55.91,55.87,55.97,55.71
56.06,55.17,56.06,55.17
54.80,54.30,54.80,53.95
54.55,55.20,55.29,54.55
55.00,54.85,55.00,54.78
55.03,54.76,55.06,54.69
54.79,54.79,54.79,54.49
54.78,54.60,54.88,54.60
54.68,54.86,54.92,54.50
55.19,54.61,55.31,54.61
54.55,54.27,54.55,54.19
53.95,53.53,53.95,53.49
53.41,52.97,53.41,52.92
53.32,53.23,53.58,53.11
53.13,53.10,53.29,52.90
53.13,53.40,53.40,52.98
53.52,54.33,54.34,53.52
54.09,54.12,54.27,53.97
54.01,53.68,54.21,53.68
53.72,52.75,53.72,52.64
52.62,52.81,52.87,52.46
52.10,52.52,52.70,52.10
52.57,51.86,52.57,51.86
52.13,52.02,52.18,51.86
52.00,52.01,52.08,51.73
51.99,51.51,51.99,51.39
52.16,52.78,52.83,52.16
52.51,52.15,52.63,52.13
52.17,52.65,52.69,52.17
52.93,53.63,53.76,52.93
53.08,52.56,53.08,52.35
52.34,51.82,52.34,51.82
51.69,52.02,52.45,51.69
51.98,51.85,52.06,51.74
51.52,51.65,52.02,51.42
51.97,51.02,51.97,51.00
51.00,50.82,51.00,50.77
50.90,50.97,51.17,50.27
51.51,51.82,51.82,51.51
51.63,51.56,51.78,51.44
51.90,51.96,52.00,51.79
52.75,52.81,52.81,52.71
52.81,52.87,52.90,52.66
52.84,52.85,52.90,52.62
52.57,53.15,53.15,52.57
53.37,53.44,53.48,53.35
53.35,53.39,53.43,53.23
53.66,53.26,53.66,53.25
53.45,53.65,53.65,53.17
53.63,53.84,53.95,53.30
54.12,54.27,54.33,53.99
54.12,54.35,54.38,54.12
54.35,54.70,54.70,54.35
54.95,55.42,55.58,54.95
55.63,55.43,55.72,55.43
55.23,55.04,55.36,54.83
55.09,54.97,55.10,54.93
55.18,55.12,55.34,54.98
55.65,56.27,56.31,55.65
56.54,56.29,56.64,56.29
56.00,56.47,56.51,56.00
55.44,55.68,55.71,55.39
55.56,55.45,55.56,55.31
55.50,55.23,55.71,55.13
55.17,55.20,55.20,54.58
54.72,54.50,54.83,54.50
54.55,55.27,55.30,54.47
57.19,57.29,57.29,56.73
57.39,57.00,57.57,57.00
56.88,57.08,57.22,56.88
56.97,56.96,57.07,56.79
56.57,56.57,56.66,56.37
56.75,56.96,56.98,56.75
57.48,57.29,57.48,56.91
57.30,57.58,57.58,57.30
57.60,57.66,57.71,57.18
57.40,57.59,57.61,57.39
57.55,57.92,58.02,57.55
58.24,58.44,58.47,58.24
58.24,58.14,58.26,58.02
58.26,58.38,58.38,58.13
58.60,58.62,58.77,58.42
58.36,58.66,59.07,58.36
59.14,59.30,59.41,59.04
59.40,59.34,59.53,59.28
58.80,58.68,58.80,58.48
58.83,58.56,58.84,58.56
58.71,58.72,59.01,58.71
59.07,59.38,59.48,59.04
59.41,58.79,59.52,58.78
59.05,59.67,59.77,59.05
59.76,59.69,59.80,59.53
59.55,59.31,59.55,58.86
59.55,59.89,60.02,59.55
59.94,59.96,59.98,59.89
59.86,60.06,60.15,59.86
60.11,60.04,60.20,59.84
59.90,60.25,60.34,59.68
60.32,60.20,60.48,59.99
60.25,60.77,60.77,60.25
60.79,59.71,60.79,59.71
59.59,58.80,59.59,58.53
59.28,59.66,59.71,59.28
59.98,58.71,60.08,58.71
58.78,58.78,58.97,58.37
58.81,59.65,59.74,58.81
59.62,59.47,59.87,59.46
59.26,59.53,59.73,58.81
59.47,59.69,59.69,59.24
60.34,60.55,60.63,60.34
60.70,60.78,60.88,60.67
60.95,60.92,61.13,60.78
61.13,61.24,61.24,60.92
60.94,61.28,61.28,60.94
61.22,61.13,61.22,60.89
61.16,61.28,61.35,60.89
61.50,61.59,61.65,61.40
61.42,60.94,61.42,60.79
60.25,60.53,60.87,60.25
60.61,60.20,60.77,59.77
60.61,60.96,61.09,60.61
60.43,60.31,60.59,60.08
60.47,60.40,60.53,60.30
60.72,60.31,60.72,60.06
60.67,60.71,60.76,60.51
60.45,60.90,60.98,60.44
60.88,61.28,61.34,60.75
61.34,60.69,61.48,60.62
60.93,60.55,60.98,60.55
60.65,59.86,60.78,59.68
59.90,60.01,60.03,59.74
58.88,59.19,59.19,58.64
59.17,59.61,59.62,59.15
59.92,60.65,60.72,59.68
60.65,61.66,61.67,60.65
61.46,61.48,61.73,61.30
61.22,61.21,61.23,60.77
61.00,59.87,61.00,59.80
60.22,60.71,60.78,60.05
60.14,59.51,60.14,59.19
59.65,58.61,59.65,58.42
58.66,58.57,58.80,58.18
58.29,58.94,59.17,58.29
59.27,59.78,60.03,59.23
59.74,60.39,60.47,59.74
60.48,60.88,61.24,60.48
60.73,60.65,60.73,60.50
60.74,61.27,61.27,60.74
61.19,61.80,61.80,61.01
61.61,61.28,61.67,61.26
61.48,62.10,62.15,61.48
62.64,63.04,63.20,62.64
63.10,63.37,63.47,63.04
63.40,63.24,63.49,63.05
63.33,64.05,64.08,63.20
63.98,64.08,64.47,63.90
64.20,64.59,64.62,64.20
64.65,64.40,64.70,64.32
64.48,64.92,64.95,64.44
64.80,65.34,65.34,64.80
65.40,65.22,65.75,65.17
65.28,66.04,66.04,65.20
65.85,65.85,66.22,65.81
66.03,65.83,66.11,65.66
65.94,64.86,66.20,64.59
64.26,64.98,65.08,64.19
64.67,64.86,64.88,64.32
65.62,65.31,65.79,65.18
65.03,65.35,65.53,65.03
65.46,66.11,66.30,65.45
65.82,65.54,66.32,65.43
65.36,65.46,65.53,64.61
65.49,65.15,65.81,64.89
64.91,64.36,64.91,64.24
64.36,64.71,64.71,63.91
65.06,65.62,65.62,64.86
65.63,65.65,65.77,65.50
65.25,64.74,65.46,64.72
65.39,63.82,65.39,63.78
63.77,64.85,64.85,63.68
64.84,64.40,64.90,64.24
65.00,65.09,65.48,64.96
65.32,65.81,65.91,65.32
65.94,65.32,66.00,65.29
64.48,63.59,64.66,63.47
63.68,63.38,63.79,62.74
62.97,62.33,62.97,62.00
63.07,63.21,63.21,62.76
64.04,63.71,64.04,63.50
64.04,64.27,64.55,64.04
64.05,64.14,64.44,63.66
64.83,64.39,64.96,64.24
64.43,64.32,64.80,63.91
64.12,64.67,64.84,63.92
65.47,65.41,65.47,64.63
65.55,65.10,65.61,65.05
65.79,65.63,65.79,65.34
65.63,66.08,66.11,65.63
66.88,67.43,67.43,66.83
67.53,67.71,67.74,67.41
67.79,67.81,67.91,67.66
67.88,67.71,68.00,67.49
67.86,67.93,68.03,67.63
68.03,68.07,68.26,67.85
67.75,67.54,67.75,67.30
67.54,67.58,67.68,67.39
67.81,67.24,67.81,67.17
67.72,67.20,67.76,67.09
67.33,67.61,67.66,67.11
67.15,67.52,67.52,66.93
67.39,67.13,67.49,67.06
67.43,67.88,67.99,67.41
67.99,68.00,68.45,67.86
68.57,69.07,69.09,68.57
68.91,69.08,69.10,68.75
68.99,69.20,69.30,68.99
69.25,68.86,69.25,68.64
68.68,68.62,68.74,68.25
68.93,68.93,69.22,68.49
68.85,68.73,69.03,68.56
68.51,69.06,69.15,68.51
69.15,69.46,69.51,68.81
69.32,69.19,69.38,69.05
69.08,67.71,69.08,67.65
67.73,67.74,68.04,67.62
67.70,67.19,67.87,67.16
67.17,67.54,67.69,67.07
67.18,67.19,67.63,67.00
67.34,67.80,68.24,67.15
67.93,67.94,68.05,67.86
68.01,67.67,68.14,67.66
67.02,66.14,67.02,66.00
66.06,66.40,66.59,66.00
66.29,66.78,66.97,66.29
66.91,66.32,66.91,66.19
67.28,66.90,67.43,66.61
66.97,67.77,67.82,66.88
67.71,67.93,68.07,67.71
68.15,68.04,68.41,67.47
68.72,69.12,69.25,68.67
69.54,69.96,69.97,69.53
69.89,70.14,70.22,69.81
70.05,69.87,70.25,69.83
69.92,70.06,70.06,69.64
70.75,70.34,70.75,70.19
70.45,70.59,70.71,70.36
70.78,71.37,71.50,70.55
71.46,71.33,71.57,71.24
71.38,70.77,71.38,70.68
70.82,70.32,70.82,70.00
70.31,70.30,70.58,70.00
70.32,70.38,70.70,70.19
70.60,70.37,70.87,70.29
70.11,70.09,70.34,69.91
69.38,69.78,69.97,69.27
69.89,70.37,70.52,69.89
69.98,70.39,70.41,69.95
70.34,69.77,70.34,69.21
69.76,70.53,70.58,69.72
70.30,69.92,70.30,69.75
69.90,68.67,70.03,68.55
68.73,68.59,68.98,67.76
69.28,69.78,69.81,69.13
69.60,70.21,70.34,69.56
69.87,70.67,70.71,69.87
70.44,69.65,70.44,69.59
69.98,70.29,70.38,69.91
70.09,70.60,70.60,69.77
70.85,71.35,71.39,70.75
71.70,71.73,71.84,71.52
71.97,71.74,72.01,71.32
71.65,70.75,71.65,70.52
70.81,70.82,70.97,70.58
71.15,71.00,71.15,70.69
70.94,71.07,71.17,70.81
71.44,71.88,71.88,71.44
71.80,71.31,71.82,71.06
71.09,71.10,71.53,70.90
71.42,71.37,71.56,71.03
71.74,71.55,71.74,71.36
71.32,71.45,71.55,70.87
71.77,71.72,71.77,71.39
71.96,70.91,71.96,70.83
71.04,71.91,71.91,71.04
71.91,72.11,72.15,71.71
72.05,72.50,72.50,71.94
72.21,73.24,73.24,72.21
73.04,73.06,73.06,72.72
73.27,73.30,73.30,72.81
73.31,72.63,73.47,72.63
72.73,72.11,72.81,72.05
72.33,71.92,72.48,71.84
72.29,72.93,72.93,72.18
72.90,72.95,72.97,72.76
73.10,72.75,73.10,72.52
72.85,72.94,73.06,72.72
73.07,73.35,73.38,72.99
73.33,73.34,73.49,73.33
73.36,73.02,73.42,73.02
73.06,73.14,73.42,72.99
73.02,73.27,73.49,72.75
73.63,73.06,73.63,72.88
73.59,73.93,73.95,73.51
74.11,73.85,74.13,73.79
73.83,73.82,74.01,73.61
73.81,72.87,73.90,72.74
72.83,72.44,72.85,72.26
72.78,72.73,72.99,72.61
73.56,73.73,73.88,73.49
73.76,74.15,74.30,73.71
73.98,74.65,74.65,73.03
74.65,74.89,74.99,74.60
75.06,75.73,75.80,75.06
76.18,76.34,76.34,75.85
76.30,76.43,76.43,76.22
76.56,76.58,76.63,76.37
76.78,76.57,76.89,76.44
76.52,76.77,76.81,76.46
76.86,77.07,77.14,76.86
76.82,76.32,76.82,76.07
76.32,76.35,76.50,76.08
76.28,75.84,76.28,75.68
76.14,76.75,76.81,76.09
76.78,77.11,77.22,76.69
77.30,76.85,77.36,76.59
76.86,77.00,77.04,76.49
77.07,76.15,77.33,75.95
76.27,77.57,77.57,76.27
77.84,78.39,78.45,77.73
78.43,78.25,78.43,78.10
78.21,78.23,78.56,78.04
78.55,78.49,78.70,78.00
78.50,78.82,78.88,78.45
78.63,78.09,78.63,77.77
77.73,76.38,77.73,76.36
76.37,75.72,76.51,75.29
75.65,76.06,76.08,75.50
75.48,75.46,75.97,75.00
75.92,76.45,76.57,75.70
75.73,75.87,76.23,75.62
75.77,74.01,76.00,73.83
74.30,74.41,74.55,73.63
74.54,74.43,74.55,73.36
74.81,75.48,75.62,74.81
75.78,76.60,76.65,75.58
76.70,76.84,76.84,76.59
76.95,77.81,77.93,76.95
78.01,78.12,78.27,77.83
77.82,78.65,78.71,77.50
78.78,78.91,79.03,78.41
79.00,79.23,79.29,78.77
79.21,78.96,79.51,78.88
79.01,79.52,79.54,78.67
79.75,79.49,79.91,79.45
79.60,79.99,80.39,79.49
79.96,79.69,79.98,79.46
79.69,80.02,80.40,79.63
80.18,80.44,80.47,79.83
80.30,80.23,80.61,79.49
79.22,79.45,79.66,78.85
80.25,80.87,80.88,80.25
80.91,80.90,80.98,80.72
81.02,80.93,81.11,80.79
81.09,80.66,81.13,80.38
80.80,80.33,80.80,80.07
80.52,79.88,80.76,79.74
79.31,80.13,80.13,79.31
80.34,78.69,80.36,78.50
78.77,78.64,79.14,78.51
78.87,79.55,79.71,78.87
79.60,80.54,80.64,79.60
80.60,80.53,81.14,80.13
80.37,81.38,81.53,80.23
81.68,80.69,81.68,80.59
80.72,80.18,80.92,79.52
80.51,80.48,80.99,79.93
81.00,79.38,81.05,79.38
79.40,79.06,79.48,78.60
79.30,79.30,79.93,79.17
79.88,80.24,80.40,79.78
80.52,81.26,81.26,80.52
81.42,81.42,81.53,81.08
81.63,80.83,81.71,80.52
81.29,79.22,81.29,79.07
78.92,78.19,79.28,77.86
78.36,78.93,79.13,78.10
79.34,79.98,80.01,79.05
80.11,77.83,80.11,77.61
77.10,76.54,77.75,76.38
76.94,77.50,77.73,76.78
77.74,77.93,78.07,76.47
78.57,78.58,78.58,77.59
78.32,78.87,79.05,78.15
79.17,79.15,79.29,78.60
79.25,79.64,79.85,79.20
79.65,79.10,79.65,79.02
79.84,79.26,79.84,78.75
78.86,77.63,78.86,77.60
77.85,77.51,78.20,76.49
77.79,77.97,78.17,77.38
77.72,78.49,78.55,77.55
78.68,78.52,79.15,78.30
78.63,78.69,78.97,78.40
78.18,78.79,78.85,77.92
78.76,77.91,78.76,77.91
78.25,77.88,78.25,77.23
77.69,77.96,79.03,77.44
78.10,78.25,78.30,77.60
78.70,79.53,79.54,78.70
79.59,79.24,79.73,79.18
79.26,78.75,79.29,78.65
78.94,78.13,78.94,77.66
78.35,78.66,78.69,77.88
78.60,79.36,79.36,78.39
79.06,78.72,79.19,78.51
78.97,79.19,79.27,78.90
79.28,79.59,79.69,79.10
79.62,80.16,80.16,79.61
80.51,80.90,80.90,80.50
80.81,80.80,80.94,80.63
81.04,81.19,81.21,80.87
81.26,81.12,81.28,80.76
81.35,81.25,81.35,80.77
81.13,81.27,81.35,80.93
81.01,81.53,81.62,81.00
81.68,82.08,82.12,81.27
82.26,82.66,82.66,82.26
82.69,82.75,83.09,82.58
82.79,82.82,82.85,82.59
82.66,82.86,82.99,82.59
82.99,82.28,82.99,82.17
82.67,82.79,82.98,82.44
82.91,83.12,83.26,82.63
83.11,83.70,83.79,83.06
83.79,84.03,84.05,83.26
84.17,83.78,84.18,83.41
83.60,83.48,83.64,83.28
83.55,83.58,83.66,83.35
83.62,83.16,84.12,83.05
83.10,83.53,83.59,83.05
83.60,83.26,83.60,82.84
83.23,83.47,83.47,83.14
83.47,83.79,83.90,83.34
83.97,84.69,84.89,83.97
84.80,84.60,84.85,84.50
84.91,85.19,85.24,84.88
85.17,84.72,85.17,84.61
84.75,83.83,84.84,83.36
84.00,84.25,84.34,83.98
83.35,83.95,84.29,83.11
84.04,84.14,84.27,83.90
84.79,84.55,84.81,84.48
84.84,84.41,84.97,83.93
84.95,84.81,85.02,84.56
84.39,83.61,84.84,83.54
83.85,84.61,84.67,83.85
84.55,84.66,84.81,84.24
85.09,85.32,85.49,84.97
84.93,84.42,84.93,84.37
84.73,84.91,84.96,84.68
84.79,84.58,84.79,84.38
84.66,84.58,84.77,84.00
84.78,84.31,84.81,84.24
84.67,84.77,84.86,84.26
84.44,83.19,84.44,83.12
83.00,82.90,83.44,82.40
83.09,83.54,83.70,82.33
83.12,83.00,83.63,82.68
82.53,82.88,83.23,82.07
83.25,82.29,83.31,82.07
82.40,83.01,83.07,82.26
83.21,83.55,83.85,83.21
83.59,83.28,83.59,82.90
83.69,84.08,84.09,83.57
84.28,84.25,84.47,84.00
84.67,84.25,84.82,83.65
84.75,85.14,85.14,84.71
85.33,85.64,85.70,85.27
85.57,85.91,85.93,85.55
85.94,86.27,86.34,85.83
86.28,86.20,86.38,86.13
86.56,86.16,86.56,86.00
86.35,86.41,86.48,86.28
86.57,86.15,86.57,86.04
86.00,86.13,86.22,85.62
86.35,86.57,86.61,86.16
86.70,86.58,86.84,86.25
86.85,86.73,86.98,86.60
86.78,86.64,87.47,86.47
86.96,87.03,87.04,86.53
87.10,87.24,87.52,86.94
87.19,86.47,87.22,86.46
86.62,86.94,87.02,86.37
86.78,87.08,87.08,86.51
87.10,86.54,87.10,86.38
86.88,85.74,86.88,85.66
85.65,86.55,86.61,85.50
86.67,86.67,87.06,86.48
87.04,87.47,87.47,86.99
87.60,86.57,87.64,86.21
86.43,85.53,86.43,85.25
85.25,85.33,85.75,85.16
85.17,85.96,85.99,85.02
85.86,84.40,86.06,84.34
84.65,84.94,85.14,84.44
84.23,85.11,85.11,84.03
86.00,85.03,86.00,84.78
84.74,83.39,84.76,83.30
83.32,83.41,83.66,82.26
85.08,84.18,85.08,83.84
84.34,83.94,84.62,83.67
83.59,82.39,83.59,82.38
82.40,83.81,83.93,81.60
83.58,82.09,83.60,81.99
81.28,78.83,81.34,78.82
78.77,77.66,79.40,77.62
78.32,78.12,79.09,77.95
77.04,78.32,78.45,76.27
76.99,78.32,78.67,76.60
79.20,79.41,80.05,79.04
78.90,79.97,79.98,78.67
80.53,82.08,82.11,80.53
82.36,81.08,82.36,81.06
81.72,82.25,82.63,81.72
82.48,83.16,83.19,82.30
83.02,83.37,83.48,82.71
83.60,84.59,84.67,83.60
84.73,84.67,85.16,84.09
84.65,85.36,85.42,84.46
86.84,87.20,87.29,86.62
87.49,87.53,87.90,87.42
87.54,87.51,87.82,87.20
88.03,88.08,88.18,87.56
88.11,88.21,88.24,87.78
88.26,87.91,88.26,87.51
87.95,88.29,88.37,87.79
88.30,88.09,88.42,87.91
87.89,88.15,88.26,87.74
88.37,88.08,88.57,87.87
88.09,88.80,88.81,88.09
88.82,88.67,88.82,88.20
88.85,89.30,89.50,88.76
89.13,88.76,89.13,88.37
88.60,88.96,89.09,88.30
90.00,89.51,90.02,89.29
89.80,90.18,90.18,89.76
90.19,90.37,90.64,90.19
90.60,91.10,91.10,90.43
91.16,91.52,91.69,91.13
91.38,90.55,91.38,90.48
90.71,90.96,91.07,90.45
90.91,91.89,91.96,90.91
91.86,91.74,92.04,91.39
92.10,92.11,92.18,91.82
92.00,90.99,92.09,90.61
90.11,91.13,91.14,89.19
90.94,89.53,91.09,89.45
89.88,90.00,91.03,89.85
89.72,88.60,89.80,88.60
89.19,88.35,89.52,87.89
88.00,87.62,89.31,87.40
88.33,89.24,89.27,87.59
90.55,91.59,91.61,90.41
91.47,91.57,91.92,91.21
91.95,92.31,92.31,91.83
92.79,92.52,93.00,92.52
92.89,92.61,92.95,92.57
92.78,92.66,93.00,92.66
92.66,92.31,92.66,92.23
92.20,91.78,92.20,91.62
91.83,90.76,92.15,90.76
91.16,90.76,91.49,90.00
90.37,89.24,90.55,89.01
89.23,87.83,89.39,87.29
88.34,88.52,88.82,87.96
89.48,90.49,90.66,89.47
90.83,90.26,90.89,89.79
90.33,89.07,90.33,88.79
89.58,88.68,90.78,87.93
87.85,88.07,88.20,87.17
88.51,86.89,88.61,86.88
86.62,88.03,88.18,86.48
88.32,88.42,88.73,87.52
88.49,88.67,88.92,87.70
89.00,89.79,89.90,88.12
89.81,89.94,90.19,89.69
89.79,89.68,89.79,88.93
88.77,88.00,88.77,87.34
89.06,87.38,89.30,87.38
87.38,87.91,88.10,86.43
87.70,86.38,88.00,86.29
86.60,87.21,87.37,85.21
87.70,88.79,88.85,87.64
88.60,88.91,89.48,88.60
89.11,89.61,89.63,88.86
89.98,89.46,90.39,89.22
89.45,89.21,89.66,89.05
89.56,90.58,90.66,89.19
90.80,90.93,91.16,90.43
91.42,92.38,92.41,91.42
92.60,93.11,93.14,92.56
93.20,93.15,93.29,92.72
93.06,93.18,93.35,92.83
92.99,93.56,93.66,92.93
93.61,94.42,94.44,93.31
94.40,93.93,94.40,93.65
94.03,94.37,94.57,93.65
94.30,94.30,94.59,94.09
94.75,94.74,95.07,94.37
94.80,94.62,95.00,94.35
94.78,95.63,95.65,94.62
95.25,94.29,95.25,94.10
94.27,93.93,94.27,93.32
94.16,94.19,94.28,93.76
93.99,92.88,94.01,92.75
93.11,93.36,93.48,92.97
92.79,91.37,92.79,91.32
91.50,91.12,91.87,91.02
91.00,91.82,91.88,90.98
91.82,91.53,91.91,90.77
91.75,92.87,92.87,91.75
92.67,92.49,92.68,92.12
92.32,93.48,93.83,91.72
93.59,93.50,93.69,93.35
93.74,94.16,94.37,93.71
94.19,93.92,94.32,93.91
93.98,93.34,94.03,93.34
93.32,90.65,93.32,90.65
89.98,90.56,90.88,89.30
90.66,91.58,91.65,90.27
92.19,92.59,92.69,92.00
92.38,91.90,92.55,91.90
91.89,91.33,91.89,90.80
91.47,91.58,92.04,91.24
91.02,91.89,92.08,90.55
91.84,92.00,92.65,91.71
92.19,92.48,92.70,92.06
92.44,93.00,93.07,92.20
92.93,93.38,93.38,92.79
93.22,92.72,93.62,92.61
92.57,92.43,92.81,91.96
92.78,93.37,93.62,92.76
93.08,93.09,93.27,92.80
92.49,91.80,92.49,91.44
92.34,92.75,92.86,92.01
93.26,93.18,93.52,93.02
93.46,94.00,94.09,92.99
93.67,94.05,94.37,93.35
94.14,93.51,94.14,93.18
93.79,93.29,94.04,93.25
93.50,93.65,93.80,92.65
93.21,93.30,93.56,92.57
93.21,92.38,93.23,91.94
92.99,93.79,93.89,92.99
94.07,94.03,94.26,93.89
93.70,92.63,93.75,92.47
92.90,92.26,93.13,91.81
92.42,92.89,93.06,92.29
93.57,93.93,94.04,93.57
93.71,93.63,93.98,93.61
93.23,93.09,93.41,92.45
93.35,93.53,93.84,93.25
94.02,94.86,94.88,94.00
95.00,94.48,95.16,94.33
94.48,95.08,95.15,94.41
95.30,94.78,95.30,94.70
95.20,94.83,95.25,94.76
94.80,94.92,95.06,94.50
94.81,95.07,95.28,94.81
94.78,93.75,94.78,93.41
93.98,95.61,95.68,93.90
95.36,95.46,95.52,95.22
95.52,95.11,95.62,94.82
95.35,95.34,95.62,94.73
95.22,95.13,95.54,94.56
95.31,95.20,95.69,95.10
94.74,94.26,95.07,94.03
94.04,94.45,94.53,93.54
94.56,93.18,94.56,93.07
93.10,93.00,93.15,92.32
93.30,94.32,94.46,93.30
94.70,94.42,94.80,94.36
94.20,93.85,94.20,93.68
93.22,93.25,93.33,92.41
92.91,93.78,93.86,92.91
93.83,93.98,94.22,93.47
94.05,94.99,95.03,94.05
94.68,94.36,94.76,94.09
94.73,94.84,95.03,94.58
95.03,94.64,95.03,94.41
94.51,93.84,94.57,93.83
94.12,93.61,94.12,93.49
93.35,92.35,93.35,92.07
91.44,90.26,91.81,90.15
90.88,90.24,90.88,89.96
90.85,90.76,91.16,90.38
90.85,90.74,90.87,90.32
90.06,90.05,90.57,89.58
90.12,90.24,90.37,88.26
89.51,88.63,89.64,88.62
89.69,88.58,90.04,88.57
89.53,89.80,89.95,89.10
90.34,90.69,90.78,90.06
90.97,91.13,91.31,90.97
91.19,90.81,91.21,90.62
91.37,91.45,91.46,91.09
91.56,91.52,91.59,91.19
91.70,91.58,91.89,91.53
91.42,91.33,91.87,91.21
90.42,90.60,90.80,90.30
90.96,90.89,91.79,90.74
91.32,90.18,91.32,89.95
89.63,89.16,89.80,89.11
89.63,90.47,90.62,88.91
90.42,91.20,91.26,90.15
90.88,91.48,91.67,90.52
91.71,91.24,91.71,91.17
91.25,90.99,91.25,90.38
91.01,90.78,91.14,90.47
91.48,92.09,92.54,91.48
92.15,90.73,92.15,90.56
90.72,91.01,91.04,90.38
91.58,92.61,92.72,91.58
91.83,91.18,91.94,90.86
90.59,91.60,91.81,89.79
91.62,91.24,91.81,91.21
91.15,91.61,91.70,91.00
91.27,92.19,92.19,90.87
91.94,91.41,91.95,91.30
91.18,90.61,91.40,90.10
89.93,88.17,89.97,88.17
87.29,85.45,88.04,85.45
79.21,82.40,85.17,75.85
83.25,81.33,85.03,81.33
82.50,84.84,84.97,81.82
85.68,87.14,87.20,85.50
86.76,87.23,87.49,86.76
87.04,86.69,87.41,86.45
85.89,84.20,85.89,83.62
85.06,85.55,85.55,84.21
85.97,86.07,87.00,85.83
85.21,84.73,85.47,84.39
86.38,87.53,87.58,86.18
88.26,86.25,88.50,86.19
86.14,86.88,87.54,85.98
86.44,87.06,87.08,86.15
87.33,86.77,87.33,86.58
87.04,87.85,88.11,87.00
87.92,88.44,88.56,87.79
88.25,87.90,89.14,87.72
86.48,86.32,87.31,86.12
86.75,86.80,87.42,86.22
85.66,85.21,85.66,84.77
85.43,85.24,85.67,84.83
84.49,85.11,85.28,83.57
85.75,85.13,85.94,84.50
84.64,82.84,84.78,82.82
83.06,82.94,83.63,82.48
84.13,85.14,85.27,84.13
85.28,84.94,85.28,83.87
83.95,86.48,86.48,83.79
87.07,88.23,88.50,87.07
88.12,88.30,88.52,87.68
88.92,89.24,89.40,88.02
89.13,90.01,90.12,88.79
90.12,90.20,90.25,89.76
90.25,90.36,90.41,89.92
89.93,89.69,90.47,89.62
89.83,90.20,90.83,89.77
90.43,91.06,91.06,90.29
91.19,91.14,91.19,90.71
90.96,91.29,91.45,90.83
91.15,91.15,91.41,90.87
91.58,90.37,91.61,90.30
91.11,92.81,92.99,91.11
93.70,94.11,94.27,93.38
94.05,93.49,94.05,93.27
93.22,93.15,93.40,92.90
93.17,94.13,94.13,93.00
93.35,93.12,93.49,93.01
93.29,93.24,93.60,93.13
93.40,94.05,94.15,93.29
93.99,94.45,94.80,93.74
94.75,94.36,94.75,94.07
94.55,93.87,94.62,93.60
94.05,94.89,94.97,94.04
94.89,93.85,94.89,93.40
93.39,93.31,93.41,92.89
93.78,93.29,93.88,93.12
93.00,92.17,93.20,92.17
92.12,90.77,92.12,90.69
90.99,92.06,92.11,90.83
92.35,92.47,93.16,92.14
92.83,93.66,93.74,92.51
93.95,93.89,94.25,93.68
94.17,94.42,94.48,94.16
94.50,94.13,94.50,93.84
93.58,94.22,94.41,93.33
94.23,94.17,94.40,94.10
94.26,94.29,94.42,94.13
94.67,94.73,94.89,94.31
94.99,95.72,95.75,94.99
95.72,94.95,95.91,94.87
95.44,93.83,95.48,93.42
94.00,95.63,95.80,93.95
95.48,94.91,95.48,94.67
93.99,94.74,94.94,93.75
94.38,93.42,95.05,93.00
93.37,93.60,94.18,93.25
92.66,91.93,92.74,91.74
91.96,91.86,92.19,90.90
92.53,92.94,93.41,92.53
93.59,94.06,94.20,92.71
94.40,92.46,94.40,92.46
91.83,90.63,92.01,90.63
91.31,91.61,91.61,90.89
92.01,92.27,92.42,91.43
92.54,93.20,93.23,92.54
93.18,93.32,93.54,92.97
92.97,93.05,93.05,92.25
93.60,94.09,94.30,93.60
94.03,93.50,94.14,93.46
93.22,92.27,93.25,92.27
90.73,90.87,90.87,89.72
91.27,90.66,91.45,90.47
89.45,89.01,89.68,88.53
87.19,86.60,88.32,86.43
87.09,85.50,87.14,85.43
86.00,85.68,86.10,84.48
86.35,86.57,86.91,85.41
86.77,84.00,87.00,83.76
84.30,85.37,85.90,83.34
82.97,82.95,83.63,81.84
83.93,82.79,84.15,82.06
81.62,82.36,83.08,80.09
82.83,82.86,83.97,82.24
84.16,84.59,84.71,83.90
84.31,83.33,84.36,83.23
83.56,84.50,84.68,83.42
84.13,83.08,84.71,82.72
83.74,82.82,83.80,82.19
83.35,85.58,85.61,83.35
85.07,85.98,86.29,84.88
85.15,83.42,85.15,83.09
83.90,83.66,84.13,82.20
83.63,84.53,85.08,83.52
84.29,81.85,84.29,81.63
80.56,79.57,80.56,78.32
78.68,79.18,80.56,78.53
80.01,79.73,81.28,79.65
78.67,79.37,79.60,78.18
79.95,80.72,80.76,79.13
81.58,82.85,82.94,81.58
83.36,84.73,84.86,83.36
85.15,84.74,85.29,84.64
84.63,85.32,85.36,84.38
86.20,86.64,86.86,86.20
86.16,85.30,86.28,85.20
84.41,86.30,86.39,83.91
86.67,87.38,87.38,85.95
87.94,87.58,88.01,87.31
87.44,87.15,88.23,87.14
87.61,89.20,89.20,87.51
88.99,89.49,89.49,88.87
89.48,89.89,89.92,89.00
90.24,90.29,90.84,89.89
89.81,90.59,90.80,89.81
90.04,89.01,90.04,88.98
89.44,89.74,89.94,89.28
90.24,89.67,90.80,88.76
90.35,91.45,91.45,90.35
91.08,91.39,91.43,90.96
90.88,90.97,91.09,90.59
90.78,91.86,92.03,90.78
91.79,92.54,92.75,91.63
92.32,92.63,92.65,92.13
92.46,92.96,92.96,92.39
92.51,93.05,93.37,92.47
93.05,92.03,93.05,91.99
91.71,91.99,91.99,91.32
92.19,92.06,92.38,91.84
91.84,93.25,93.34,91.62
93.60,93.71,94.27,93.50
93.58,93.76,94.07,93.55
93.17,94.35,94.42,93.17
94.33,93.71,94.42,93.66
93.20,92.74,93.37,92.60
92.66,93.70,93.71,92.27
93.03,92.20,93.03,91.85
92.76,92.29,93.15,92.11
92.87,92.29,93.53,92.25
92.29,92.18,92.45,91.31
92.71,93.69,93.81,92.71
93.33,93.07,93.34,92.69
93.22,92.77,93.22,92.56
92.41,93.26,93.32,92.32
93.43,92.70,93.44,92.31
92.83,93.20,93.59,92.57
93.27,92.90,93.43,92.84
92.59,92.67,93.17,92.28
92.45,92.36,92.49,92.03
92.59,92.61,92.92,92.43
92.37,93.02,93.16,92.03
92.67,91.51,93.19,91.35
91.10,89.95,91.10,89.34
90.11,90.41,90.53,89.80
89.82,89.30,89.88,89.19
88.90,88.64,89.10,88.35
89.00,88.69,89.33,88.63
88.40,89.46,89.46,88.40
89.43,89.48,89.85,89.40
89.83,90.68,90.70,89.79
90.53,90.24,91.10,90.24
90.46,89.84,90.59,89.32
89.74,89.72,90.47,89.57
89.76,90.70,91.09,89.76
90.48,90.01,90.86,89.78
89.73,90.55,91.16,89.73
90.31,90.06,90.61,89.49
90.68,91.43,91.53,90.47
91.55,91.60,92.01,91.51
91.97,93.62,93.73,91.97
94.08,94.03,94.33,93.88
93.93,94.27,94.41,93.92
94.24,95.02,95.05,94.24
95.30,95.50,95.59,94.94
94.82,95.54,95.66,94.82
95.26,95.95,95.96,95.26
95.79,95.56,95.79,94.85
95.48,95.74,95.97,95.48
96.00,96.41,96.41,95.98
96.34,96.49,96.59,96.15
95.98,96.27,96.35,95.93
95.32,94.83,95.32,94.58
94.50,94.18,95.11,94.06
93.83,94.32,94.46,93.64
94.76,94.35,94.83,94.30
93.76,94.59,94.66,93.18
94.30,93.88,94.30,93.59
95.22,94.91,95.73,94.85
95.10,95.38,95.51,95.01
95.38,94.89,95.67,94.86
95.72,96.76,96.77,95.67
93.15,91.90,94.23,91.81
91.14,88.63,91.14,88.27
89.66,90.61,90.65,89.66
91.36,92.43,92.62,91.36
92.65,93.82,93.82,92.58
93.75,93.74,94.09,93.62
93.25,92.61,93.25,92.19
92.31,93.07,93.17,91.71
93.30,93.48,93.80,93.16
94.12,95.53,95.53,94.11
95.93,96.23,96.41,95.93
97.03,97.78,97.84,97.03
97.93,97.73,98.13,97.67
98.38,98.29,98.51,98.10
98.44,98.10,98.44,97.86
98.32,98.56,98.77,98.25
98.51,98.40,98.59,98.25
98.70,99.56,99.69,98.70
99.80,99.20,100.00,98.96
99.10,99.77,99.80,98.75
99.79,99.95,100.03,99.69
100.26,101.50,101.50,100.21
102.19,100.77,102.19,100.37
100.84,100.93,101.04,100.45
100.83,100.50,100.83,99.99
100.50,100.36,100.67,100.06
100.22,99.11,100.29,98.67
98.82,99.48,99.48,98.73
99.62,99.80,99.97,99.59
100.46,101.14,101.20,100.46
101.39,100.98,101.51,100.86
101.25,101.25,101.56,101.20
101.52,100.67,101.52,100.51
101.15,101.32,101.46,101.13
101.47,101.37,101.47,101.11
102.19,102.07,102.34,101.69
101.80,101.38,101.80,101.27
101.27,101.03,101.27,100.52
101.11,101.77,101.77,101.11
101.75,102.41,102.46,101.73
102.15,102.36,102.46,101.93
102.72,102.89,103.12,102.72
102.86,102.29,103.08,102.09
102.09,102.67,102.84,102.09
102.83,103.14,103.74,102.53
103.21,103.39,103.72,103.21
103.30,103.29,103.74,102.94
103.26,103.12,103.26,102.65
103.10,103.58,103.61,102.58
104.02,104.01,104.43,103.69
104.20,104.17,104.24,103.73
104.26,104.46,104.59,104.10
104.19,104.03,104.30,103.76
103.22,101.37,103.38,101.32
100.56,102.95,103.05,100.44
102.27,101.71,102.77,101.29
101.78,101.77,102.40,101.42
101.85,103.41,103.56,101.85
103.24,102.75,103.26,102.32
103.06,103.00,103.76,102.76
103.39,102.78,103.46,102.58
103.11,104.37,104.44,103.11
104.97,104.91,105.13,104.71
104.74,104.20,104.74,104.20
103.68,103.60,104.00,103.24
103.51,104.89,104.92,103.51
105.00,105.23,105.23,104.43
105.13,104.78,105.44,104.50
104.91,105.51,105.79,104.89
105.25,105.11,105.60,104.91
105.28,104.72,105.51,104.37
104.99,105.46,105.75,104.99
105.55,105.56,105.59,104.82
105.53,104.98,105.53,104.48
105.46,105.29,105.94,105.24
105.25,103.42,105.25,102.87
103.39,103.30,103.53,102.77
102.54,102.37,102.68,101.23
102.80,102.78,103.74,102.71
102.77,102.20,102.95,102.20
103.05,103.12,103.44,102.95
102.98,103.55,103.69,102.96
103.39,103.41,103.44,102.78
103.14,103.45,103.50,102.79
103.95,104.66,104.70,103.95
104.61,104.11,104.72,103.85
103.98,104.68,105.17,103.98
105.18,104.40,105.29,104.26
104.43,104.43,105.38,104.07
104.71,104.63,104.85,104.43
104.83,103.93,104.93,103.05
103.88,103.34,104.39,103.02
103.15,102.66,103.28,102.55
102.28,102.14,103.04,101.94
103.56,104.57,104.61,103.56
104.51,104.92,105.39,104.17
102.10,105.20,105.42,101.94
105.63,104.61,106.64,103.42
104.55,105.83,105.88,104.55
105.90,105.27,106.22,105.02
105.57,106.34,106.52,105.57
106.07,106.90,106.96,105.96
106.96,107.89,107.90,106.96
108.02,107.60,108.02,107.46
107.86,108.49,108.51,107.67
108.77,108.72,108.87,108.37
108.66,108.53,108.66,108.22
108.63,108.96,108.96,108.52
109.00,108.75,109.13,108.67
108.80,108.91,109.42,108.50
109.09,108.08,109.09,108.07
108.12,104.83,108.12,104.62
104.80,105.53,105.75,104.65
106.18,106.90,107.21,106.07
107.08,107.41,107.45,106.55
107.54,109.61,109.76,107.43
109.79,110.22,110.64,109.60
110.59,109.98,110.59,109.60
109.67,109.23,109.71,108.69
109.53,110.26,110.80,109.53
110.36,109.74,110.69,109.59
110.06,110.59,111.09,109.94
110.72,109.47,110.73,109.28
109.60,110.06,110.52,109.60
110.51,110.51,110.80,110.26
110.49,110.30,110.52,110.19
110.46,109.89,110.46,109.57
109.91,110.23,110.23,109.87
110.40,110.76,111.15,110.40
111.01,109.55,111.11,109.49
109.44,109.43,109.80,109.01
109.66,108.49,109.80,108.23
109.04,109.49,110.23,108.86
109.80,110.63,110.73,109.80
110.64,110.39,110.94,110.13
110.50,111.08,111.39,110.02
111.32,111.21,111.53,111.07
111.29,111.17,111.62,110.99
111.16,111.80,111.80,110.99
111.49,111.59,111.65,110.25
111.61,112.14,112.25,111.61
