SON,Sonoco Products Company Common Stock,NASDAQ
29.50,30.05,30.12,29.43
29.99,30.49,30.94,29.88
30.41,31.08,31.36,30.25
31.01,30.48,31.03,30.40
30.36,30.73,31.34,29.97
29.72,30.49,30.93,29.72
30.26,30.25,30.55,29.90
30.25,30.25,30.33,29.89
30.08,30.08,30.28,29.76
29.95,29.72,30.11,29.47
29.68,30.28,30.51,29.65
30.00,29.78,30.00,29.59
29.75,29.47,29.75,28.99
29.47,28.98,29.52,28.77
28.99,28.92,29.40,28.82
28.81,28.80,29.39,28.63
28.89,28.98,29.04,28.44
29.34,28.07,29.34,28.04
28.15,27.76,28.60,27.75
27.90,28.06,28.28,27.82
28.02,28.35,28.45,27.70
28.27,27.93,28.27,27.71
27.76,27.00,27.83,26.92
26.97,27.11,27.16,26.17
27.20,26.95,27.28,26.74
27.15,27.22,27.68,26.96
28.49,28.48,29.36,27.64
28.57,28.57,29.00,28.13
28.36,28.86,28.86,28.30
28.99,29.18,29.20,28.82
29.16,28.85,29.35,28.76
28.80,29.63,29.64,28.78
29.50,29.68,29.74,29.44
29.73,29.63,29.75,29.50
29.53,29.47,29.73,29.30
29.62,29.71,29.85,29.42
29.42,29.85,29.88,29.10
29.93,29.58,29.93,29.40
29.65,30.00,30.03,29.51
30.01,29.93,30.02,29.80
30.00,29.81,30.01,29.69
29.80,29.83,29.94,29.64
30.00,29.98,30.07,29.86
30.04,30.10,30.14,29.27
30.03,30.25,30.37,29.87
30.31,30.75,30.79,30.10
30.64,30.79,30.84,30.45
30.81,30.78,30.93,30.46
30.81,31.00,31.00,30.58
30.97,31.24,31.25,30.93
31.30,31.75,31.85,31.18
31.75,31.63,31.75,31.37
30.80,30.80,31.86,30.73
30.55,31.07,31.42,30.50
31.07,31.45,31.45,30.76
31.24,31.30,31.42,31.01
31.45,30.66,31.46,30.62
30.77,30.50,30.90,30.26
30.68,30.60,30.85,30.36
30.69,30.51,30.87,30.40
30.47,30.79,31.00,30.47
30.93,31.70,31.70,30.75
31.73,31.77,31.86,31.49
31.68,31.65,31.68,31.48
31.40,31.34,31.46,31.05
31.29,31.61,31.64,31.06
31.71,31.98,31.98,31.55
32.08,31.57,32.08,31.40
31.45,31.97,32.01,31.40
32.06,32.77,32.80,31.90
32.65,32.72,32.90,32.57
32.54,32.71,32.91,32.37
32.53,32.91,32.95,32.28
32.98,33.00,33.04,32.81
32.95,32.77,33.37,32.55
32.59,34.03,34.04,32.27
35.87,34.19,35.87,33.96
34.11,34.03,34.29,33.86
33.79,33.04,34.16,32.97
33.39,32.88,33.47,32.74
33.17,33.23,33.38,32.99
33.20,33.13,33.34,32.90
33.29,33.71,33.78,33.14
33.66,33.25,33.76,32.90
32.98,32.69,33.15,32.54
32.53,31.47,32.87,29.28
31.51,31.00,32.02,30.92
32.42,32.80,32.81,31.78
32.62,32.80,33.26,32.47
32.69,33.29,33.35,32.51
33.34,32.84,33.43,32.59
32.44,32.11,32.62,31.82
32.54,32.76,33.13,31.89
33.10,32.53,33.57,32.43
32.53,32.24,32.53,31.52
31.45,30.81,31.64,30.77
30.31,30.76,30.98,30.05
30.57,30.14,30.89,30.10
29.40,29.98,30.04,28.93
30.16,29.99,30.54,29.83
30.59,31.26,31.26,30.34
31.18,30.91,31.31,30.73
30.73,30.13,31.32,30.13
30.27,31.18,31.18,30.07
30.96,31.58,31.62,30.96
30.87,30.31,31.19,30.20
30.40,29.25,30.43,29.22
29.40,29.18,29.41,28.83
29.48,29.51,30.12,29.45
30.06,30.42,30.47,29.89
30.07,32.01,32.10,30.04
32.33,31.84,32.83,31.81
31.94,32.75,32.78,31.86
32.46,32.34,32.67,32.25
32.60,32.28,32.61,31.88
32.26,32.26,32.47,32.01
32.73,32.06,32.80,31.90
32.19,31.19,32.33,31.14
31.10,31.00,31.27,30.55
30.81,31.00,31.23,30.68
31.02,31.20,31.39,30.71
31.46,31.41,31.63,31.06
30.99,30.96,31.06,30.43
30.77,30.48,31.03,30.46
30.45,30.32,30.59,29.66
30.49,30.37,30.57,29.96
30.83,30.58,31.23,30.30
30.68,31.21,31.24,30.52
31.55,31.63,31.83,31.27
31.68,31.85,31.91,31.55
31.67,31.73,32.00,31.57
32.09,32.46,32.57,31.97
32.40,32.28,32.52,32.00
32.40,32.72,32.86,31.90
32.53,31.84,32.53,31.68
31.85,32.08,32.17,31.61
31.74,33.01,33.03,31.71
33.11,32.54,33.25,32.35
32.76,32.30,32.84,32.09
32.28,33.49,33.60,32.24
33.57,33.61,33.66,33.24
33.79,33.19,33.90,33.13
33.06,32.71,33.35,32.60
32.85,32.56,33.08,32.23
32.25,32.70,32.83,32.15
33.36,33.12,33.36,32.89
32.90,32.58,32.96,32.34
32.47,33.06,33.11,32.43
32.80,33.05,33.12,32.70
32.95,32.83,33.18,32.50
33.07,32.84,33.14,32.74
32.66,32.79,33.07,32.38
32.28,31.43,32.33,31.37
31.31,31.42,31.59,30.96
31.51,31.85,32.10,31.41
31.73,31.75,31.95,31.50
32.11,32.68,33.00,31.94
32.53,32.24,32.53,31.85
32.12,31.64,32.28,31.47
31.46,31.54,31.54,31.00
31.72,30.95,31.76,30.91
30.57,31.01,31.27,30.47
30.76,31.28,31.40,30.40
31.30,31.29,31.74,31.26
31.51,31.86,31.99,30.99
31.72,31.21,31.72,31.12
31.04,31.45,31.55,30.82
31.85,32.01,32.39,31.76
32.29,33.06,33.22,32.05
33.64,33.06,33.64,32.95
32.95,32.78,33.02,32.57
32.74,32.64,32.95,32.54
32.87,32.73,33.03,32.54
32.89,32.87,33.35,32.60
33.24,32.94,33.43,32.90
32.87,32.91,33.13,32.72
32.78,33.15,33.36,32.48
33.11,33.10,33.35,32.95
33.25,33.27,33.47,33.01
33.27,33.41,33.57,32.74
33.38,33.30,33.58,33.15
33.30,33.36,33.70,33.26
33.05,33.05,33.50,32.85
33.49,33.61,34.00,33.34
33.60,33.63,33.89,33.20
33.83,33.99,34.00,33.13
33.80,33.71,34.01,33.70
33.83,33.44,34.06,33.44
33.64,33.70,33.70,33.33
33.64,33.64,33.93,33.38
33.96,34.66,34.84,33.96
34.53,34.60,34.69,34.28
34.82,34.12,34.87,33.98
34.07,34.35,34.50,33.95
34.43,34.25,34.51,34.21
34.27,34.43,34.58,33.85
34.57,34.80,35.00,34.55
34.72,34.51,34.97,34.26
34.68,34.52,34.94,34.33
34.70,34.83,34.93,34.58
34.44,34.43,34.60,34.17
34.50,34.64,35.04,34.46
34.25,33.48,34.27,32.87
33.42,33.59,33.79,32.91
33.82,33.46,33.86,33.39
33.42,33.33,33.62,33.17
33.14,33.49,33.54,32.96
33.62,33.41,33.65,33.20
33.40,33.50,33.76,33.32
33.50,33.42,33.86,33.27
33.73,33.75,33.95,33.63
33.82,33.72,33.87,33.34
33.90,33.94,34.05,33.81
34.00,33.81,34.10,33.74
33.74,33.68,33.80,33.47
33.68,32.89,33.76,32.71
32.90,33.15,33.42,32.61
32.93,32.93,33.06,32.71
32.79,32.65,32.88,32.50
32.74,32.66,33.18,32.66
32.45,32.14,32.45,31.90
31.97,32.02,32.20,31.75
32.34,32.28,32.61,32.25
32.20,32.53,32.68,32.00
32.52,32.85,32.94,32.45
32.47,32.54,32.69,32.21
32.79,32.84,33.05,32.74
32.72,32.90,32.98,32.59
32.65,32.89,33.00,32.13
32.77,32.76,33.34,32.52
33.22,33.32,33.59,33.12
33.40,33.50,33.56,33.12
33.45,33.16,33.68,33.12
33.10,32.84,33.43,32.84
33.18,32.61,33.21,32.36
32.71,32.67,33.13,32.62
32.80,33.04,33.16,32.78
33.21,33.46,33.56,33.12
33.52,33.77,33.94,33.52
33.84,33.98,34.07,33.82
33.85,33.81,34.12,33.65
33.74,34.07,34.13,33.67
34.18,33.98,34.27,33.79
34.02,33.77,34.21,33.60
33.83,33.80,34.08,33.77
33.88,33.96,34.09,33.80
33.90,33.86,34.07,33.83
33.80,33.94,34.05,33.59
34.10,34.04,34.10,33.77
33.99,33.95,34.10,33.61
33.92,33.92,34.10,33.92
33.90,33.67,34.06,33.65
34.04,34.61,34.99,34.04
34.63,34.63,34.87,34.40
34.58,34.85,35.03,34.56
34.95,34.93,35.15,34.73
35.05,34.99,35.28,34.34
34.88,34.95,35.01,34.29
35.05,35.32,35.46,34.95
35.50,35.44,35.67,35.36
35.56,35.60,35.71,35.43
35.50,35.99,35.99,35.50
35.86,36.19,36.19,35.61
36.22,35.72,36.39,35.65
35.56,35.48,35.86,35.40
35.22,35.18,35.42,35.00
35.31,35.80,35.85,35.31
35.77,35.92,35.92,35.46
36.12,36.26,36.49,35.99
36.31,36.41,36.60,36.17
36.38,35.66,36.47,35.63
35.73,35.55,35.97,35.53
35.81,35.93,36.15,35.69
36.03,36.13,36.38,35.92
36.16,36.18,36.34,36.02
36.07,36.23,36.31,35.91
36.24,36.44,36.52,36.21
36.33,36.61,36.70,36.27
35.88,36.34,36.76,35.84
36.35,36.00,36.35,35.88
35.92,36.04,36.29,35.92
36.07,36.16,36.25,35.92
36.00,36.16,36.30,35.86
36.16,36.33,36.47,36.02
36.34,36.62,36.69,36.18
36.62,36.13,36.62,36.06
35.82,35.39,36.10,35.38
35.47,35.10,35.75,34.89
35.07,35.21,35.56,34.87
35.41,35.97,35.98,35.21
36.20,36.08,36.39,36.01
36.18,35.40,36.34,35.30
35.43,35.89,36.25,35.31
36.19,36.52,36.78,36.19
36.52,36.21,36.57,35.94
36.38,35.93,36.45,35.67
35.93,36.16,36.63,35.81
36.14,36.34,36.56,35.83
35.83,35.87,36.20,35.51
35.84,35.95,36.15,35.78
35.66,35.57,35.80,35.48
34.72,35.05,35.36,34.41
34.90,34.35,35.12,34.33
34.78,34.52,35.11,34.50
34.74,34.71,34.98,33.96
35.03,35.31,35.49,35.00
35.28,35.30,35.44,35.19
35.33,35.31,35.48,35.20
35.50,35.41,35.56,35.29
35.45,35.40,35.66,35.27
35.44,35.37,35.78,35.32
35.35,35.56,35.63,35.21
35.74,35.97,36.04,35.60
35.87,36.23,36.30,35.75
36.47,36.80,36.89,36.41
36.85,36.69,36.85,36.38
36.67,36.61,36.95,36.47
36.82,36.52,36.93,36.36
36.43,36.01,36.57,36.00
36.17,35.41,36.25,35.12
35.46,35.12,35.46,34.86
34.89,34.79,35.07,34.70
35.03,35.14,35.29,34.81
34.99,35.09,35.27,34.82
35.09,35.31,35.48,35.08
34.76,34.78,35.06,34.62
34.78,35.17,35.28,34.78
35.67,35.51,36.10,35.49
35.27,34.74,35.27,34.35
34.77,34.35,34.83,34.23
34.50,34.59,34.71,34.41
34.72,34.90,34.97,34.25
34.90,34.77,35.07,34.70
34.75,34.56,34.86,34.45
34.66,34.62,34.80,34.42
34.42,34.65,34.85,34.42
34.72,34.41,34.86,34.26
34.14,34.58,34.93,34.13
34.98,34.72,35.13,34.53
34.74,35.00,35.01,34.59
35.12,35.51,35.63,35.09
35.24,35.34,35.50,35.20
35.30,35.66,35.68,35.19
35.71,35.35,35.74,35.23
35.18,35.35,35.59,35.03
35.22,34.96,35.32,34.75
35.05,35.23,35.24,34.93
35.43,35.45,35.66,35.22
35.45,35.13,35.47,35.00
34.76,34.78,34.93,34.34
34.71,34.55,35.02,34.46
34.44,34.56,34.66,34.13
34.44,34.75,34.89,34.29
34.89,35.00,35.05,34.76
35.17,35.42,35.42,34.86
35.46,34.27,35.61,34.26
34.21,34.09,34.54,33.90
33.71,33.64,33.93,33.61
33.56,33.14,33.59,33.14
33.50,33.67,33.95,33.50
33.64,33.58,33.74,33.50
33.66,34.05,34.20,33.52
34.01,33.68,34.01,33.58
33.71,33.79,34.53,33.63
34.10,34.25,34.29,33.99
33.92,33.15,34.06,33.05
33.18,33.04,33.27,32.71
33.29,33.13,33.43,33.06
33.16,33.43,33.51,33.13
33.53,33.78,33.84,33.50
33.68,33.90,34.11,33.66
33.52,33.85,33.91,33.40
33.95,34.11,34.23,33.95
33.97,34.50,34.64,33.96
34.67,35.11,35.19,34.52
35.33,35.36,35.58,35.07
35.49,35.54,35.79,35.48
35.78,36.05,36.24,35.64
36.02,35.62,36.02,35.49
35.50,35.72,35.95,35.50
35.95,35.77,36.05,35.68
35.24,35.23,35.37,34.83
34.90,35.05,35.23,34.86
35.03,35.02,35.18,34.92
35.18,34.58,35.28,34.55
34.83,34.17,34.87,33.99
34.28,34.21,34.28,33.96
34.17,33.70,34.22,33.61
33.66,33.75,33.83,33.63
33.85,33.69,34.04,33.62
32.91,33.38,33.55,31.71
33.25,32.94,33.26,32.83
32.74,32.75,32.83,31.95
32.88,32.58,32.88,32.48
32.44,32.23,32.54,32.10
32.30,31.99,32.52,31.88
31.71,32.05,32.29,31.71
32.50,31.97,32.57,31.80
31.78,31.44,31.96,31.35
31.50,31.31,31.62,31.05
31.13,30.06,31.32,30.05
30.42,29.90,30.51,29.42
29.09,28.03,29.49,28.03
28.43,29.21,29.22,27.70
28.47,28.12,28.92,28.08
28.25,29.07,29.38,28.06
29.07,29.38,29.69,29.02
29.55,30.06,30.07,29.55
29.75,29.90,30.06,29.59
29.74,29.68,30.04,29.60
28.92,28.28,29.09,28.07
28.00,28.04,28.63,28.00
28.77,27.92,28.92,27.80
27.86,28.51,28.52,27.62
28.50,29.17,29.24,28.44
29.42,28.84,29.54,28.54
28.64,29.35,29.47,28.22
29.68,30.74,30.83,29.57
30.60,30.91,31.04,30.52
31.07,31.59,31.86,31.02
31.50,31.22,31.65,31.12
30.60,30.76,31.25,30.40
30.10,30.91,31.26,29.79
31.36,31.79,31.87,31.32
31.57,31.51,32.12,31.37
31.25,31.09,31.34,30.83
30.83,30.93,31.13,30.25
30.99,31.14,31.31,30.72
31.38,31.71,31.97,30.87
32.01,32.12,32.19,31.70
32.25,32.11,32.50,31.88
31.59,31.55,31.68,31.18
31.79,31.32,32.04,31.30
31.36,30.38,31.53,30.35
29.80,30.25,30.39,29.59
30.23,29.70,30.39,29.56
29.87,29.44,30.00,29.16
29.94,29.67,30.24,29.52
29.69,28.83,29.97,28.79
29.30,29.17,29.50,28.54
28.78,28.23,29.17,28.23
28.06,27.34,28.21,27.29
26.71,27.74,27.76,26.10
27.61,28.23,28.45,27.50
28.14,28.96,29.02,27.90
28.99,28.78,29.06,28.37
29.26,29.61,29.62,29.03
29.37,29.74,29.93,29.37
30.06,30.46,30.75,29.96
30.26,30.37,30.44,29.90
30.75,30.82,30.97,30.50
30.58,29.91,30.58,29.71
30.01,30.73,30.88,29.54
30.59,30.57,31.52,30.49
30.08,29.85,30.36,28.92
30.16,30.14,30.32,29.72
30.15,31.19,31.24,30.15
31.16,30.64,31.19,30.58
31.01,30.62,31.01,29.94
31.61,32.47,33.00,31.56
32.28,32.16,32.52,31.84
31.63,31.39,31.89,31.07
30.39,30.46,30.87,30.21
30.87,30.98,31.38,30.73
31.46,31.75,31.97,31.21
31.52,32.07,32.30,31.36
32.17,32.09,32.30,31.62
32.21,32.59,32.71,31.72
31.80,31.29,31.99,31.07
32.08,31.73,32.48,31.50
32.20,32.20,32.69,32.00
32.08,31.76,32.13,31.59
31.64,31.88,32.03,31.27
31.09,31.01,31.70,30.87
30.97,30.77,31.30,30.57
30.88,30.78,31.01,30.60
30.31,30.81,30.98,30.27
30.83,30.91,31.37,30.69
30.68,30.35,30.82,29.99
30.30,30.53,30.92,30.18
31.40,31.14,31.52,30.97
31.14,31.13,31.66,31.07
31.97,32.48,32.64,31.82
32.46,32.10,32.85,32.04
32.48,32.32,32.83,32.21
32.55,32.36,32.89,32.11
32.31,32.07,32.51,31.63
31.84,32.21,32.50,31.65
32.02,31.59,32.09,31.30
31.76,32.48,32.64,31.67
32.08,32.30,32.31,31.82
32.56,32.08,32.86,31.79
31.98,31.95,32.29,31.90
32.31,32.35,32.47,32.07
32.50,32.79,32.97,32.41
32.92,32.37,33.00,32.25
33.02,32.84,33.45,32.81
32.82,32.82,33.04,32.49
32.96,33.02,33.22,32.84
33.21,33.26,33.31,33.06
33.13,33.44,33.64,32.93
33.38,32.88,33.43,32.82
33.01,33.15,33.19,32.87
33.08,32.96,33.43,32.95
33.59,33.17,33.62,33.08
32.98,32.86,33.00,32.72
32.74,32.65,32.99,32.28
32.72,32.93,33.12,32.56
32.95,33.00,33.04,32.46
33.27,33.28,33.79,33.20
33.22,33.36,33.58,33.14
33.46,33.39,33.46,32.98
33.27,33.12,33.30,32.82
33.28,33.01,33.59,32.83
32.91,33.34,33.34,32.66
33.41,33.71,33.85,33.25
31.74,31.93,32.65,31.74
31.91,31.68,32.03,31.47
31.26,31.49,31.54,31.15
31.42,31.35,31.68,31.27
31.59,31.43,31.83,31.36
31.34,31.40,31.55,31.24
31.27,31.31,31.45,31.04
31.44,31.30,31.62,31.02
31.50,31.90,32.07,31.32
31.90,31.77,32.02,31.67
32.13,32.53,32.75,32.01
32.33,32.36,32.56,32.10
32.27,32.61,32.68,32.15
32.71,32.85,33.06,32.48
32.80,33.51,33.66,31.99
33.30,33.01,33.30,32.31
33.35,33.00,33.40,32.74
32.80,32.61,33.09,32.37
32.66,32.31,32.66,32.01
32.40,32.72,32.95,32.32
32.92,32.43,32.92,32.30
32.40,32.28,32.79,32.13
32.28,32.12,32.34,31.82
32.22,32.60,33.11,32.07
32.64,32.46,33.03,32.39
32.33,32.69,33.10,31.94
32.60,32.67,32.98,32.12
32.62,32.84,32.99,32.47
33.84,33.56,33.84,33.23
33.39,33.45,33.79,33.03
33.50,33.38,33.54,33.15
33.22,33.32,33.40,32.87
33.25,33.63,33.78,33.18
33.79,34.49,34.53,33.71
34.44,34.36,34.83,34.10
33.85,33.49,34.20,33.43
33.69,33.81,33.90,33.39
33.81,33.81,33.95,33.58
33.82,34.00,34.10,33.62
34.10,33.91,34.19,33.83
34.04,33.96,34.26,33.87
33.87,33.85,34.10,33.66
33.96,33.72,33.99,33.66
33.60,33.49,33.66,33.25
33.57,33.56,33.62,33.20
33.87,33.83,34.08,33.62
33.80,33.59,34.00,33.55
33.67,33.22,33.67,33.09
33.08,33.29,33.38,32.95
33.52,33.20,33.58,33.16
33.24,33.49,33.70,33.10
33.47,33.65,33.80,33.29
33.28,33.50,33.55,33.12
33.37,33.22,33.52,33.03
32.75,32.58,32.82,32.49
32.49,31.67,32.71,31.62
32.14,31.86,32.14,31.65
31.93,32.55,32.63,31.93
32.51,32.44,32.72,32.36
32.45,32.61,32.63,32.31
32.87,32.80,33.10,32.62
32.69,32.46,32.83,32.37
32.93,32.91,33.91,32.62
33.09,33.36,33.46,32.90
32.98,32.90,33.03,32.61
33.00,32.92,33.31,32.76
33.33,33.49,33.55,33.25
33.41,33.33,33.60,33.14
33.49,33.41,33.49,33.12
33.29,33.13,33.33,32.99
33.12,33.41,33.56,32.89
33.18,33.23,33.35,33.07
33.24,32.93,33.37,32.74
32.85,32.34,32.85,32.26
32.21,32.23,32.42,32.07
32.09,32.55,32.57,31.90
32.19,32.42,32.52,31.95
32.68,32.37,32.68,32.11
32.16,32.16,32.50,32.09
31.89,32.17,32.32,31.70
32.27,32.20,32.39,32.01
32.07,31.07,32.07,31.04
31.07,30.48,31.07,30.45
30.62,30.59,30.99,30.54
30.58,31.07,31.18,30.41
31.17,30.82,31.18,30.69
30.71,31.15,31.19,30.45
31.16,31.01,31.21,30.60
31.08,30.78,31.33,30.67
31.16,31.42,31.58,30.92
31.16,30.81,31.22,30.64
30.75,30.77,30.89,30.44
30.29,30.08,30.33,29.92
30.16,29.77,30.24,29.58
29.64,29.91,30.18,29.57
30.10,30.56,30.56,30.01
31.05,30.76,31.11,30.67
30.79,31.11,31.40,30.58
31.36,30.66,31.39,30.62
30.67,30.85,31.00,30.54
30.75,30.45,30.94,30.37
30.55,30.44,30.65,30.25
30.49,30.56,30.74,30.28
30.39,30.77,30.84,30.31
30.99,30.97,31.20,30.81
31.10,30.86,31.10,30.74
30.85,30.16,30.93,30.10
30.35,30.72,30.87,30.24
30.24,30.36,30.51,30.00
30.48,30.41,30.75,30.23
30.46,30.40,30.65,30.31
30.18,30.06,30.28,29.72
30.56,30.15,30.59,30.03
30.17,29.91,30.35,29.62
29.98,30.41,30.45,29.79
30.41,30.16,30.41,29.90
29.91,29.71,30.04,29.59
29.60,29.77,29.80,29.49
29.82,29.63,30.11,29.45
29.62,29.79,29.85,29.48
29.58,29.47,29.72,29.39
29.57,29.78,29.89,29.46
29.56,29.77,29.86,29.40
29.83,30.27,30.40,29.59
30.20,30.90,31.18,30.20
30.73,29.23,30.73,28.96
29.05,29.38,29.90,29.03
29.08,29.26,29.36,28.61
29.69,29.48,30.78,29.21
29.47,29.36,29.81,29.24
29.61,29.69,29.91,29.49
29.93,30.08,30.22,29.61
30.14,30.25,30.34,29.94
30.12,30.31,30.42,30.03
30.51,29.97,30.53,29.95
29.60,29.88,29.97,29.44
30.18,30.35,30.49,30.14
30.34,30.34,30.53,30.29
30.54,30.54,30.71,30.37
30.60,30.33,30.60,30.24
30.42,30.21,30.42,30.16
30.20,30.37,30.45,30.10
30.41,30.36,30.62,30.20
30.50,30.40,30.52,30.32
30.25,30.54,30.57,30.08
30.47,30.85,31.04,30.47
30.96,30.91,30.98,30.75
30.89,30.84,30.96,30.59
30.90,30.83,31.05,30.77
30.71,30.73,30.80,30.51
30.65,30.37,30.66,30.34
30.37,30.55,30.60,30.35
30.61,30.59,30.81,30.48
30.52,30.40,30.77,30.33
30.48,30.60,30.76,30.21
30.44,30.48,30.52,30.20
30.62,30.59,30.70,30.35
30.66,30.79,30.79,30.27
30.64,30.90,31.03,30.54
31.08,31.13,31.26,30.99
31.14,31.05,31.21,30.90
31.09,31.04,31.29,30.88
30.28,30.13,30.49,29.82
30.14,30.23,30.32,30.02
30.29,30.62,30.80,30.23
30.65,30.84,30.98,30.63
30.76,30.47,30.89,30.44
30.34,30.36,30.58,30.27
30.44,30.84,30.84,30.34
30.68,30.98,31.02,30.48
31.15,31.07,31.24,30.96
31.16,31.47,31.50,31.15
31.54,31.01,31.67,30.95
31.05,30.99,31.20,30.83
31.02,30.90,31.14,30.77
30.78,30.99,31.07,30.72
31.03,30.98,31.11,30.76
31.02,31.11,31.20,30.93
31.25,30.99,31.25,30.90
31.08,31.09,31.29,30.98
31.27,31.29,31.40,31.20
30.55,30.86,31.05,30.55
30.71,30.75,30.89,30.55
30.57,30.35,30.71,30.30
30.62,30.59,30.72,30.40
30.68,30.59,30.87,30.50
30.47,31.03,31.03,30.47
31.09,31.59,31.61,31.03
31.69,31.59,31.90,31.45
31.63,32.20,32.51,31.55
31.74,31.65,32.14,31.59
31.65,31.55,31.82,31.27
31.10,30.91,31.27,30.63
30.97,30.88,31.03,30.77
31.02,31.10,31.22,30.79
31.14,31.06,31.14,30.73
31.11,31.13,31.48,30.83
31.20,31.63,31.80,31.20
31.81,31.14,31.92,31.10
31.19,31.33,31.40,30.84
31.37,31.49,31.68,31.32
31.17,30.95,31.23,30.66
30.97,30.57,31.02,30.48
30.52,30.45,30.87,30.40
30.51,30.48,30.67,30.32
30.37,30.30,30.56,30.21
30.06,29.54,30.19,29.48
29.47,29.21,29.66,29.05
29.24,29.24,29.47,29.00
29.51,29.66,29.66,29.32
29.56,29.59,29.59,29.32
29.69,29.68,29.84,29.56
29.77,30.25,30.27,29.67
30.14,30.20,30.50,29.89
30.14,30.13,30.33,30.01
30.09,30.09,30.18,29.67
30.28,30.21,30.33,29.99
30.21,30.07,30.39,29.97
30.12,29.77,30.35,29.74
29.73,29.58,29.96,29.52
29.65,29.39,29.67,29.09
29.35,29.70,29.72,29.33
29.56,29.76,29.82,29.42
29.64,29.62,29.95,29.58
29.74,29.49,29.79,29.37
29.70,29.51,29.80,29.47
29.55,29.57,29.80,29.46
29.64,29.20,29.81,29.15
29.29,29.47,29.49,29.21
29.50,29.54,29.54,29.27
29.60,29.81,29.97,29.42
29.79,30.00,30.00,29.73
29.44,29.65,29.94,29.42
29.59,29.83,29.87,29.56
29.87,29.85,30.02,29.77
29.80,29.70,29.88,29.44
29.51,29.45,29.66,29.39
29.36,29.73,29.75,29.26
30.14,30.35,30.35,30.04
30.35,30.46,30.59,30.25
30.43,30.73,30.80,30.42
30.66,30.62,30.72,30.51
30.58,30.38,30.82,30.36
29.80,30.14,30.39,29.75
30.34,30.02,30.41,30.02
30.19,30.23,30.25,29.80
30.19,30.44,30.50,30.16
30.35,30.56,30.56,30.31
30.47,30.52,30.60,30.36
30.69,30.89,31.04,30.58
30.95,31.18,31.20,30.85
31.07,31.23,31.35,31.00
31.14,31.24,31.49,31.14
31.20,31.00,31.43,30.88
31.06,30.99,31.07,30.85
30.99,31.17,31.17,30.83
31.06,31.26,31.33,30.97
31.19,31.01,31.26,30.95
30.94,30.99,31.14,30.94
31.23,31.39,31.54,31.02
31.30,31.19,31.47,31.17
31.34,31.37,31.54,31.25
31.25,31.54,31.55,31.23
31.48,31.48,31.56,31.31
31.53,31.75,31.80,31.53
31.74,31.80,31.84,31.65
31.80,31.78,31.89,31.66
31.81,32.03,32.25,31.69
32.11,32.00,32.16,31.89
32.18,32.37,32.46,32.14
32.49,32.21,32.86,32.13
32.12,31.63,32.25,31.62
31.63,31.60,31.92,31.41
31.74,31.91,32.00,31.74
31.90,31.16,31.90,31.14
31.32,31.49,31.54,31.18
31.55,31.83,31.89,31.52
31.82,31.77,31.99,31.69
31.61,31.77,31.92,31.34
31.83,32.04,32.04,31.71
32.19,32.42,32.50,32.14
32.53,32.58,32.76,32.47
32.72,32.73,32.80,32.55
32.94,33.27,33.35,32.81
33.31,33.45,33.50,33.25
33.55,33.52,33.63,33.35
33.52,33.74,33.78,33.42
33.74,33.86,33.88,33.63
33.76,34.02,34.02,33.75
33.77,33.92,34.12,33.73
34.03,34.08,34.20,33.91
34.28,34.16,34.34,34.05
34.10,34.01,34.31,33.93
34.18,34.24,34.46,34.18
34.33,34.22,34.50,34.14
34.39,34.77,34.80,34.31
34.66,34.72,34.80,34.38
34.76,34.99,35.05,34.62
34.82,34.59,35.03,34.43
34.66,34.61,34.77,34.42
34.72,34.14,34.74,33.95
34.22,34.10,34.36,33.90
33.93,34.23,34.24,33.59
34.31,34.69,34.69,34.24
34.61,34.39,34.61,34.14
34.38,35.16,35.22,34.38
35.26,35.28,35.47,35.12
35.24,35.22,35.44,35.04
35.13,34.42,35.15,34.40
34.62,35.21,35.23,34.62
34.82,34.60,34.93,34.18
35.40,34.03,35.41,32.03
34.06,33.94,34.41,33.85
34.02,34.19,34.29,33.70
34.35,34.50,34.55,34.02
34.56,34.74,34.89,34.51
34.75,34.53,34.75,34.49
34.58,34.37,34.70,34.19
34.47,34.72,34.85,34.33
34.63,35.04,35.04,34.51
34.96,34.60,35.02,34.60
34.58,34.80,34.91,34.50
35.01,35.25,35.50,34.93
35.28,35.32,35.44,35.14
35.30,35.39,35.40,35.21
35.38,35.57,35.57,35.29
35.55,35.41,35.67,35.31
35.39,35.48,35.53,35.26
35.45,35.48,35.57,35.22
35.45,35.64,35.65,35.40
35.40,35.57,35.63,35.22
35.50,35.29,35.58,35.18
35.31,35.64,35.66,35.30
35.57,35.60,35.82,35.54
35.56,35.63,35.77,35.49
35.65,35.35,35.93,35.26
35.03,35.38,35.42,34.93
35.16,35.22,35.34,34.96
35.56,35.44,35.80,35.25
35.19,34.97,35.29,34.82
34.96,35.30,35.33,34.95
35.26,35.02,35.62,35.01
34.97,35.00,35.15,34.53
34.89,34.76,35.04,34.51
34.60,34.26,34.63,34.25
34.31,34.62,34.62,34.21
34.75,35.00,35.07,34.57
35.16,35.02,35.28,34.78
34.77,34.72,34.88,34.54
34.98,34.60,35.04,34.56
34.55,35.29,35.37,34.55
35.32,35.20,35.37,35.04
35.35,35.46,35.59,35.26
35.48,35.62,35.79,35.45
35.34,35.05,35.38,34.98
34.68,34.16,34.72,34.13
34.32,34.07,34.41,33.70
33.77,33.91,34.14,33.59
34.09,34.04,34.16,33.59
34.24,34.17,34.45,34.05
34.42,34.49,34.64,34.33
34.39,34.57,34.79,34.29
34.70,35.12,35.33,34.70
35.15,35.00,35.44,34.84
34.86,34.91,34.97,34.65
35.10,35.37,35.38,34.94
35.40,35.57,35.67,35.29
35.64,35.86,35.97,35.57
35.82,35.92,35.95,35.57
36.13,36.50,36.50,36.10
36.48,36.59,36.65,36.39
36.69,36.62,36.77,36.38
36.53,36.26,36.61,36.18
36.35,36.28,36.51,36.19
36.35,36.46,36.62,36.25
36.51,37.10,37.12,36.51
37.90,38.18,38.50,37.89
38.11,38.16,38.36,37.73
38.27,38.19,38.35,38.02
38.01,38.47,38.50,37.95
38.21,38.33,38.43,37.96
38.27,38.27,38.38,38.05
38.33,38.37,38.43,38.08
38.38,38.49,38.73,38.29
38.81,39.51,39.59,38.63
39.32,39.41,39.56,39.23
39.33,39.47,39.63,39.08
39.35,39.04,39.35,39.00
38.90,39.13,39.20,38.64
39.29,38.86,39.37,38.79
38.72,39.16,39.19,38.59
38.95,39.25,39.35,38.85
39.31,39.24,39.35,39.05
38.97,39.00,39.10,38.81
38.63,38.02,38.77,37.91
38.00,38.12,38.28,37.82
38.08,37.97,38.43,37.94
37.99,38.17,38.26,37.91
38.07,37.85,38.22,37.81
37.86,38.17,38.21,37.81
38.30,38.41,38.46,37.98
38.49,38.64,38.86,38.39
38.32,37.80,38.50,37.73
37.90,37.95,38.13,37.56
37.91,37.76,38.34,37.72
37.84,37.23,37.84,37.19
37.60,37.21,37.98,36.59
37.27,37.68,37.71,37.13
37.66,37.44,37.72,37.35
37.70,37.58,37.88,36.89
37.84,38.66,38.67,37.74
38.90,38.76,39.08,38.55
38.77,38.70,38.95,38.47
38.64,38.41,38.81,38.33
38.63,38.90,38.93,38.47
39.36,39.41,39.50,39.00
39.36,38.96,39.48,38.70
38.80,39.28,39.37,38.50
39.28,39.34,39.50,39.23
39.37,38.93,39.46,38.92
38.90,39.24,39.44,38.68
39.17,39.20,39.50,39.13
39.04,38.80,39.12,38.35
38.93,39.80,39.80,38.87
39.49,39.24,39.49,39.18
38.79,38.94,39.21,38.77
39.04,39.38,39.68,38.76
39.03,39.04,39.26,38.79
38.99,38.74,39.09,38.49
38.83,39.13,39.24,38.70
38.71,38.96,39.19,38.62
38.71,38.71,39.10,38.50
38.81,39.02,39.09,38.41
39.30,39.58,39.69,39.21
38.10,38.86,39.14,37.85
38.54,39.01,39.03,38.54
38.83,38.62,38.87,38.43
38.75,38.92,38.98,38.46
38.90,39.98,40.25,38.87
40.01,40.19,40.25,39.52
40.15,40.17,40.29,39.90
40.28,40.89,40.90,40.16
40.69,40.42,40.78,40.30
40.50,40.70,40.75,40.44
40.73,41.03,41.08,40.63
41.07,40.74,41.13,40.65
40.84,40.94,40.94,40.27
40.92,40.54,41.00,40.40
40.58,40.64,40.92,40.41
40.77,40.66,40.99,40.36
40.66,40.91,40.93,40.46
40.71,40.21,40.73,40.02
40.34,40.27,40.52,40.21
40.27,39.54,40.40,39.44
39.46,39.87,39.95,39.40
39.92,39.97,39.98,39.59
39.91,39.90,40.15,39.80
39.44,39.87,39.89,39.44
39.92,40.15,40.18,39.73
40.33,40.59,40.59,40.15
40.81,40.54,40.81,40.34
40.46,40.56,40.70,40.36
40.60,40.39,40.80,40.15
40.54,40.83,40.87,40.42
40.80,40.78,40.97,40.68
40.90,40.70,40.98,40.57
40.62,40.42,40.81,40.35
40.55,40.22,40.58,39.95
40.26,40.06,40.44,40.05
40.13,40.28,40.67,39.77
40.13,39.80,40.25,39.75
39.64,39.58,39.76,39.16
39.50,40.00,40.00,39.24
40.62,40.81,40.83,40.27
40.94,40.51,40.94,40.31
40.48,40.68,40.81,40.29
40.66,40.26,40.76,40.16
40.35,40.17,40.58,39.99
40.18,40.58,40.63,40.14
40.66,40.92,40.98,40.56
41.00,40.93,41.03,40.58
40.92,41.20,41.35,40.46
41.13,40.78,41.18,40.65
40.77,40.82,41.04,40.66
41.11,40.89,41.17,40.87
40.96,41.19,41.25,40.95
41.25,41.24,41.38,41.00
41.46,41.26,41.50,41.19
41.30,41.60,41.76,41.30
41.71,41.72,41.82,41.48
41.45,41.63,41.84,41.32
41.02,41.04,41.25,40.77
41.25,40.97,41.29,40.85
41.05,41.57,42.09,41.05
41.55,42.65,43.75,41.27
42.59,42.31,42.77,41.89
42.37,43.25,43.50,42.21
43.00,42.47,43.13,42.38
42.62,42.76,42.89,42.42
42.74,42.64,43.00,42.49
42.50,42.69,42.87,42.44
42.58,42.74,42.80,42.38
42.97,42.83,42.97,42.66
42.79,43.02,43.03,42.67
42.77,42.82,42.84,42.57
42.69,41.66,42.69,41.65
41.73,41.61,41.95,41.32
41.67,41.57,41.93,41.44
41.22,41.09,41.82,40.99
41.43,41.60,41.78,41.19
41.11,41.38,41.65,40.95
41.33,39.90,41.54,39.85
40.02,40.06,40.28,39.57
39.90,40.26,40.42,39.52
40.37,40.56,40.60,40.12
40.61,41.30,41.35,40.61
41.33,41.49,41.67,41.32
41.60,41.70,41.82,41.43
41.76,41.58,41.95,41.47
41.18,41.83,41.98,40.66
41.93,42.05,42.25,41.91
41.96,42.05,42.16,41.88
41.98,41.45,42.24,41.44
41.52,41.38,41.78,41.04
41.57,41.70,42.09,41.50
41.38,41.22,41.65,41.20
41.24,41.31,41.59,41.10
41.42,41.19,41.57,41.15
41.25,41.56,41.65,41.10
41.60,41.98,42.27,41.54
41.72,41.75,41.91,41.34
42.14,42.00,42.44,41.89
42.04,41.92,42.22,41.76
42.06,41.85,42.06,41.76
42.00,41.95,42.16,41.67
41.95,41.68,41.95,41.45
41.82,41.53,41.84,41.37
41.33,41.42,41.63,41.14
41.44,40.94,41.66,40.83
40.85,40.83,41.02,40.70
40.88,41.24,41.39,40.82
41.35,41.47,41.55,41.24
41.36,40.92,41.47,40.73
40.69,41.00,41.11,40.59
41.08,41.14,41.52,40.96
41.29,40.69,41.50,40.38
40.75,40.56,40.94,40.32
40.80,40.03,40.80,40.02
40.00,40.15,40.18,39.63
40.34,40.33,40.61,40.29
40.50,41.02,41.06,40.20
41.25,41.75,41.78,41.01
41.72,41.93,42.21,41.69
42.10,42.00,42.10,41.85
42.31,41.60,42.48,41.48
41.56,41.46,41.76,41.23
41.37,41.37,41.71,41.17
41.44,41.84,41.87,41.44
41.71,41.22,41.92,41.21
40.87,40.67,41.07,40.62
40.91,40.99,41.35,40.67
41.14,41.65,41.80,40.69
42.00,41.90,42.10,41.67
41.82,42.09,42.41,41.39
42.09,42.20,42.25,41.71
42.27,42.75,42.76,41.95
42.71,42.19,42.72,42.18
42.43,42.30,42.43,41.89
42.23,42.09,42.28,41.96
42.28,42.03,42.54,41.77
42.23,42.19,42.35,41.93
42.10,42.08,42.26,41.75
42.20,41.99,42.36,41.88
42.00,41.61,42.05,41.57
41.32,41.65,41.74,41.11
41.53,41.40,41.59,41.22
41.39,41.92,41.94,41.32
41.90,42.02,42.42,41.78
42.04,42.13,42.14,41.75
42.26,42.52,42.60,42.10
42.54,42.55,42.75,42.46
42.18,42.23,42.31,41.83
42.03,41.63,42.16,41.21
41.70,41.57,41.77,41.32
41.45,41.73,42.00,41.21
41.74,41.26,41.84,41.12
41.48,41.43,41.61,41.34
41.43,41.36,41.57,41.19
41.36,41.48,41.51,41.23
41.57,41.65,41.72,41.38
41.69,41.88,42.07,41.50
41.96,42.16,42.17,41.76
42.15,42.24,42.36,42.11
42.29,42.35,42.46,42.05
41.81,42.27,42.37,41.70
42.16,42.33,42.35,42.04
42.29,42.60,42.77,42.24
42.62,42.80,42.87,42.48
42.86,42.97,43.25,42.80
43.00,42.80,43.04,42.64
42.64,42.75,42.83,42.47
42.68,42.37,42.72,42.30
43.05,43.30,43.64,42.73
43.25,43.18,43.61,43.15
43.22,43.49,43.81,42.98
43.56,43.56,43.65,43.24
43.61,43.77,43.83,43.41
43.80,43.63,43.95,43.48
43.60,43.67,43.82,43.52
43.60,43.27,44.00,43.20
43.27,43.40,43.59,43.20
43.38,43.29,43.44,43.06
43.16,43.64,43.74,43.04
43.60,43.93,43.93,43.45
44.00,44.25,44.65,43.93
44.26,43.43,44.26,43.34
43.79,43.55,43.92,43.44
43.53,43.10,43.62,42.90
42.85,43.20,43.24,42.82
43.15,42.47,43.15,42.18
41.83,42.33,42.43,41.45
42.43,42.63,42.75,42.37
42.97,42.97,43.09,42.84
42.87,42.97,43.26,42.65
43.03,42.74,43.25,42.45
42.35,41.61,42.38,41.47
41.69,41.98,42.09,41.57
41.94,41.50,41.94,41.41
41.69,41.12,41.90,41.10
40.99,40.80,41.13,40.73
41.00,41.09,41.61,40.99
40.63,40.72,41.04,40.62
40.68,41.03,41.20,40.64
41.15,40.21,41.21,40.18
40.33,40.06,40.62,39.90
39.86,39.14,39.92,39.13
38.96,39.14,39.35,38.82
39.31,39.62,39.64,38.99
39.39,39.24,39.58,39.13
39.13,39.46,39.63,39.03
39.69,39.30,39.71,39.13
39.47,39.81,39.84,39.22
39.95,39.59,39.99,39.59
39.44,39.58,39.72,39.38
39.42,39.44,39.57,39.10
39.45,39.51,39.67,39.40
39.50,39.66,39.76,39.31
39.89,39.86,39.96,39.65
40.07,40.15,40.27,39.82
40.01,39.98,40.09,39.85
40.14,40.37,40.50,40.00
40.34,40.30,40.51,40.08
40.64,40.47,41.36,40.46
40.64,40.50,40.72,40.42
40.63,40.95,41.01,40.60
40.70,40.86,40.99,40.63
40.89,41.16,41.18,40.72
41.19,41.25,41.55,41.13
41.28,41.34,41.43,41.23
41.30,41.16,41.63,41.13
40.94,41.37,41.38,40.66
41.11,41.01,41.45,40.88
40.73,41.53,41.73,40.51
41.54,40.92,41.62,40.65
40.85,41.41,41.45,40.74
41.42,40.80,41.42,40.67
40.92,41.13,41.40,40.68
40.97,41.07,41.22,40.80
40.98,40.50,41.15,40.36
40.55,40.34,40.66,40.27
40.44,40.19,40.57,40.05
40.19,39.77,40.34,39.52
39.59,39.26,39.80,39.25
39.30,39.31,39.52,39.05
39.21,39.05,39.32,38.95
39.19,39.40,39.49,39.01
39.00,39.47,39.50,38.82
39.42,39.29,39.64,39.26
39.22,38.66,39.35,38.55
38.59,38.63,38.80,38.28
38.79,39.41,39.46,38.79
39.62,39.55,39.77,39.37
39.44,38.80,39.49,38.80
38.80,39.61,39.67,38.68
39.52,39.05,39.71,38.95
38.98,38.29,39.36,38.27
38.19,37.55,38.59,37.53
37.60,37.59,38.10,37.42
37.14,37.73,38.04,36.82
37.11,38.44,38.58,35.64
38.97,39.01,39.49,38.73
39.06,39.86,39.88,38.92
40.26,40.81,40.93,40.14
41.05,40.14,41.35,40.13
40.34,40.57,40.90,40.28
40.75,40.78,40.99,40.43
40.39,40.01,40.39,39.72
40.28,40.34,40.49,39.89
40.27,40.21,40.51,39.81
39.89,40.31,40.54,39.69
40.59,40.87,40.90,40.21
40.99,40.58,41.09,40.41
39.90,40.47,40.61,39.90
40.64,40.88,40.93,40.34
40.95,41.00,41.23,40.72
41.03,41.27,41.29,40.90
41.29,41.79,42.00,41.19
41.73,41.46,41.92,41.36
40.95,41.08,41.18,40.83
41.11,40.95,41.29,40.88
40.98,40.67,41.12,40.63
40.67,40.82,41.00,40.51
40.92,40.94,41.24,40.67
40.95,41.21,41.45,40.65
40.94,41.31,41.31,40.82
41.61,41.28,41.63,41.12
41.37,41.67,41.87,41.37
41.84,41.90,42.08,41.62
41.82,41.82,41.95,41.55
41.83,42.02,42.27,41.74
42.01,42.13,42.28,41.60
42.10,42.32,42.63,42.05
42.44,43.18,43.24,42.25
43.02,43.27,43.53,42.93
43.53,43.33,43.71,43.23
43.54,43.17,43.64,42.78
42.77,43.40,43.42,42.65
43.42,43.38,43.83,42.98
43.56,43.56,43.79,43.38
43.33,42.92,43.43,42.81
43.11,42.43,43.11,42.06
42.34,42.54,42.96,42.15
42.76,43.20,43.23,42.33
43.85,43.72,43.85,43.34
43.57,44.24,44.30,43.57
44.38,44.35,44.45,44.12
44.47,44.45,44.54,44.07
44.28,44.31,44.53,44.16
44.49,44.36,44.61,44.34
44.38,44.50,44.69,44.22
44.41,44.48,44.64,44.35
44.62,43.70,44.62,43.68
43.79,43.47,43.95,43.15
43.38,42.86,43.42,42.53
43.73,42.54,43.75,42.46
42.97,42.58,43.08,42.44
43.35,44.21,44.25,43.31
44.28,44.05,44.46,43.75
44.07,44.53,44.80,43.85
44.81,44.58,45.62,44.16
44.03,44.36,44.69,44.01
44.59,43.70,44.81,43.52
43.56,44.05,44.10,43.46
44.39,44.03,44.54,43.62
43.91,44.48,44.49,43.75
44.83,45.33,45.45,44.42
45.24,44.43,45.24,44.37
44.67,44.87,44.89,44.11
44.25,44.31,44.55,43.82
44.47,44.06,44.81,43.95
44.20,44.66,44.73,44.00
44.40,44.20,44.59,43.92
44.56,44.43,44.65,43.82
44.64,45.27,45.30,44.55
45.11,45.41,45.44,44.99
45.70,45.73,45.96,45.51
45.67,45.82,46.08,45.52
45.69,45.72,45.99,45.45
46.02,46.49,46.50,45.74
46.39,46.16,46.70,46.08
46.60,47.44,47.94,46.31
46.58,46.65,47.42,46.23
46.66,46.95,47.10,46.34
46.76,47.27,47.27,46.58
47.03,46.96,47.26,46.73
47.00,47.25,47.32,46.30
47.35,47.05,47.35,46.38
47.10,47.14,47.24,46.79
47.10,46.99,47.18,46.81
47.50,47.19,47.50,47.04
47.27,46.83,47.27,46.82
46.76,47.03,47.10,46.60
46.85,46.63,46.91,46.41
46.45,46.24,46.45,45.80
46.45,46.02,46.55,45.88
45.77,45.34,45.86,45.11
45.25,45.01,45.54,44.93
44.75,44.59,44.95,44.27
44.70,44.21,44.70,44.08
44.42,44.62,44.70,44.04
44.63,44.47,44.84,44.20
44.71,44.76,44.94,44.50
44.68,44.86,44.96,44.53
44.88,45.51,45.77,44.51
45.37,45.24,45.61,45.16
45.33,45.36,45.68,44.93
45.40,45.29,45.59,44.92
45.40,45.51,45.96,45.05
45.50,45.73,45.83,45.32
45.74,45.27,45.74,45.03
45.20,45.31,45.45,45.00
45.49,46.10,46.21,45.49
45.76,45.46,46.00,45.31
45.33,45.63,45.64,44.88
45.65,45.58,45.84,45.34
45.36,46.08,46.15,45.31
46.05,45.80,46.26,45.77
45.72,46.37,46.45,45.47
46.15,46.07,46.49,45.98
46.03,46.12,46.48,45.89
45.93,45.67,46.05,45.60
45.72,45.41,45.82,45.14
45.43,45.45,45.65,45.35
46.00,44.71,46.00,44.60
44.35,44.30,44.36,43.90
44.38,44.38,44.75,44.29
44.56,44.30,44.64,44.01
44.41,44.88,44.95,44.22
44.79,44.52,44.89,44.45
44.73,44.79,44.89,44.45
44.90,44.51,45.00,44.38
44.49,44.73,44.84,44.25
44.65,44.71,45.10,44.29
44.54,44.69,45.09,44.54
44.79,45.05,45.16,44.79
45.10,45.14,45.42,45.04
45.23,44.43,45.23,44.15
44.47,44.52,44.52,44.01
44.48,44.45,44.53,44.26
44.98,44.77,45.10,44.70
44.68,44.91,45.01,44.67
44.73,45.22,45.43,44.31
45.11,45.34,45.67,44.82
45.56,45.79,45.89,45.32
45.69,45.80,45.98,45.59
45.75,46.07,46.15,45.52
46.14,46.29,46.47,45.97
46.38,46.25,46.45,46.15
46.12,46.43,46.50,45.99
46.34,46.20,46.48,46.03
46.02,45.63,46.22,45.59
45.65,45.90,46.01,45.56
45.83,45.73,45.93,45.59
45.63,45.02,45.74,44.83
45.09,44.74,45.16,44.51
44.67,44.71,44.80,44.46
44.73,44.75,45.09,44.63
44.48,44.15,44.58,44.09
44.13,44.37,44.39,43.89
44.32,44.34,44.75,44.23
44.37,44.51,44.81,44.17
44.70,44.82,45.03,44.55
44.79,45.36,45.37,44.68
45.26,45.25,45.57,44.90
44.98,44.58,45.01,44.49
44.45,44.69,44.82,44.35
44.84,44.64,44.92,44.36
44.78,44.81,44.95,44.58
44.75,45.03,45.39,44.57
45.15,45.01,45.32,44.74
45.01,44.82,45.42,44.74
44.77,44.16,44.79,44.14
44.25,44.06,44.25,43.96
44.09,44.20,44.29,44.01
43.87,43.17,44.13,43.15
43.54,42.86,43.54,42.77
43.24,43.33,43.60,43.05
43.52,43.35,43.67,43.21
43.05,43.13,43.46,42.81
43.14,43.38,43.42,42.79
43.02,42.93,43.40,42.82
43.28,42.60,43.36,42.58
42.95,43.27,43.34,42.75
43.54,43.85,43.93,43.44
43.91,43.96,44.04,43.72
44.00,43.79,44.05,43.68
35.04,42.96,43.02,34.68
42.94,41.69,43.62,41.42
41.04,41.47,41.85,41.01
41.40,41.14,41.62,41.02
41.25,41.20,41.57,41.11
41.34,40.78,41.34,40.71
40.63,40.41,40.86,40.23
40.28,40.47,40.61,40.13
40.72,40.89,41.10,40.50
40.97,41.37,41.53,40.89
41.31,41.33,41.78,41.05
41.50,41.28,41.55,41.03
41.23,41.07,41.28,40.68
41.09,41.05,41.41,40.90
41.21,41.41,41.62,41.21
41.46,41.32,41.65,41.07
41.27,41.48,41.53,41.18
41.67,41.86,41.99,41.67
41.50,41.66,41.96,41.40
40.95,41.29,41.44,40.68
41.30,41.07,41.47,40.98
41.11,41.78,41.92,40.90
41.65,42.03,42.18,41.38
41.94,41.71,42.05,41.69
41.58,41.40,41.67,41.05
41.12,40.62,41.16,40.61
40.30,40.32,40.55,39.81
38.56,38.60,39.90,37.89
39.45,38.00,39.53,37.96
38.67,38.57,38.86,37.80
39.11,39.34,39.47,38.82
39.18,39.32,39.46,39.13
39.15,39.32,39.46,38.94
38.59,38.36,38.90,38.23
38.79,38.56,38.80,38.13
38.68,38.74,39.15,38.57
38.35,39.03,39.14,38.21
39.68,39.88,39.98,39.38
40.19,40.01,40.27,39.77
40.15,40.03,40.42,39.85
39.91,39.78,39.92,39.22
39.80,39.71,39.89,39.54
39.64,39.75,39.85,39.33
39.75,40.24,40.31,39.49
40.28,40.18,40.79,40.02
39.85,39.54,40.04,39.44
39.80,39.77,40.39,39.64
39.27,38.82,39.61,38.72
38.93,38.76,39.06,38.29
38.41,37.94,38.41,37.57
38.25,37.88,38.25,37.74
37.65,37.26,37.76,37.20
37.21,37.37,37.55,37.01
37.57,37.74,37.86,37.35
37.88,38.20,38.35,37.62
37.93,39.40,39.42,37.77
39.75,40.30,40.35,39.73
40.27,39.75,40.38,39.68
39.91,40.43,40.48,39.87
40.32,41.13,41.18,40.16
41.30,41.44,41.90,41.12
41.40,41.68,41.70,40.98
41.41,41.09,41.76,41.07
41.16,41.01,41.41,40.97
41.20,41.17,41.30,40.57
41.17,41.20,41.30,40.92
41.07,41.19,41.31,40.91
41.13,41.95,42.02,41.13
41.99,41.81,42.23,41.64
41.94,42.20,42.26,40.73
42.40,41.36,42.40,41.25
41.23,41.40,41.46,41.09
41.16,41.36,41.42,40.70
41.52,42.12,42.42,41.50
41.90,42.60,42.65,41.90
42.72,42.69,42.92,42.43
42.67,43.22,43.40,42.45
43.08,42.44,43.11,42.37
42.61,42.14,42.61,41.92
42.20,42.30,42.61,41.75
42.24,42.35,42.36,41.85
42.28,41.96,42.30,41.56
41.54,41.79,41.91,41.01
41.85,41.89,42.07,41.69
41.55,40.63,41.72,40.60
40.54,40.85,41.12,40.36
40.70,40.53,40.94,40.29
40.69,40.26,41.00,40.14
40.43,41.33,41.35,40.33
41.36,41.99,42.11,41.11
42.16,42.54,42.64,41.99
43.25,43.46,43.57,42.89
43.17,43.73,43.92,42.92
43.72,43.67,43.92,43.42
43.73,43.93,44.08,43.47
44.00,43.82,44.33,43.81
43.91,44.25,44.56,43.63
43.86,42.47,43.88,42.29
42.73,42.65,43.25,42.35
42.58,42.93,43.03,42.38
41.46,41.63,41.87,40.12
41.23,41.42,41.66,41.04
41.20,41.46,41.97,41.20
41.59,41.73,42.20,41.55
41.22,41.69,41.87,41.06
41.75,41.17,41.99,41.04
41.47,41.76,41.83,41.41
42.01,41.77,42.26,41.36
41.73,40.63,41.78,40.60
40.63,39.42,40.68,39.40
39.75,39.97,40.00,39.41
40.04,40.37,40.46,39.90
40.55,41.39,41.43,40.42
41.32,41.63,41.78,41.24
41.44,41.56,41.65,41.15
41.85,41.82,42.03,41.63
41.80,41.64,42.10,41.57
41.44,40.87,41.61,40.87
40.25,40.25,40.34,39.42
40.25,40.17,40.35,39.79
39.73,39.73,39.88,39.35
38.99,39.05,39.63,38.90
39.31,38.69,39.51,38.62
38.81,38.82,39.13,38.53
39.10,38.83,39.24,38.41
38.91,38.04,39.30,37.97
38.13,38.26,38.50,37.77
37.49,38.18,38.44,37.41
38.50,38.13,38.50,37.66
37.65,37.70,38.28,36.56
37.69,37.13,38.00,37.12
37.68,38.53,38.67,37.40
38.12,37.01,38.37,36.80
37.33,37.94,38.19,37.29
37.74,37.88,38.44,37.65
38.19,37.87,38.34,37.68
38.09,39.51,39.51,37.99
39.17,39.25,39.43,38.72
38.81,38.99,39.28,38.51
39.42,39.81,39.87,38.88
39.68,40.29,40.61,39.68
40.29,40.21,40.63,39.98
39.72,40.08,40.19,39.41
39.45,40.25,40.54,39.43
40.28,40.41,40.87,40.13
40.85,40.33,41.68,39.53
40.71,40.82,41.66,40.39
41.22,41.41,41.65,40.93
41.62,42.33,42.74,41.56
42.30,42.24,42.50,42.09
42.20,42.56,42.64,41.83
42.55,42.38,42.78,42.02
42.24,42.36,42.58,41.98
42.07,42.86,42.89,41.85
42.97,43.21,43.25,42.60
43.50,43.47,43.52,43.11
43.50,43.70,44.08,43.31
43.89,44.17,44.41,43.18
43.99,44.49,44.57,43.94
44.34,44.96,45.10,44.34
44.78,45.63,45.73,44.78
45.56,45.65,45.76,45.13
45.45,45.36,45.61,45.15
45.48,45.96,45.96,45.31
46.00,46.06,46.32,45.70
46.53,46.87,47.12,46.18
46.73,46.67,46.94,46.46
46.48,46.98,47.08,46.41
46.82,48.01,48.16,46.76
48.06,48.89,49.08,48.06
48.24,48.21,48.71,47.75
48.10,48.70,49.00,48.01
48.48,48.35,48.54,48.08
48.14,48.13,48.63,47.92
47.77,47.91,48.24,47.30
48.02,48.09,48.27,47.84
48.01,48.87,48.90,47.75
48.99,48.70,48.99,48.42
48.77,48.57,48.86,48.37
48.13,48.44,48.52,48.04
48.49,48.25,48.83,48.19
47.86,47.58,48.04,47.32
47.56,47.92,47.93,47.37
47.74,47.64,47.99,47.42
47.95,47.95,48.29,47.70
47.37,47.18,47.76,46.92
47.38,47.63,47.69,47.21
47.93,47.93,47.96,47.55
47.98,47.79,48.03,47.68
47.80,48.28,48.32,47.61
48.27,48.51,48.65,48.24
48.75,48.80,49.07,48.46
49.01,49.09,49.35,48.79
48.10,46.46,48.69,46.20
46.65,47.47,47.64,46.46
47.35,47.12,47.35,46.95
47.45,47.87,47.89,47.16
47.97,48.16,48.33,47.60
47.72,47.38,47.95,47.20
47.26,46.89,47.38,46.61
47.07,47.82,47.85,46.79
47.35,47.09,47.55,46.64
46.84,46.82,47.06,46.51
46.85,46.79,47.04,46.60
46.77,46.89,47.04,46.58
46.93,47.00,47.26,46.84
47.07,47.43,47.43,46.96
47.09,46.79,47.38,46.71
47.08,47.28,47.52,47.08
47.07,46.28,47.07,46.10
46.25,46.86,47.03,46.25
46.69,46.00,46.89,45.55
45.95,45.56,46.43,45.46
45.40,45.95,45.96,45.02
46.00,46.32,46.54,45.99
46.35,46.18,46.76,46.15
46.42,46.79,46.90,46.42
46.88,47.16,47.43,46.88
47.20,47.29,47.45,47.01
47.35,47.84,47.86,47.06
47.80,47.67,48.02,47.54
47.43,47.65,47.69,47.20
47.45,47.72,47.74,47.15
47.70,47.74,47.89,47.39
47.83,47.87,48.11,47.63
48.27,48.29,48.46,47.91
48.25,48.57,48.62,48.18
48.34,48.37,48.47,48.02
47.93,47.93,48.25,47.62
47.69,46.95,47.72,46.87
46.77,47.08,47.21,46.74
47.30,47.05,47.47,46.97
46.94,47.49,47.61,46.62
47.31,47.58,47.64,46.92
48.43,48.21,48.50,48.09
48.22,47.84,48.29,47.84
47.93,47.96,48.18,47.88
48.60,48.80,48.84,48.43
47.41,46.84,47.91,46.74
46.48,45.96,46.54,45.67
46.18,46.87,46.87,45.85
47.40,47.75,47.83,47.12
47.99,49.66,49.67,47.81
49.52,50.12,50.13,49.31
49.89,49.42,49.93,49.10
49.31,49.92,49.97,49.12
49.91,49.98,50.70,49.65
50.49,50.83,50.88,50.21
50.92,51.09,51.21,50.64
51.29,51.59,51.72,51.24
51.97,51.51,51.97,51.21
51.99,51.46,51.99,51.25
51.50,51.45,52.00,51.42
51.38,51.18,51.54,50.85
51.23,50.96,51.32,50.76
51.10,50.94,51.10,50.59
50.75,51.38,52.00,50.75
51.00,51.45,51.69,50.69
51.29,51.25,51.44,51.06
51.39,51.84,51.91,51.38
51.90,51.37,51.91,51.21
51.35,51.05,51.35,50.70
50.95,50.93,51.12,50.41
51.01,50.73,51.14,50.58
50.75,50.61,50.75,50.35
50.62,50.77,50.87,50.46
50.87,50.98,51.31,50.84
51.30,51.37,51.69,51.21
51.34,51.24,51.46,51.13
51.24,51.52,51.71,51.20
51.22,51.57,51.58,51.02
51.69,51.39,51.89,51.28
51.21,50.94,51.37,50.82
50.98,50.86,51.33,50.83
50.73,50.61,50.95,50.60
50.61,51.22,51.26,50.58
51.23,51.79,51.79,51.20
51.56,51.87,51.91,51.25
51.64,51.54,51.66,51.31
51.83,51.70,52.00,51.67
51.69,51.34,51.84,51.21
51.27,51.76,51.91,50.99
51.98,51.47,52.27,51.34
51.63,51.65,51.83,51.52
51.72,51.70,51.93,51.52
51.64,51.54,51.69,51.32
51.65,51.80,51.88,51.34
52.14,52.61,52.65,51.94
52.79,52.98,52.98,52.33
52.78,52.87,53.16,52.53
52.66,52.38,52.79,52.37
51.89,51.10,52.16,51.05
50.78,51.75,51.83,50.68
51.29,51.23,51.64,50.71
51.20,51.13,51.43,50.75
51.18,52.21,52.27,50.95
51.92,51.88,52.20,51.72
52.30,52.25,52.78,52.04
52.69,52.27,52.85,52.25
52.56,53.04,53.07,52.25
53.49,53.50,53.57,53.11
53.23,52.89,53.48,52.71
52.66,52.52,52.93,52.49
52.58,52.81,52.94,52.44
52.90,53.28,53.34,52.60
53.29,52.49,53.31,52.35
52.74,52.83,53.02,52.47
51.95,50.87,52.07,50.80
50.93,50.50,51.33,50.26
50.68,50.93,51.04,50.59
50.72,51.32,51.35,50.71
51.27,50.72,51.27,50.48
51.10,50.65,51.23,50.53
50.36,49.91,50.37,49.74
49.88,50.40,50.44,49.88
49.87,50.09,50.34,49.54
50.34,50.43,50.99,50.13
50.41,50.57,50.86,50.41
51.02,50.60,51.14,50.49
50.60,51.08,51.27,50.37
50.10,51.05,51.93,50.04
50.74,50.90,51.34,50.64
52.25,50.57,52.25,50.54
50.48,49.95,50.48,49.91
49.65,50.00,50.48,49.50
50.30,50.17,50.37,49.52
50.15,49.82,50.64,49.63
50.01,50.29,50.45,49.78
50.51,49.76,50.65,49.54
49.72,49.86,50.31,49.50
49.98,49.98,50.41,49.86
50.10,49.92,50.44,49.92
50.66,50.55,50.71,50.33
50.07,50.80,50.94,50.06
50.39,51.20,51.44,49.84
51.43,51.24,51.72,51.16
51.04,51.72,51.77,50.94
51.88,52.85,53.01,51.84
53.01,53.18,53.20,52.55
53.15,52.96,53.39,52.82
53.04,53.41,53.50,52.93
53.41,53.72,53.80,53.36
53.70,54.16,54.16,53.50
54.27,54.33,54.39,53.84
54.17,54.60,54.78,54.17
54.58,54.56,54.68,54.29
54.38,54.57,54.93,54.38
54.50,55.25,55.31,54.41
55.35,54.13,55.47,54.12
54.35,53.77,54.47,53.48
53.00,52.85,53.16,52.07
53.13,52.96,53.38,52.82
53.11,52.91,53.14,52.71
52.76,53.56,53.60,52.76
53.74,54.77,54.84,53.52
54.21,54.01,54.30,53.53
54.04,53.86,54.61,53.76
53.95,53.45,54.20,53.36
53.49,53.09,53.94,53.03
53.23,53.37,53.61,52.80
53.38,53.96,54.08,53.31
53.78,54.09,54.15,53.75
54.02,53.88,54.16,53.75
53.89,53.47,54.11,53.47
53.46,53.24,53.46,52.93
53.16,53.56,53.61,53.16
53.57,53.81,53.98,53.56
53.91,53.33,54.02,53.20
53.38,53.35,53.53,53.03
53.38,52.70,53.45,52.59
52.89,53.33,53.39,52.65
53.43,54.21,54.50,53.43
54.13,53.73,54.50,53.33
53.70,54.00,54.17,53.56
53.88,53.87,54.14,53.56
53.64,54.17,54.44,53.55
54.27,54.66,54.73,54.05
54.32,54.42,54.49,53.79
54.69,54.53,54.91,54.25
