SYT,Syngenta AG Common Stock,NASDAQ
55.54,56.03,56.33,55.54
55.14,56.03,56.16,55.06
55.18,56.07,56.22,55.10
55.76,56.26,56.39,55.71
55.70,56.70,56.84,55.62
56.50,56.44,56.66,56.22
55.59,55.62,56.04,55.06
54.57,55.17,55.32,54.49
55.20,55.25,55.38,55.02
54.62,54.46,54.73,54.01
53.23,54.43,54.52,53.22
53.73,53.83,53.98,53.13
52.48,51.84,52.82,51.45
51.57,51.26,52.40,51.19
51.90,51.95,52.32,51.68
51.66,51.43,52.14,51.39
51.42,51.67,51.71,51.05
51.48,50.90,51.49,50.65
52.06,51.06,52.30,50.88
51.57,51.89,52.00,51.48
51.48,51.93,52.09,51.25
52.20,52.83,52.92,52.15
51.80,50.47,51.88,50.47
51.38,51.06,51.48,50.07
51.86,51.06,52.03,50.94
52.15,52.26,52.77,51.31
50.98,50.99,51.31,50.44
50.98,51.54,51.57,50.49
51.36,51.89,52.32,51.22
51.84,52.58,52.70,51.61
52.81,52.66,52.85,52.39
52.45,52.77,52.96,52.24
51.75,52.28,52.38,51.62
53.07,52.52,53.14,52.42
52.35,52.21,52.67,52.00
52.09,51.97,52.67,51.83
51.19,51.88,51.98,51.15
51.30,51.91,52.01,51.00
52.43,52.69,52.69,52.04
53.50,53.85,54.09,53.35
54.37,54.89,55.34,54.36
54.35,54.24,54.59,53.97
55.91,56.39,56.49,55.76
56.56,56.21,56.68,56.14
55.10,55.48,55.74,55.10
55.47,55.92,56.05,55.33
55.27,55.69,55.74,55.15
56.12,55.94,56.14,55.63
56.28,56.05,56.36,55.72
56.10,56.30,56.48,56.00
56.12,55.83,56.27,55.60
54.98,55.23,55.30,54.82
55.13,55.13,55.53,54.96
54.98,55.96,56.13,54.97
55.95,56.28,56.37,55.76
55.53,55.15,55.57,55.05
55.24,54.42,55.36,54.42
54.48,54.58,54.89,54.34
54.87,54.92,55.15,54.71
55.04,54.79,55.16,54.67
55.61,55.51,55.86,55.37
55.70,55.80,56.06,55.47
55.71,55.50,55.88,55.38
54.54,54.79,54.80,54.50
53.45,52.78,53.87,52.53
52.74,53.42,53.43,52.65
53.30,53.66,53.72,53.27
53.24,53.15,53.55,53.12
52.88,53.05,53.25,52.42
52.86,52.92,52.96,52.64
53.88,53.92,54.16,53.85
53.78,53.49,53.94,53.20
52.72,52.52,52.96,52.21
52.56,52.32,52.74,52.23
51.86,52.16,52.28,51.56
49.81,50.26,50.26,49.53
50.19,50.85,50.85,50.11
49.78,49.81,50.12,49.73
49.47,49.00,50.20,48.89
49.68,49.19,49.76,48.71
50.10,50.14,50.27,49.81
51.08,50.51,51.20,50.50
50.50,50.58,50.75,50.20
49.42,48.68,49.44,48.42
47.26,47.82,48.27,47.13
48.59,46.98,49.07,45.27
47.24,46.63,47.63,46.09
49.16,49.13,49.40,48.74
48.70,48.42,49.13,48.32
48.80,48.51,49.05,48.34
48.32,47.93,48.47,47.87
47.91,47.19,47.99,46.67
47.65,47.61,47.85,46.53
47.82,46.51,48.02,46.40
46.03,46.25,46.47,45.63
45.23,44.57,45.38,44.45
44.34,45.41,45.58,44.06
44.51,44.55,45.19,44.51
43.08,44.65,44.65,42.98
44.48,44.02,45.17,43.97
44.56,45.42,45.53,44.18
44.57,44.08,44.91,43.82
44.24,43.91,45.39,43.91
44.87,45.30,45.33,44.56
45.44,45.27,45.63,44.88
44.90,44.05,45.19,43.95
44.54,44.02,44.82,43.99
44.31,44.51,44.69,43.93
44.98,44.57,45.47,44.45
45.95,45.96,46.22,45.57
45.28,45.69,45.69,45.07
46.32,45.77,46.68,45.77
46.39,46.92,46.94,46.27
47.03,47.39,47.72,46.98
47.76,47.46,47.83,47.07
47.58,47.47,47.88,47.39
48.34,47.72,48.48,47.47
48.14,47.30,48.29,47.24
48.04,47.89,48.25,47.42
47.82,47.61,48.12,47.49
47.77,47.90,48.18,47.52
48.68,48.10,48.77,48.01
46.96,46.11,46.99,45.75
46.09,45.85,46.75,45.76
45.91,45.75,46.18,44.92
44.81,44.02,44.82,43.89
44.37,43.68,44.43,43.27
43.25,43.66,43.66,43.18
44.02,43.98,44.09,43.07
44.58,45.22,45.39,44.40
44.57,44.93,45.04,44.51
45.72,46.00,46.22,45.67
45.58,46.24,46.26,45.58
46.81,47.32,47.37,46.23
47.00,45.78,47.02,45.70
46.12,45.55,46.24,45.35
45.21,46.14,46.20,45.19
45.94,45.99,46.31,45.49
43.28,43.77,44.29,43.22
43.05,43.64,43.83,43.05
43.67,43.60,43.78,43.40
43.88,43.83,44.08,43.63
43.06,43.09,43.35,42.93
44.86,44.54,45.00,44.34
44.11,44.13,44.52,43.94
45.60,45.79,46.00,45.34
45.68,45.85,45.94,45.38
45.43,45.44,45.68,44.99
45.98,47.16,47.71,45.94
48.60,48.62,49.21,48.11
48.16,48.22,48.35,47.91
47.47,48.02,48.15,47.15
47.25,46.62,47.30,46.37
46.71,47.24,47.51,46.70
46.60,46.84,47.05,46.58
47.20,47.27,47.63,47.05
48.32,48.73,49.07,48.13
49.00,48.80,49.17,48.57
48.61,48.00,48.71,47.77
47.26,47.48,47.52,47.01
47.58,47.37,47.83,47.18
46.91,46.45,47.22,46.36
45.32,45.37,45.51,44.61
45.55,45.38,45.94,45.25
45.90,46.02,46.03,45.32
46.01,45.71,46.10,45.71
45.74,46.04,46.19,45.61
46.74,46.81,47.30,46.68
47.41,47.69,47.69,47.21
47.81,47.86,47.94,47.58
49.12,48.82,49.19,48.69
49.15,49.03,49.51,48.94
49.17,48.73,49.21,48.55
48.78,49.18,49.22,48.74
49.80,49.96,50.18,49.78
49.82,50.33,50.60,49.74
50.09,50.03,50.41,49.87
50.03,50.18,50.55,49.99
49.84,49.67,50.08,49.54
50.69,51.17,51.27,50.53
50.78,50.52,50.79,49.79
50.83,50.98,51.17,50.81
50.90,50.85,51.26,50.69
51.47,51.77,51.93,51.39
52.10,51.73,52.22,51.70
52.16,51.99,52.16,51.23
50.82,50.84,51.07,50.58
50.87,49.79,50.95,49.55
50.15,50.27,50.39,49.90
49.53,50.00,50.02,49.52
50.39,51.15,51.20,50.26
51.56,51.09,52.05,50.71
51.18,50.84,51.20,50.41
52.60,53.09,53.43,52.58
54.24,53.81,54.30,53.64
55.29,54.87,55.31,54.53
55.33,55.03,55.33,54.86
57.00,57.25,57.72,56.73
57.19,57.00,57.20,56.34
57.27,57.38,57.52,57.09
55.79,56.01,56.41,55.57
56.50,56.79,57.21,56.50
57.22,57.21,57.68,56.72
57.12,56.46,57.27,56.34
57.45,57.76,58.11,57.07
56.80,57.20,57.29,56.78
56.30,55.75,56.37,55.50
56.57,55.95,56.60,55.88
55.28,55.38,55.50,55.15
55.46,55.42,55.64,55.10
56.78,56.90,57.37,56.75
56.89,56.97,57.04,56.22
58.29,58.78,58.92,58.07
58.29,58.63,58.91,58.26
58.27,58.60,58.67,58.20
60.00,58.74,60.02,58.55
58.86,59.30,59.30,58.30
58.80,58.71,58.89,58.27
57.62,57.02,57.84,56.68
57.77,57.13,57.90,57.04
56.09,55.19,56.10,54.94
55.21,54.96,55.61,54.89
56.47,56.12,56.58,56.03
56.46,57.35,57.42,56.26
56.81,56.96,57.13,56.46
56.28,55.93,56.40,55.70
56.89,56.96,57.15,56.70
56.81,56.71,56.96,56.54
55.96,56.33,56.35,55.46
55.55,55.71,56.04,55.43
55.82,56.03,56.16,55.55
55.36,56.16,56.31,55.35
56.51,57.30,57.38,56.39
57.73,57.42,57.82,57.07
59.03,58.10,59.10,58.07
58.25,58.19,58.50,57.89
58.29,58.19,58.38,57.78
57.73,57.95,58.03,57.61
57.83,57.84,58.10,57.59
58.00,58.07,58.39,57.78
58.24,57.94,58.55,57.71
57.08,57.38,57.42,56.76
57.41,56.99,57.41,56.66
57.20,56.68,57.20,56.65
57.67,57.52,57.78,57.43
57.37,57.81,57.81,57.23
58.00,58.16,58.42,57.85
57.13,57.71,57.78,57.10
58.39,58.06,58.41,58.02
58.17,58.70,58.87,58.15
58.24,58.75,58.88,58.18
58.51,58.78,58.97,58.51
59.00,58.71,59.19,58.65
60.85,59.87,60.85,59.63
60.17,60.75,60.93,60.17
61.72,61.28,61.76,61.10
61.78,61.52,61.86,61.10
61.34,61.57,61.63,60.98
62.04,61.92,62.10,61.68
62.62,63.00,63.00,62.21
63.75,63.31,63.78,63.18
62.52,63.24,63.26,62.49
63.53,63.26,63.79,63.03
63.10,62.28,63.21,62.21
61.53,60.87,61.58,60.47
60.97,61.58,61.65,60.85
61.67,62.51,62.67,61.64
65.43,65.22,65.54,64.28
65.57,65.43,65.75,65.22
65.11,64.36,65.17,63.84
64.62,63.52,64.90,63.43
64.20,64.63,65.14,64.08
65.71,66.56,66.59,65.61
66.99,66.07,67.07,65.90
65.08,65.37,65.50,64.63
64.99,65.06,65.15,64.54
64.49,64.85,64.93,64.40
63.38,64.31,64.43,63.21
66.44,67.20,67.35,66.41
65.88,66.05,66.28,65.46
66.13,66.12,66.37,65.57
66.14,66.18,66.39,65.93
65.77,66.01,66.36,65.74
64.85,65.55,65.60,64.76
65.24,65.95,66.07,65.05
65.41,65.53,65.82,65.40
64.67,63.81,64.80,63.65
63.92,64.10,64.37,63.26
64.51,65.07,65.30,64.46
65.16,65.78,65.92,65.10
67.34,67.32,67.72,66.79
66.96,66.08,66.97,65.90
66.08,66.39,66.74,65.92
66.50,66.63,66.65,66.24
66.92,66.96,67.11,66.55
66.86,66.24,67.19,65.93
66.00,65.88,66.18,65.55
65.95,65.72,65.98,65.44
64.22,64.02,64.52,63.65
63.84,63.75,64.11,63.49
62.98,63.23,63.33,62.49
60.02,61.43,61.75,59.94
63.11,62.75,63.98,62.20
64.28,63.70,64.34,63.41
64.22,64.16,64.42,63.72
65.12,64.90,65.21,64.57
65.25,64.95,65.30,64.48
64.44,64.45,64.58,63.95
65.35,65.41,65.83,64.95
65.06,64.98,65.50,64.95
64.11,64.03,64.71,64.00
64.49,64.94,64.94,64.11
64.50,64.77,64.90,64.04
65.31,65.17,65.60,65.13
65.80,66.03,66.12,65.25
66.87,66.67,67.09,66.40
65.89,66.50,66.65,65.81
66.52,65.89,66.73,65.87
66.10,66.15,66.44,65.84
66.75,67.10,67.17,66.48
67.16,67.17,67.57,66.92
67.32,67.18,67.42,66.88
68.01,67.79,68.43,67.60
67.34,67.42,68.17,67.10
68.65,68.31,68.67,67.98
67.32,66.93,67.59,66.27
67.17,67.23,67.53,66.64
69.06,69.48,69.51,68.93
71.51,71.02,71.87,70.73
69.95,69.82,69.98,68.87
69.86,69.79,69.96,69.52
69.10,69.18,69.29,67.91
69.45,69.08,69.80,68.94
70.75,70.74,70.97,70.48
71.24,71.03,71.67,70.83
70.66,70.31,71.02,69.95
70.26,69.79,70.33,69.24
69.49,69.29,70.01,69.01
69.51,68.90,69.98,68.35
69.29,70.10,70.17,69.16
69.81,70.10,70.44,69.51
68.93,67.85,69.09,67.46
67.19,68.03,68.22,66.91
67.30,66.15,67.43,65.81
66.64,67.34,67.86,66.49
65.27,65.64,65.76,64.59
65.53,66.48,66.61,65.39
66.48,66.89,67.05,66.32
66.47,65.66,66.50,65.24
64.56,65.35,65.48,64.48
66.21,65.93,66.46,65.67
65.87,66.74,66.96,65.85
66.37,66.81,66.92,66.07
67.60,67.74,68.05,67.34
69.32,69.04,69.40,68.56
69.63,68.47,69.69,68.32
68.34,68.63,68.93,68.01
68.23,68.07,68.35,67.87
68.00,67.14,68.20,67.05
67.94,67.57,68.13,67.51
66.99,67.00,67.40,66.80
67.63,68.28,68.47,67.53
67.39,66.97,67.51,66.72
66.90,66.88,67.43,66.21
67.65,67.53,67.74,67.28
65.90,64.95,66.16,64.75
65.34,64.90,65.75,64.19
64.50,64.07,64.57,64.00
63.51,63.90,64.21,63.44
66.19,66.57,66.57,65.94
67.02,66.10,67.44,66.01
65.58,66.04,66.07,64.92
65.38,64.93,65.42,64.52
64.20,64.73,65.13,64.00
65.54,65.73,66.22,65.52
66.84,67.48,67.62,66.41
66.92,67.56,67.66,66.70
67.41,67.75,67.94,67.16
67.00,67.48,67.69,66.93
67.86,68.02,68.09,67.45
68.32,67.94,68.42,67.71
68.37,69.10,69.32,68.26
67.43,66.92,67.62,66.67
66.80,67.08,67.63,66.61
67.17,67.60,68.18,67.10
67.60,67.18,68.01,66.92
67.24,67.60,67.62,67.03
66.34,66.22,66.41,65.92
66.22,66.39,67.00,66.19
65.87,66.18,66.53,65.39
66.67,67.63,67.81,66.48
66.38,64.84,66.49,64.44
65.55,65.76,66.00,65.43
65.42,65.00,65.56,64.93
64.58,63.48,64.66,63.36
62.95,62.83,63.54,62.73
63.72,63.61,64.61,63.32
64.68,63.61,64.68,62.90
61.86,61.17,62.77,61.11
61.93,62.43,62.49,61.22
60.19,57.80,60.38,57.80
61.27,60.58,61.27,58.78
59.73,58.10,60.61,57.00
61.62,62.98,63.12,60.07
62.26,59.75,62.26,59.61
57.29,60.46,61.17,57.20
61.48,61.11,61.90,60.38
61.87,61.96,61.99,61.35
60.72,60.92,61.59,60.09
60.65,60.60,61.07,60.29
58.46,58.11,58.74,57.50
57.20,57.14,58.76,57.06
58.30,57.31,58.30,57.20
58.24,59.86,59.93,57.89
60.94,60.95,61.70,60.00
60.05,59.00,60.39,58.90
59.32,60.23,60.54,58.47
61.43,61.99,61.99,61.09
62.03,62.50,62.77,61.80
63.65,63.31,64.18,63.13
63.49,63.63,64.24,63.28
62.78,62.69,63.72,62.55
57.88,58.99,59.03,57.88
58.59,59.53,59.92,58.42
57.97,57.86,59.10,57.83
57.51,56.80,58.09,56.58
56.51,56.86,57.11,55.78
57.00,57.40,57.69,56.73
57.72,58.48,58.92,57.04
59.61,59.59,59.84,58.86
58.41,58.20,58.63,57.99
56.21,57.12,57.43,55.87
56.91,56.44,57.20,56.17
56.31,54.74,56.60,54.73
52.26,51.85,52.39,51.29
50.97,51.78,52.15,50.89
52.44,53.22,53.30,51.59
54.73,54.55,55.41,54.20
54.31,53.23,54.79,53.16
55.38,54.69,55.47,53.79
52.34,51.87,53.04,51.82
51.18,50.14,51.97,50.14
49.57,50.80,50.90,49.13
51.96,52.46,52.58,51.52
53.53,55.32,55.40,53.36
54.57,53.61,54.80,53.39
55.53,56.55,56.65,55.45
56.16,57.15,57.19,56.07
58.25,58.77,59.56,57.93
58.64,59.09,59.30,58.17
60.85,60.41,60.94,59.70
59.15,58.40,59.25,58.21
58.37,59.57,59.93,57.54
58.89,58.60,59.46,58.32
59.06,59.21,59.60,58.23
60.32,61.39,61.39,60.31
61.24,62.05,62.09,61.18
61.08,61.15,62.08,60.27
61.97,61.88,62.05,60.18
63.67,64.36,64.59,63.06
63.43,63.83,63.95,63.21
62.22,61.07,62.42,61.07
57.99,58.75,59.41,57.81
59.86,60.47,60.75,59.64
61.92,62.09,62.32,61.00
61.07,61.25,61.63,60.59
60.43,60.79,60.89,59.93
61.38,61.91,62.12,60.90
59.69,58.36,59.81,57.96
59.90,59.46,60.03,58.84
60.50,60.27,60.98,60.05
59.65,59.59,59.92,59.20
59.55,59.55,60.05,58.83
58.40,58.41,59.40,58.21
58.87,57.54,58.97,57.17
57.61,56.81,57.65,56.54
55.81,56.04,56.24,55.42
56.86,56.77,57.33,56.12
55.93,55.42,56.05,55.20
55.16,54.56,55.58,54.37
56.75,56.42,56.92,56.13
56.80,56.91,57.49,56.52
58.56,58.92,59.01,58.37
58.74,58.19,59.23,58.02
59.42,58.67,59.44,58.22
59.21,58.33,59.21,57.96
58.55,58.79,59.09,58.26
58.51,58.96,59.25,58.30
57.93,57.09,58.13,56.99
55.93,57.00,57.27,55.72
56.89,56.37,56.89,56.06
57.00,55.66,57.22,55.36
55.31,54.96,55.60,54.77
55.76,55.51,55.95,55.23
55.38,55.09,55.73,54.81
55.58,55.15,55.93,55.01
56.99,57.49,57.58,56.89
57.34,57.32,57.59,56.91
57.37,57.67,57.87,57.14
57.86,58.23,58.23,57.52
57.87,58.00,58.27,57.74
58.34,57.62,58.47,57.18
58.01,58.52,58.54,57.77
58.42,58.94,59.13,58.37
60.27,60.31,60.63,60.10
60.21,60.43,60.53,59.61
59.02,58.61,59.59,58.32
58.56,58.51,58.74,58.02
58.36,58.81,58.87,58.10
60.00,60.08,60.36,59.86
59.52,59.74,59.78,59.07
59.98,60.66,60.74,59.72
59.82,60.10,60.10,59.13
60.18,60.44,60.76,60.18
60.84,61.47,61.54,60.78
61.36,61.99,61.99,61.06
61.86,62.12,62.17,61.73
62.15,62.13,62.48,61.96
61.64,62.28,62.38,61.56
61.55,62.45,62.53,61.17
62.71,62.43,62.84,62.15
61.83,62.29,62.51,61.83
61.33,61.56,61.71,61.04
61.40,60.70,61.44,60.31
61.64,61.94,62.10,61.64
61.66,62.13,62.48,61.64
62.73,62.95,63.03,62.59
62.51,62.91,63.09,62.51
63.68,64.53,64.67,63.10
63.42,63.85,64.13,63.35
65.15,65.03,65.28,64.80
63.87,63.55,63.88,63.26
64.07,63.85,64.11,63.70
63.07,63.03,63.43,62.52
63.09,62.72,63.19,62.59
62.38,63.41,63.52,62.24
63.62,63.53,63.71,63.24
64.15,64.56,64.91,63.92
65.67,65.70,65.98,65.46
66.05,66.29,66.36,65.81
66.47,66.63,66.90,66.45
65.37,66.15,66.30,65.18
65.78,66.10,66.26,65.61
66.56,65.34,66.68,65.26
65.82,66.10,66.25,65.79
65.57,65.48,65.80,65.36
64.99,64.64,64.99,64.42
62.56,62.03,62.70,61.73
63.01,63.12,63.33,62.73
64.28,64.79,64.95,64.21
64.37,64.46,64.75,64.17
63.96,64.00,64.14,63.54
64.16,64.54,64.65,64.03
64.54,64.25,64.68,63.97
64.81,65.57,65.63,64.64
65.26,65.49,65.66,65.24
65.14,65.27,65.74,65.00
64.65,64.90,64.97,64.36
65.65,65.39,66.07,65.24
65.75,65.69,65.95,65.42
67.07,67.49,67.75,66.66
68.32,68.38,68.59,67.97
67.80,67.64,68.05,67.58
67.90,67.53,67.90,67.15
67.63,68.05,68.10,67.50
68.67,68.83,69.07,68.54
69.54,70.45,70.84,69.39
70.16,69.62,70.65,69.34
68.69,68.34,68.84,67.71
67.79,67.91,68.31,67.74
66.78,67.80,67.97,66.67
67.59,66.97,67.95,66.85
67.62,67.74,68.18,67.50
69.23,69.59,69.92,69.14
69.34,69.16,69.44,69.04
69.37,70.40,70.53,69.26
69.97,70.51,70.87,69.73
68.38,68.65,69.24,68.27
69.45,69.43,70.09,69.22
69.43,69.88,70.06,69.00
68.23,68.78,68.87,67.98
69.06,69.21,69.52,68.87
71.22,71.30,71.48,70.96
69.69,70.38,70.41,69.66
70.72,70.35,70.76,70.26
70.56,70.03,70.60,69.86
70.20,70.45,70.80,70.02
70.55,71.13,71.20,70.26
70.84,70.57,70.97,70.40
70.06,69.23,70.22,69.02
68.65,68.70,68.92,68.40
68.01,68.60,68.66,67.80
66.72,67.34,67.70,66.45
66.71,66.63,66.85,66.10
66.52,67.06,67.57,66.52
66.27,65.77,66.37,65.77
65.91,65.80,66.53,65.71
66.10,65.63,66.97,65.59
65.46,64.91,65.91,64.84
64.21,63.72,64.43,63.49
64.49,65.31,65.43,64.36
65.08,64.58,65.58,64.38
64.10,64.15,64.25,63.00
64.06,63.99,64.31,63.57
63.31,63.85,63.85,63.19
65.49,65.57,65.84,64.97
65.31,64.94,65.51,64.65
64.78,64.31,64.81,63.55
62.94,63.16,63.34,62.37
62.16,62.27,62.34,61.76
61.60,61.99,62.08,61.47
62.48,63.76,63.80,62.43
65.26,64.32,65.26,64.18
63.38,64.25,64.38,63.18
65.19,63.93,65.25,63.89
64.38,64.81,64.95,64.06
63.78,64.39,64.90,63.52
64.72,65.02,65.21,64.52
64.60,64.29,64.65,63.86
64.34,64.32,64.63,64.06
65.50,66.42,66.81,65.43
66.14,65.91,66.70,65.43
65.33,64.25,65.61,64.22
64.34,64.55,64.69,64.01
63.95,64.22,64.35,63.47
65.41,65.87,65.94,65.32
65.56,65.56,66.14,65.34
66.33,66.90,66.91,66.05
68.20,68.44,68.44,68.05
67.23,67.14,67.26,66.73
68.10,68.82,68.94,68.05
67.40,67.73,67.96,67.21
67.18,67.47,67.51,67.03
66.65,66.31,66.66,66.13
66.56,65.81,66.65,65.51
65.22,65.48,65.66,65.03
64.75,64.88,65.14,64.43
65.25,65.60,65.82,65.24
65.64,66.26,66.31,65.50
66.31,66.39,66.56,65.64
66.51,67.36,67.52,66.45
68.80,68.30,68.80,68.11
67.52,67.87,67.98,67.23
64.86,65.07,65.16,64.28
64.05,64.07,64.20,63.54
64.73,64.85,64.90,64.40
67.22,68.39,68.79,67.22
68.78,69.73,69.99,68.65
67.99,68.55,68.71,67.85
68.37,68.04,68.55,68.03
68.42,67.96,68.73,67.89
67.66,67.65,68.17,67.01
68.71,68.95,69.32,68.66
69.26,69.51,69.89,69.04
69.51,69.65,70.02,69.40
69.11,69.22,69.50,68.85
69.11,69.40,69.61,69.00
68.46,69.18,69.24,68.40
68.36,68.33,68.59,68.10
68.79,68.46,68.87,68.32
68.31,68.30,68.61,68.11
68.55,69.24,69.39,68.44
69.67,69.42,69.67,68.79
68.92,69.53,69.55,68.79
69.82,69.19,70.10,69.06
68.62,69.07,69.19,68.41
69.11,68.72,69.26,68.68
68.93,69.22,69.73,68.90
69.36,69.09,69.63,69.00
69.16,69.29,69.54,69.05
69.15,69.48,69.59,69.15
68.06,67.61,68.08,67.35
68.04,67.60,68.10,67.22
67.92,67.74,68.07,67.50
68.13,68.46,68.49,68.03
68.58,69.84,69.89,68.58
69.90,70.66,70.77,69.83
71.04,71.07,71.57,70.95
71.39,71.43,71.59,71.21
71.79,71.51,71.92,71.18
71.62,72.71,73.00,71.35
73.68,73.06,74.23,72.88
73.59,73.42,73.99,73.29
73.50,73.51,73.73,73.27
73.66,74.11,74.34,73.53
73.49,73.81,73.92,73.36
74.30,73.53,74.46,73.53
73.23,73.74,73.98,73.11
74.48,73.33,74.51,73.33
73.54,73.74,74.13,73.38
73.69,74.22,74.36,73.34
75.42,74.85,75.58,74.71
75.66,75.73,76.41,75.44
76.62,76.21,76.82,76.02
75.46,74.85,75.46,74.56
74.54,74.64,74.91,74.35
75.58,75.13,75.65,74.98
74.91,74.75,75.09,74.59
74.82,74.00,74.89,74.00
74.14,74.00,74.35,73.88
74.60,74.27,74.79,74.27
74.17,74.00,74.33,73.39
74.02,74.22,74.39,73.70
74.72,74.81,74.94,74.42
74.73,74.67,75.05,74.60
74.95,74.88,75.47,74.59
74.47,73.78,74.47,73.55
73.96,74.14,74.23,73.59
73.96,74.30,74.48,73.29
75.29,75.67,75.99,74.96
76.70,75.76,76.72,75.40
75.78,75.85,76.18,75.70
78.10,77.96,78.50,77.92
78.16,77.77,78.36,77.59
77.62,76.75,77.62,76.72
76.50,76.95,77.02,76.33
76.57,76.98,77.25,76.52
76.46,76.70,77.03,76.35
76.25,75.89,76.49,75.79
75.32,75.68,76.24,75.32
75.59,75.22,75.64,75.08
74.95,75.46,76.00,74.88
75.87,74.82,75.93,74.64
74.79,74.56,74.98,74.30
74.38,74.45,74.54,73.68
75.67,76.52,76.66,75.51
75.90,76.15,76.49,75.81
76.42,76.66,76.90,76.32
78.21,78.34,78.49,78.08
78.15,78.60,78.70,78.02
78.33,78.13,78.41,78.04
78.44,79.65,79.69,78.24
80.28,80.13,80.50,79.78
80.45,79.97,80.65,79.84
80.86,80.25,80.97,80.21
80.07,80.09,80.47,79.92
79.31,78.89,79.38,78.70
80.12,80.00,80.19,79.69
80.10,80.23,80.38,79.79
80.11,80.37,80.55,80.10
80.22,80.20,80.58,80.06
80.72,80.18,80.77,80.10
80.06,79.81,80.35,79.76
80.34,80.42,80.74,80.28
80.80,81.00,81.13,80.78
81.60,81.45,81.77,81.24
83.06,82.27,83.19,82.18
82.27,82.47,82.48,81.87
80.17,80.46,80.83,79.68
80.46,80.73,80.74,79.74
80.63,80.38,80.93,79.28
81.31,81.11,81.47,80.15
80.76,80.19,80.91,80.16
80.00,80.80,80.86,79.94
81.47,81.48,82.00,81.09
80.51,80.59,81.01,80.41
80.30,80.76,80.95,80.14
80.08,80.80,80.86,80.08
82.20,82.27,82.46,81.73
81.52,82.17,82.48,81.40
82.98,83.31,83.48,82.82
83.44,83.53,83.90,83.14
82.96,82.66,83.00,82.49
83.11,83.44,83.69,82.96
83.79,83.38,83.99,83.29
85.54,85.36,85.64,85.07
85.00,84.83,85.20,84.36
85.09,84.91,85.30,84.72
84.77,85.51,85.57,84.70
85.51,86.20,86.29,85.47
86.83,86.90,87.24,86.67
85.92,86.04,86.17,85.71
86.22,86.55,86.65,86.19
86.34,86.06,86.52,85.97
86.26,86.09,86.57,86.00
87.42,87.37,87.73,87.19
86.15,86.68,86.90,86.11
86.82,87.08,87.30,86.77
84.40,85.16,85.28,84.35
85.17,84.73,85.33,84.23
85.59,85.67,85.69,85.36
85.64,85.54,85.75,85.29
85.80,85.10,85.80,85.01
87.21,86.74,87.39,86.45
86.07,85.98,86.16,85.67
86.25,86.32,86.44,85.95
86.29,86.47,86.47,86.02
86.28,85.18,86.38,85.08
84.26,84.04,84.53,83.57
84.20,84.66,84.66,82.73
84.00,82.78,84.49,82.73
83.76,83.68,84.00,83.00
84.01,84.74,84.92,83.98
84.92,84.97,85.51,84.76
84.53,84.82,84.96,84.15
84.21,85.24,85.24,84.14
86.02,85.84,86.31,85.68
85.96,85.81,86.14,85.56
86.13,86.41,86.46,85.85
85.37,85.46,85.57,85.02
85.22,86.24,86.24,85.05
86.76,86.75,86.98,86.22
87.18,86.52,87.35,86.41
86.80,87.29,87.29,86.75
87.16,87.45,87.46,86.80
86.23,86.01,86.59,85.86
85.92,85.24,86.07,84.38
85.33,85.75,85.81,85.18
84.12,84.07,84.45,83.91
83.94,84.10,84.48,83.88
84.74,84.17,84.84,83.92
84.40,84.67,84.97,84.39
82.95,83.19,83.23,82.61
83.67,83.75,84.30,83.47
83.54,83.03,83.69,82.96
82.55,82.53,82.78,82.33
84.20,83.01,84.25,82.80
82.09,82.02,82.50,81.57
80.91,81.81,81.82,80.86
81.76,82.22,82.39,81.60
83.26,82.88,83.35,82.73
83.27,83.16,83.66,83.09
83.21,83.68,83.86,83.21
82.80,82.68,82.92,82.21
82.60,80.94,82.70,80.90
83.58,83.73,83.73,83.03
82.99,81.35,83.00,81.06
84.12,83.73,84.63,83.40
83.76,83.12,83.98,82.99
82.55,82.48,82.68,82.20
82.38,82.98,83.26,82.27
83.14,83.03,83.19,82.68
82.25,82.62,82.86,82.16
82.57,82.69,82.98,82.46
84.19,84.28,84.48,83.98
84.45,85.50,85.50,84.44
85.15,84.76,85.60,84.66
83.57,83.80,83.85,83.40
84.05,84.06,84.68,84.03
83.35,83.55,83.66,83.31
83.58,83.64,83.70,83.14
83.97,84.55,84.56,83.95
84.33,83.60,84.33,83.30
83.30,83.15,83.34,82.67
82.29,82.65,82.68,82.13
82.65,82.29,82.89,82.02
81.95,82.62,82.71,81.95
82.61,82.02,83.20,82.01
81.28,81.82,81.92,81.23
82.02,82.56,82.56,81.78
80.22,79.51,80.38,79.43
79.00,77.65,79.56,77.44
79.09,78.75,79.09,78.43
80.44,80.45,80.55,80.16
80.02,79.16,80.13,78.97
79.96,80.19,80.28,79.70
79.97,80.05,80.29,79.61
78.79,77.84,78.88,77.78
78.26,79.38,79.70,77.88
79.28,79.25,79.61,78.94
78.77,77.92,78.84,77.89
77.60,78.58,78.82,77.58
78.73,79.05,79.25,78.61
79.19,79.14,79.37,78.86
77.78,77.97,78.36,77.68
79.79,78.62,79.80,78.61
77.68,78.88,78.96,77.54
78.73,77.97,78.77,77.82
78.34,78.72,78.84,78.21
79.02,79.69,79.78,78.99
79.60,78.63,79.94,78.54
77.13,76.00,77.21,75.73
76.76,76.23,76.77,75.57
74.86,75.00,75.44,74.41
76.40,76.12,76.53,75.63
78.67,78.17,78.75,77.80
78.18,78.31,78.66,77.97
77.67,77.86,78.34,77.50
77.44,77.71,78.22,77.33
78.20,78.22,78.92,77.94
78.19,78.43,78.66,77.82
78.83,79.00,79.00,77.94
79.00,78.99,79.11,78.76
80.18,79.93,80.25,79.56
80.14,80.72,81.08,80.08
82.83,82.91,83.10,82.34
82.77,82.81,83.03,82.33
83.12,83.10,83.19,82.61
82.50,82.90,82.98,82.30
83.07,82.94,83.12,82.48
83.02,83.19,83.34,82.76
83.12,83.42,83.57,83.07
82.86,83.08,83.15,82.74
82.42,83.00,83.00,82.20
79.40,79.38,79.70,78.93
78.99,79.85,79.90,78.89
79.22,80.13,80.18,79.09
79.92,80.16,80.23,79.50
79.89,79.54,80.00,79.30
78.77,79.04,79.73,78.51
79.69,79.12,79.69,78.88
79.82,79.83,80.17,79.65
79.82,79.72,79.92,79.46
79.82,79.23,79.91,79.01
79.06,79.29,79.47,78.98
79.01,79.16,79.57,78.92
79.27,78.95,79.29,78.82
78.27,78.37,78.43,78.07
79.68,79.84,80.00,79.48
79.43,79.37,79.63,79.19
78.82,79.72,79.72,78.59
80.01,79.59,80.02,79.57
79.87,79.62,80.01,79.57
79.98,79.98,80.19,79.75
79.68,79.24,79.84,79.15
79.90,80.18,80.21,79.87
80.36,80.64,80.90,80.28
80.49,80.61,80.82,80.39
79.81,79.69,80.21,79.65
78.39,78.28,78.56,78.07
77.96,77.90,78.23,77.75
78.04,78.38,78.45,77.81
79.31,78.99,79.33,78.73
78.20,79.18,79.26,78.17
78.79,78.54,78.93,78.26
78.52,79.34,79.54,78.40
79.24,79.91,80.09,79.20
80.24,80.05,80.31,79.87
79.36,79.53,79.63,79.00
78.90,78.89,79.22,78.81
78.82,78.78,79.00,78.39
80.09,79.66,80.11,79.48
79.83,79.91,80.09,79.72
80.55,81.57,81.75,79.96
83.05,82.30,83.05,82.13
82.10,81.67,82.18,81.62
82.41,81.99,82.50,81.89
81.28,81.28,81.78,81.10
82.06,81.75,82.36,81.70
81.89,82.13,82.21,81.67
82.37,82.57,82.83,82.31
80.88,81.30,81.64,80.81
80.20,80.44,80.51,79.94
79.74,80.39,80.39,79.34
80.34,80.41,80.57,80.13
79.91,80.28,80.43,79.86
79.95,80.12,80.37,79.83
79.73,79.35,79.99,79.32
77.59,77.78,77.93,76.50
78.50,78.93,78.93,78.21
79.47,79.54,79.57,79.09
79.38,79.74,79.78,79.24
77.52,77.00,77.57,76.89
76.92,77.44,77.72,76.82
80.15,80.20,80.21,79.68
79.61,79.56,79.97,79.37
79.09,79.42,79.42,79.07
79.17,80.09,80.38,79.11
82.27,81.72,82.27,81.71
81.90,81.61,81.97,81.47
82.00,82.27,82.28,81.89
82.54,82.60,83.03,82.38
82.54,81.74,82.54,81.67
82.59,81.83,82.75,81.48
81.19,80.75,81.31,80.65
79.87,80.13,80.15,79.74
80.51,80.91,80.95,80.49
80.49,80.32,80.53,79.89
80.04,79.97,80.33,79.78
79.05,79.08,79.67,78.88
77.96,79.06,79.06,77.87
79.05,78.90,79.19,78.80
78.82,78.58,78.82,78.25
78.00,78.70,78.75,77.79
78.67,79.08,79.28,78.67
79.03,79.12,79.37,78.94
78.96,78.70,79.06,78.48
79.22,79.47,79.85,79.16
79.61,78.71,79.64,78.47
78.27,77.90,78.28,77.59
77.04,77.65,77.74,76.97
78.15,77.63,78.19,77.62
77.92,77.94,78.12,77.42
78.05,77.84,78.21,77.78
78.89,78.41,78.96,78.31
77.78,77.38,77.85,77.36
77.09,76.11,77.09,76.11
75.78,76.30,76.40,75.73
77.51,77.25,77.64,77.19
77.92,78.16,78.41,77.89
77.76,77.84,78.06,77.58
77.80,77.62,78.02,77.62
77.89,76.98,77.98,76.94
75.73,75.47,75.81,75.35
76.70,76.81,77.05,76.57
77.26,77.22,77.44,76.98
77.43,77.64,77.90,77.30
77.71,77.96,78.68,77.40
77.50,78.07,78.13,77.50
78.23,77.86,78.50,77.86
78.97,78.82,79.02,78.75
78.91,79.13,79.21,78.53
79.42,79.35,79.65,79.26
80.13,79.72,80.16,79.63
79.81,79.88,80.11,79.54
79.68,79.94,79.96,79.52
78.30,78.55,78.99,78.07
79.63,79.66,79.87,79.53
80.00,79.66,80.25,79.66
79.88,79.25,80.13,79.19
79.46,79.46,79.82,79.31
78.59,78.35,78.59,77.97
78.28,78.64,78.74,78.28
77.98,77.69,78.00,77.63
78.22,78.48,78.68,78.01
77.34,77.40,77.61,77.05
77.47,77.80,77.89,77.37
77.27,77.31,77.55,77.08
78.53,78.15,78.55,77.93
78.45,78.09,78.52,78.01
78.73,77.81,78.73,77.39
74.81,74.47,75.00,74.47
73.54,72.36,73.57,72.34
74.07,73.72,74.12,73.60
72.82,72.62,73.27,72.56
71.10,71.10,71.37,70.66
70.31,70.83,71.17,70.29
70.76,69.96,70.90,69.89
70.01,70.00,70.40,69.81
67.55,67.48,68.06,67.25
68.06,68.71,68.99,68.01
69.80,70.50,70.59,69.61
71.09,71.85,72.10,71.03
72.09,72.50,72.74,71.99
72.31,72.01,72.45,71.96
72.30,72.52,72.61,72.19
71.97,72.18,72.35,71.87
74.27,73.79,74.29,73.64
73.98,73.45,74.12,73.34
73.14,73.13,73.22,72.95
73.28,73.19,73.56,73.08
73.00,72.62,73.32,72.61
72.87,72.67,73.04,72.61
72.11,72.19,72.47,71.90
72.33,72.09,72.43,71.97
72.72,72.62,72.98,72.45
74.18,73.96,74.42,73.71
74.54,74.27,74.63,74.22
75.74,75.27,75.83,75.01
75.56,75.57,75.80,75.42
76.03,75.86,76.03,75.60
75.02,75.21,75.28,74.90
75.02,74.56,75.17,74.49
74.16,74.46,74.50,74.04
74.32,73.14,74.45,72.89
73.08,73.14,73.69,73.00
73.54,73.78,74.14,73.49
73.88,74.14,74.36,73.71
73.79,73.00,73.96,72.58
72.39,73.08,73.14,72.26
73.34,72.91,73.56,72.78
74.32,74.33,74.43,73.86
75.35,75.26,75.49,74.85
76.34,75.45,76.36,75.40
75.86,75.50,75.98,75.29
76.43,75.79,76.45,75.66
75.85,75.78,76.06,75.43
75.79,75.69,75.81,75.36
76.12,75.89,76.12,75.52
75.55,75.77,76.27,75.46
75.66,75.07,75.86,74.93
75.68,75.41,75.80,75.01
75.91,76.35,76.63,75.88
75.64,75.98,76.06,75.15
76.95,76.05,77.12,75.94
75.57,75.28,75.96,75.20
76.36,76.31,76.53,76.04
76.66,76.28,76.80,75.74
77.78,77.72,78.23,77.33
78.87,78.14,79.03,77.99
77.99,78.66,78.75,77.68
78.53,78.62,78.93,78.41
78.58,78.13,78.63,78.13
78.10,77.81,78.21,77.71
77.74,78.03,78.08,77.54
78.00,77.96,78.20,77.62
78.56,78.20,78.68,78.07
79.04,78.55,79.14,78.31
78.73,78.75,78.92,78.29
76.96,77.35,77.38,76.90
76.80,77.24,77.24,76.69
76.96,76.80,77.19,76.72
77.83,78.20,78.29,77.72
78.30,77.92,78.38,77.78
78.00,77.89,78.00,77.62
78.14,78.39,78.41,77.87
78.47,78.41,78.54,78.27
78.04,77.67,78.26,77.64
77.77,78.31,78.32,77.49
77.67,78.06,78.17,77.52
77.51,77.52,77.73,77.35
77.73,77.75,77.96,77.39
77.53,77.68,77.72,77.34
77.59,77.66,77.91,77.53
77.50,77.65,77.68,77.33
77.76,77.41,77.97,77.30
77.48,77.62,77.66,77.35
77.81,77.83,77.83,77.51
77.10,77.10,77.31,76.84
77.07,77.03,77.29,77.02
77.02,76.83,77.11,76.70
77.57,77.43,77.67,77.42
77.47,77.91,78.07,77.40
77.65,77.90,78.03,77.40
77.71,77.35,77.89,77.34
76.56,76.24,76.59,75.73
75.15,75.39,75.49,75.01
74.56,74.60,74.90,74.51
74.45,74.45,74.62,74.25
74.76,74.70,74.89,74.31
74.52,74.57,74.80,74.25
74.71,74.99,75.07,74.44
75.13,74.71,75.27,74.69
74.63,74.38,74.69,74.25
72.74,79.59,79.85,72.36
77.80,77.00,78.16,76.56
75.85,75.52,76.08,75.40
74.77,75.15,75.16,74.40
74.43,75.09,75.10,74.37
74.06,74.80,74.81,73.97
74.09,74.19,74.46,74.00
74.97,74.76,75.03,74.60
74.90,74.94,74.98,74.73
74.62,74.78,74.89,74.43
74.22,74.44,74.52,74.08
74.43,74.71,74.86,74.31
73.44,73.51,74.22,73.18
72.89,73.19,73.29,72.70
73.50,73.12,73.59,72.98
72.97,72.57,72.99,72.44
73.31,73.14,73.34,73.08
72.97,72.44,73.08,72.42
72.31,72.74,72.89,72.26
72.86,73.22,73.27,72.73
72.96,72.91,73.23,72.53
71.74,71.77,71.89,71.43
73.03,72.64,73.06,72.52
71.64,71.44,71.72,71.07
71.00,71.27,71.52,70.78
71.57,70.90,71.62,70.89
70.97,70.80,71.17,70.61
71.63,70.94,71.87,70.94
70.93,70.94,71.14,70.66
71.27,71.42,71.50,70.89
71.53,70.94,71.57,70.72
70.68,71.30,71.50,70.62
71.13,70.58,71.19,70.41
70.60,71.34,71.36,70.49
71.30,71.10,71.35,71.04
70.88,71.10,71.30,70.71
71.19,71.24,71.26,70.77
71.53,71.44,71.79,71.36
71.45,71.32,71.68,70.63
71.33,71.53,71.57,71.21
71.73,71.95,72.07,71.58
71.58,71.78,71.95,71.53
71.58,71.58,71.69,71.42
71.17,71.17,71.44,70.79
71.56,71.70,71.95,71.45
72.30,72.34,72.60,72.28
72.74,72.59,72.84,72.36
72.25,72.43,72.57,72.11
72.13,72.11,72.25,71.72
71.52,71.82,71.83,71.32
72.21,72.04,72.23,71.60
71.15,69.97,71.21,69.89
69.86,70.18,70.18,69.76
69.88,69.78,70.04,69.64
69.53,69.67,69.76,69.46
69.40,69.43,69.55,69.26
68.80,69.07,69.18,68.73
68.96,68.50,69.02,68.34
68.36,68.38,68.57,68.08
68.42,68.48,68.82,68.04
67.98,67.61,68.13,67.55
65.99,66.68,66.79,65.90
66.90,66.42,67.01,66.42
66.54,66.22,66.59,66.15
66.28,65.85,66.31,65.85
65.51,65.38,65.71,65.27
64.74,64.13,64.76,64.13
64.16,64.06,64.37,63.91
64.11,64.08,64.28,64.04
63.52,63.37,63.84,63.25
62.02,61.78,62.32,61.65
61.86,61.71,61.94,61.24
60.60,60.82,61.04,60.42
61.68,62.00,62.13,61.67
61.12,60.96,61.90,60.88
60.40,61.46,61.56,60.38
61.20,60.42,61.41,60.39
59.67,59.36,60.20,59.35
60.08,59.27,60.28,59.27
60.09,59.96,60.65,59.90
59.80,60.57,60.80,59.31
58.75,60.29,60.95,58.72
60.90,60.69,61.25,60.38
61.28,61.86,61.86,61.28
61.31,61.72,61.73,61.05
61.09,60.65,61.30,60.65
60.99,61.18,61.44,60.92
60.85,61.05,61.28,60.71
61.03,60.96,61.08,60.66
61.45,61.59,61.66,61.34
61.65,61.08,61.76,60.83
60.95,61.36,61.56,60.80
61.72,62.00,62.00,61.64
61.63,61.31,61.69,61.02
61.21,61.13,61.42,60.88
61.28,61.50,61.65,61.16
61.79,61.55,62.00,61.49
62.76,62.81,63.05,62.53
62.19,62.37,62.48,62.07
62.95,63.13,63.20,62.86
63.27,63.71,63.89,63.19
64.95,65.25,65.44,64.86
64.55,64.91,65.10,64.52
65.09,64.65,65.13,64.58
65.59,65.35,65.64,65.23
65.17,65.26,65.44,64.92
66.15,66.38,66.83,66.14
66.71,66.29,66.76,66.03
66.21,66.06,66.21,65.51
66.09,66.41,66.61,66.09
66.58,66.38,66.60,66.32
66.17,65.79,66.17,65.61
66.25,65.92,66.49,65.82
64.77,64.51,64.81,64.44
63.53,63.96,64.06,63.45
64.52,64.76,64.77,64.26
64.15,64.40,64.61,63.81
64.15,64.01,64.27,63.92
63.95,63.80,64.40,63.59
63.48,63.09,63.68,63.07
63.50,63.17,63.72,63.09
63.04,62.16,63.17,62.13
62.18,61.47,62.18,61.31
61.99,62.68,63.37,61.81
62.17,63.03,63.24,62.15
63.80,64.38,64.41,63.54
64.58,64.73,65.14,64.40
64.88,65.05,65.20,64.56
65.12,65.30,65.58,64.89
65.27,65.23,65.43,65.15
65.31,65.51,65.76,65.15
64.94,64.89,65.16,64.82
64.81,64.95,65.05,64.68
64.71,64.24,64.79,64.19
64.29,64.34,64.76,63.69
63.01,62.53,63.09,62.45
62.93,62.51,63.32,62.46
62.64,62.90,63.08,62.37
62.75,64.21,64.34,62.64
64.91,65.30,65.43,64.69
65.57,65.69,65.94,65.43
65.27,65.02,65.71,64.83
65.49,65.11,65.54,64.68
68.08,68.00,68.80,66.20
66.50,66.51,67.20,65.24
67.76,66.80,67.76,66.28
67.78,67.61,68.34,67.05
66.48,67.41,67.45,66.47
65.20,65.26,65.69,65.00
64.66,64.89,65.18,64.13
65.11,65.13,65.52,64.95
65.43,64.59,65.50,64.51
64.74,64.82,65.09,64.25
64.52,65.08,65.38,64.51
65.07,65.37,65.49,64.73
64.87,65.61,65.80,64.83
67.13,67.22,67.60,67.01
68.63,69.10,69.18,68.38
68.68,67.99,68.70,67.77
68.54,68.69,68.93,68.33
68.16,68.14,68.27,67.66
68.34,68.58,68.73,68.10
69.40,69.71,69.85,69.33
70.18,70.02,70.34,69.63
69.70,70.01,70.09,69.39
70.13,70.37,70.46,69.89
70.22,70.06,70.38,69.88
70.10,70.74,70.85,69.79
70.12,69.93,70.29,69.86
70.62,70.87,71.05,70.32
71.05,71.11,71.24,70.87
70.92,70.82,71.01,70.68
70.86,70.65,70.94,70.57
70.65,70.03,70.65,69.52
68.69,68.35,68.85,67.89
68.55,68.53,68.55,67.88
67.90,67.66,67.93,67.31
67.27,67.09,67.38,66.82
67.24,67.09,67.26,66.90
65.78,65.65,65.89,65.53
66.40,66.33,66.65,66.19
67.44,66.88,67.44,66.41
66.52,67.01,67.13,66.35
67.27,67.10,67.52,66.79
66.67,66.74,66.86,66.47
67.09,68.31,68.48,66.89
67.39,67.10,67.43,66.83
68.43,68.53,69.06,68.14
69.57,69.31,69.65,69.11
68.98,68.19,69.02,68.16
68.87,68.19,68.94,68.19
68.35,68.16,68.50,68.03
68.45,68.64,68.75,68.23
68.69,68.57,68.88,68.47
68.00,67.81,68.33,67.73
68.80,69.15,69.25,68.55
69.85,69.53,70.06,69.49
69.69,70.31,70.48,69.69
70.57,70.33,70.89,70.28
71.04,70.20,71.18,70.09
70.60,70.37,70.77,70.20
70.58,70.67,70.78,70.35
70.44,70.32,70.47,70.03
70.81,70.62,71.07,70.38
71.89,71.84,71.93,71.32
71.30,71.59,71.80,70.95
68.57,68.72,69.08,68.52
68.52,68.04,68.82,68.04
68.37,68.81,68.89,68.16
67.47,67.81,67.88,67.40
67.72,68.45,68.73,67.70
68.87,68.88,69.10,68.67
68.66,69.00,69.58,68.66
68.16,68.83,68.95,68.03
68.93,69.37,70.10,68.83
66.69,67.04,67.28,66.60
76.04,77.92,78.50,75.32
72.85,71.96,73.28,71.73
73.06,72.42,73.63,72.39
73.54,72.59,73.58,72.40
72.14,77.00,77.70,71.89
87.39,85.75,87.54,84.30
85.72,85.60,86.34,85.20
87.02,86.81,87.45,86.55
86.61,87.54,87.84,86.44
87.60,89.70,89.98,87.60
86.06,87.90,88.05,86.02
87.91,87.94,88.01,87.40
86.42,87.23,87.39,86.41
89.19,91.06,91.86,88.82
89.85,90.37,90.58,89.84
89.24,89.52,90.18,89.20
88.88,88.92,89.25,88.61
89.62,90.75,90.87,89.51
90.05,92.95,94.97,89.22
91.05,91.03,91.81,90.12
90.13,89.73,90.13,89.00
90.08,90.33,90.57,89.90
90.65,93.61,98.15,89.86
92.87,89.59,92.90,89.08
87.53,88.33,88.84,86.86
87.50,86.81,87.84,86.32
86.94,86.30,87.07,86.23
88.19,86.29,89.14,85.69
85.66,85.87,85.88,85.06
86.27,86.28,86.76,85.90
86.42,85.41,86.42,85.06
84.95,84.80,85.19,84.66
84.81,84.31,84.85,83.89
86.24,86.19,87.42,85.87
87.35,86.70,87.72,86.44
87.33,86.51,87.38,86.41
86.26,86.19,86.51,85.91
85.52,84.86,85.68,84.76
83.94,83.77,84.37,83.63
83.43,83.74,83.81,83.26
83.33,82.54,83.87,82.54
82.26,81.61,82.36,81.19
81.73,81.78,82.10,81.50
84.48,83.93,84.69,83.67
83.12,83.28,83.68,83.01
83.48,83.04,83.49,81.48
81.37,80.24,81.37,80.21
80.95,80.42,81.34,80.42
83.87,83.21,83.87,82.79
81.51,81.34,81.79,81.21
82.79,82.26,82.85,81.85
85.01,84.58,85.26,84.40
85.52,85.03,85.58,84.92
85.14,84.51,85.17,84.25
84.08,84.24,84.67,83.95
83.90,83.32,84.00,83.07
83.63,83.63,84.22,83.40
83.37,83.13,83.92,82.95
83.75,83.18,83.96,82.58
82.51,81.25,82.51,80.91
81.28,81.20,81.40,80.48
81.66,81.29,81.97,81.13
81.82,81.91,82.10,81.44
83.11,82.35,83.16,82.14
83.24,83.59,86.73,82.99
84.17,83.92,84.54,83.77
84.37,83.11,84.44,82.98
82.28,81.62,82.34,81.54
81.10,81.03,81.46,80.83
80.96,81.44,81.70,80.82
81.14,80.65,81.17,80.27
80.66,80.75,80.78,80.23
80.69,80.64,80.81,80.21
80.90,81.08,81.10,80.55
80.25,80.75,80.81,80.07
80.12,80.46,80.48,79.86
79.47,80.03,80.24,79.14
79.13,78.20,79.27,78.17
78.11,76.58,78.11,76.52
75.41,81.37,85.39,74.41
83.32,78.09,83.37,78.05
79.72,67.51,79.76,61.92
67.70,68.41,69.70,67.50
67.15,67.93,68.36,66.85
67.93,69.34,69.83,67.81
68.48,68.63,69.05,68.41
68.34,67.68,68.35,67.02
69.29,69.09,69.86,68.90
68.54,68.37,68.63,68.04
68.77,68.78,68.98,68.49
69.91,68.70,69.97,68.67
68.48,68.97,69.35,68.20
69.75,69.48,69.91,68.97
68.66,68.89,69.10,68.55
68.58,69.41,69.56,68.49
69.55,70.23,70.70,69.55
68.82,69.50,70.09,68.82
69.15,68.82,69.40,68.39
68.13,67.71,68.35,67.62
66.99,66.62,67.12,66.02
65.10,64.30,65.20,64.22
63.82,63.99,64.13,63.34
63.39,62.95,63.57,62.76
63.38,61.92,63.38,61.61
63.00,62.88,63.28,62.68
63.89,63.78,64.05,63.53
64.70,64.40,64.83,63.90
64.82,65.73,65.73,64.65
65.95,66.83,66.99,65.95
65.96,65.96,66.46,65.81
65.03,66.22,67.34,64.88
65.21,65.57,65.70,65.05
65.27,65.80,66.29,65.26
65.35,65.32,65.42,65.05
62.88,62.64,62.96,62.35
61.93,62.93,63.00,61.85
61.81,63.97,64.08,61.81
64.26,63.99,64.31,63.62
64.26,64.20,64.58,63.79
64.80,65.15,65.19,64.72
68.54,69.12,69.71,67.94
68.39,69.30,69.39,68.23
68.74,69.20,69.38,68.48
67.85,68.10,68.25,67.38
67.10,67.17,67.22,66.75
67.10,67.65,68.34,67.07
67.61,67.74,68.00,67.17
67.00,67.29,67.73,66.99
67.97,68.14,68.46,67.50
67.87,68.30,68.45,67.74
67.93,67.57,67.96,67.34
67.87,71.83,72.76,67.53
70.25,69.73,70.80,69.50
69.10,69.63,69.70,68.77
68.50,68.59,68.80,68.26
69.14,69.61,69.90,69.12
68.42,69.15,69.36,68.27
73.89,74.78,75.04,72.09
72.37,72.37,72.63,71.91
72.72,79.06,79.53,72.58
76.50,76.20,76.98,75.70
74.32,74.28,75.05,73.91
74.75,73.56,74.91,73.44
72.03,72.04,72.32,71.91
72.47,73.89,74.02,72.46
74.23,74.27,75.08,74.08
73.11,73.60,73.64,73.11
73.80,74.01,74.22,73.60
73.40,73.69,73.70,73.15
73.30,72.99,73.37,72.71
74.06,73.70,74.11,73.15
73.90,74.20,74.36,73.69
73.58,73.00,73.62,72.65
72.68,72.79,72.96,72.34
74.48,78.48,79.32,74.08
77.72,78.40,78.41,76.58
75.65,78.11,78.42,75.60
75.33,74.75,75.62,74.35
75.63,75.26,75.84,74.80
75.61,76.26,76.46,75.22
75.13,74.24,75.27,74.20
73.99,74.93,76.06,73.98
77.72,76.28,77.74,75.76
77.18,78.46,79.50,77.06
79.12,79.49,79.99,79.00
79.59,79.47,79.84,79.30
79.48,79.44,79.57,79.15
79.70,79.67,79.81,79.32
79.66,79.59,79.78,79.30
78.70,78.73,79.11,78.25
77.61,77.39,77.61,76.46
76.20,77.08,77.15,75.96
75.27,75.38,75.82,74.92
73.67,74.22,74.56,73.54
74.26,73.68,74.52,73.41
73.37,72.69,73.55,72.35
74.44,74.19,74.62,73.46
74.34,73.35,74.60,73.24
73.42,74.07,74.48,72.68
75.80,75.75,76.17,74.81
74.12,72.89,75.53,72.53
72.02,71.13,72.10,70.57
69.51,70.05,70.57,68.94
71.02,70.86,71.77,70.58
71.27,70.40,71.27,70.21
70.89,71.21,71.81,70.79
72.67,72.07,73.08,71.86
73.42,72.57,73.46,72.08
72.84,73.88,74.06,72.70
73.98,73.98,74.53,73.39
78.21,78.57,79.70,76.35
80.80,80.23,80.91,79.44
79.08,79.72,80.46,78.97
80.20,80.04,80.75,79.86
80.40,80.40,80.60,79.66
80.67,80.15,80.91,79.50
80.51,81.00,81.02,80.05
80.36,80.53,80.98,80.25
80.09,80.86,80.90,79.92
80.85,80.86,81.20,80.19
80.60,81.45,81.50,80.47
80.69,81.16,81.52,80.65
81.11,81.00,81.51,80.82
80.70,80.98,81.17,80.21
80.34,80.25,80.58,80.05
78.99,79.86,79.95,78.94
79.92,80.26,80.29,79.72
80.05,80.70,80.72,80.05
79.99,80.29,80.97,79.97
80.56,81.37,81.53,80.42
80.63,81.18,81.83,80.42
81.26,81.40,81.60,81.20
81.36,81.63,81.83,81.23
81.09,81.65,81.79,81.06
82.18,82.26,82.32,81.98
81.58,81.99,82.40,81.57
82.02,81.95,82.92,81.66
82.25,82.41,82.80,82.09
82.11,81.98,82.12,81.68
81.94,82.09,82.09,81.64
81.45,82.36,82.47,81.42
82.70,82.81,83.22,82.53
82.53,82.57,82.61,82.00
82.46,82.23,82.47,81.99
81.76,82.00,82.04,81.58
81.90,82.03,82.14,81.55
81.56,81.57,81.72,81.38
81.75,81.89,81.89,81.50
82.02,83.24,83.25,81.91
82.98,82.92,83.43,82.65
83.60,82.82,83.65,82.68
83.31,83.44,83.69,82.92
83.61,83.54,83.78,83.35
83.34,83.24,83.40,83.06
83.21,83.48,83.50,83.03
83.03,82.93,83.33,82.68
83.54,83.84,84.20,83.51
84.06,83.70,84.28,83.51
83.94,84.09,84.24,83.64
84.09,83.91,84.27,83.84
83.97,83.95,84.21,83.64
83.88,83.61,83.93,83.48
83.84,84.20,84.26,83.76
84.23,84.40,84.60,84.00
84.35,83.71,84.40,83.59
83.40,83.16,85.89,82.76
82.52,82.64,82.70,82.08
82.31,82.75,82.87,82.06
82.53,82.41,82.63,82.27
80.67,80.44,80.76,80.37
80.20,80.10,80.55,80.08
80.05,80.57,80.63,79.91
81.25,81.41,81.52,81.16
81.30,80.91,81.32,80.75
80.56,80.90,80.95,80.51
80.90,80.40,81.01,80.25
80.16,80.65,80.73,80.04
80.75,80.78,81.60,80.64
80.33,80.32,80.67,80.16
80.40,80.52,80.75,80.11
81.05,80.81,81.08,80.48
81.01,80.52,81.12,80.46
80.27,80.81,80.89,80.27
79.78,80.52,80.59,79.74
80.52,80.20,80.61,79.89
79.92,79.70,80.10,79.57
79.62,79.84,80.06,79.62
79.76,79.44,79.81,79.44
79.64,79.41,79.65,79.36
79.24,79.65,79.76,79.19
79.37,79.60,79.63,79.13
79.10,79.52,79.90,79.06
78.98,78.89,79.12,78.46
79.08,79.60,79.72,79.05
79.72,80.14,80.23,79.63
80.56,80.52,80.91,80.49
80.97,81.20,81.39,80.97
81.60,81.42,81.63,81.35
81.91,81.81,82.02,81.64
81.36,81.56,81.59,81.30
80.96,81.17,81.21,80.92
80.55,80.60,80.91,80.40
80.12,80.35,80.43,79.80
80.01,80.25,80.46,80.00
79.11,80.18,80.35,79.10
80.08,80.30,80.40,79.92
79.68,79.51,80.05,79.43
79.59,79.98,80.10,79.47
79.42,79.53,79.74,79.29
79.53,79.27,79.53,78.93
76.17,76.89,77.54,76.08
76.89,76.13,76.89,74.97
75.23,76.30,76.32,75.21
76.89,77.25,77.40,76.71
76.50,76.79,77.01,76.49
76.44,76.89,76.89,76.42
75.90,75.70,76.12,75.61
75.35,75.88,75.88,75.21
75.25,75.19,75.55,75.17
75.12,75.09,75.25,74.99
75.76,75.54,75.85,75.54
75.56,75.72,75.82,75.54
76.24,76.56,76.65,76.21
76.85,77.32,77.47,76.77
77.07,77.20,77.23,77.00
77.07,77.50,77.65,77.05
77.12,77.52,77.67,77.08
78.23,78.37,78.52,78.02
78.58,78.58,78.70,78.25
79.53,79.59,79.94,79.41
79.78,79.68,79.90,79.57
79.50,79.23,79.52,79.20
79.39,79.26,79.59,78.93
79.62,78.20,79.73,78.00
79.00,78.62,79.24,78.29
78.54,78.23,78.57,78.08
78.95,78.80,79.53,78.67
79.00,78.88,79.27,78.76
79.08,78.64,79.10,78.49
78.67,78.60,78.98,78.53
78.95,78.98,79.08,78.91
79.06,78.89,79.16,78.89
79.20,79.00,79.39,79.00
79.25,78.89,79.41,78.80
78.66,77.90,78.68,77.76
78.46,78.25,78.56,78.24
78.75,78.75,79.16,78.68
79.26,79.29,79.43,78.98
79.63,79.80,79.83,79.45
79.86,79.51,79.86,79.13
79.51,87.81,88.16,79.51
87.13,87.23,87.45,86.92
86.98,86.82,87.00,86.64
87.11,86.90,87.14,86.70
86.85,86.64,87.26,86.45
86.56,86.70,86.79,86.52
86.83,87.07,87.33,86.65
86.89,87.25,87.26,86.85
87.25,87.68,87.78,87.25
88.31,88.24,88.46,87.98
87.92,88.50,88.72,87.81
88.70,88.56,88.83,88.47
88.86,88.95,89.13,88.85
88.55,88.53,88.77,88.30
88.30,88.55,88.77,88.30
88.33,88.18,88.54,88.00
87.99,88.20,88.24,87.85
88.19,88.15,88.22,87.85
87.50,87.38,87.80,87.27
87.27,87.51,87.60,87.25
87.25,87.15,87.35,86.99
86.96,87.59,87.60,86.90
87.49,87.73,88.08,87.42
87.96,88.15,88.42,87.89
88.05,88.04,88.19,88.00
87.62,87.82,87.92,87.49
87.71,88.35,88.35,87.69
87.81,87.73,88.00,87.46
87.38,87.60,87.89,87.37
87.92,87.80,88.19,87.80
87.73,87.82,87.93,87.56
88.04,88.06,88.17,87.82
87.74,87.85,87.91,87.68
88.01,87.85,88.06,87.47
85.99,86.56,86.76,85.95
85.95,85.35,85.97,85.20
86.36,86.11,86.55,85.64
85.91,85.37,86.00,85.24
83.39,83.21,83.99,82.64
83.15,83.01,83.40,82.82
83.65,84.17,84.45,83.59
84.62,84.94,85.22,84.36
85.56,85.86,85.97,85.23
85.60,85.11,85.69,84.63
80.26,80.01,80.61,79.37
80.01,81.40,81.57,80.01
81.15,80.34,81.31,80.34
79.50,79.71,79.71,79.39
80.13,80.51,80.68,79.94
79.68,80.42,80.50,79.65
80.44,80.61,80.73,80.37
80.72,80.60,80.88,80.58
79.65,79.44,80.01,79.39
79.30,79.43,79.60,79.17
80.00,80.27,80.36,79.61
80.24,80.37,80.52,80.18
78.46,78.59,78.93,78.18
77.18,77.00,77.51,76.83
77.02,77.00,77.12,76.16
74.89,75.69,75.80,74.52
75.78,76.88,76.90,75.63
77.24,75.49,77.64,75.43
75.93,76.45,76.51,75.61
76.89,77.13,77.30,76.80
76.89,76.93,77.07,76.74
76.69,77.10,77.11,76.57
76.61,76.99,77.02,76.56
77.87,77.18,78.06,76.99
76.64,76.31,76.75,76.08
75.38,75.62,76.00,75.07
75.79,76.42,76.45,75.77
77.52,77.75,77.86,77.38
78.07,78.38,78.83,78.00
79.00,79.44,79.51,78.83
79.23,79.13,79.41,78.92
79.00,79.01,79.27,78.64
80.32,80.05,80.37,79.73
80.28,80.44,80.58,80.19
80.50,80.27,80.55,80.16
80.85,80.62,81.02,80.53
80.90,79.94,80.91,79.91
79.59,80.33,80.39,79.47
79.65,80.01,80.62,79.62
80.07,80.11,80.29,79.94
79.93,80.13,80.17,79.69
80.02,79.70,80.10,79.67
79.84,79.75,79.95,79.58
79.57,79.55,79.62,79.34
79.45,79.53,79.72,79.44
79.38,79.32,79.46,79.16
79.51,79.29,79.73,79.28
79.75,79.05,79.77,78.97
79.38,79.32,79.51,78.91
79.35,80.14,80.38,79.23
79.52,79.73,80.24,79.50
80.20,80.34,80.56,80.03
81.45,80.90,81.98,80.86
81.39,81.50,81.62,81.23
82.11,82.62,82.82,81.79
82.64,82.76,83.06,82.56
82.60,82.64,83.02,82.50
