TTEC,TeleTech Holdings,NASDAQ
20.23,20.66,20.95,20.19
20.74,20.41,20.80,20.38
20.41,20.31,20.48,20.03
20.27,20.22,20.28,19.85
20.13,20.52,20.78,20.03
20.69,20.35,20.72,20.11
20.15,19.73,20.22,19.53
19.80,20.05,20.10,19.58
20.08,20.14,20.20,19.93
20.20,19.53,20.20,19.39
19.58,19.66,19.77,19.36
19.55,19.14,19.59,18.80
19.21,18.75,19.26,18.74
18.68,18.34,18.74,18.18
18.48,18.79,18.93,18.20
18.74,18.65,18.83,18.42
18.55,19.05,19.13,18.52
18.99,19.13,19.28,18.96
19.15,19.04,19.42,19.04
19.08,19.08,19.12,18.70
19.06,19.11,19.19,18.84
19.08,19.30,19.42,18.95
19.18,18.55,19.18,18.49
18.50,17.97,18.50,17.78
17.95,18.00,18.08,17.66
18.16,17.94,18.27,17.80
17.92,17.65,17.92,17.41
17.54,18.37,18.41,17.49
18.25,18.54,18.54,18.10
18.58,18.81,18.81,18.42
18.81,19.06,19.07,18.58
19.00,19.52,19.52,18.84
19.46,19.55,19.55,19.21
19.55,19.34,19.55,19.12
19.27,18.42,19.27,18.20
18.40,17.50,18.40,17.30
17.33,17.50,17.67,17.10
17.50,17.49,17.56,17.09
17.47,18.06,18.06,17.45
18.03,18.32,18.44,17.95
18.42,18.14,18.52,18.14
18.23,18.19,18.33,17.74
18.20,18.47,18.51,18.10
18.48,17.95,18.48,17.84
17.81,17.87,18.09,17.58
17.93,17.72,17.98,17.72
17.67,17.81,17.83,17.23
17.80,17.78,17.94,17.65
17.70,17.41,17.92,17.00
17.42,17.28,17.46,17.11
17.22,17.28,17.40,16.97
17.30,17.50,17.72,17.21
17.63,17.55,17.73,17.40
17.47,17.39,17.71,17.34
17.44,17.18,17.44,17.11
17.18,16.82,17.23,16.81
16.85,16.80,17.02,16.64
16.81,17.00,17.05,16.74
17.09,17.01,17.12,16.79
17.08,17.35,17.36,17.04
17.24,17.08,17.57,17.06
17.22,16.91,17.30,16.63
16.91,17.42,17.55,16.91
17.40,17.25,17.40,17.09
17.14,17.31,17.40,16.89
17.18,16.85,17.32,16.68
16.90,16.97,16.99,16.75
17.03,17.01,17.10,16.76
16.99,17.25,17.26,16.85
17.31,17.78,17.78,17.31
17.80,17.88,17.93,17.65
17.88,17.77,17.99,17.69
17.75,17.93,17.95,17.66
17.93,18.13,18.13,17.78
18.10,18.03,18.10,17.96
17.81,18.00,18.05,17.70
18.00,18.09,18.11,17.70
18.02,18.04,18.11,17.86
17.99,17.63,18.10,17.58
17.72,16.94,17.72,16.82
17.09,17.05,17.13,16.85
17.10,16.58,17.13,16.55
16.67,16.87,16.90,16.60
16.58,16.13,16.61,15.81
16.02,16.18,16.41,15.97
14.81,15.87,17.32,14.53
15.75,15.04,15.75,14.88
15.51,15.47,15.77,15.09
15.25,15.57,15.71,15.08
15.53,15.56,15.61,15.27
15.46,15.43,15.55,15.29
15.37,14.93,15.37,14.73
14.97,15.18,15.31,14.82
15.37,15.04,15.70,14.98
15.06,14.96,15.23,14.86
14.65,14.05,15.01,14.00
13.92,14.28,14.41,13.91
14.23,13.92,14.28,13.88
13.73,13.34,13.74,13.19
13.40,12.93,13.59,12.90
13.15,12.74,13.29,12.58
12.74,12.93,13.00,12.54
12.80,12.48,12.90,12.47
12.48,12.65,12.70,12.28
12.68,13.56,13.62,12.68
13.22,13.12,13.37,12.96
13.15,12.76,13.21,12.76
12.84,12.81,12.85,12.59
12.88,12.71,12.96,12.64
12.92,13.17,13.17,12.86
13.02,13.24,13.27,12.82
13.40,13.22,13.53,13.18
13.26,13.27,13.34,13.08
13.14,13.40,13.44,13.10
13.50,13.52,13.54,13.34
13.61,13.39,13.61,13.35
13.59,13.10,13.60,13.05
13.15,12.98,13.34,12.98
12.98,13.11,13.23,12.87
13.05,13.04,13.22,12.92
13.14,13.37,13.47,12.99
13.36,13.27,13.48,13.10
13.06,12.81,13.09,12.75
12.78,12.89,13.05,12.78
12.98,12.98,13.21,12.66
13.10,12.78,13.10,12.77
13.01,12.43,13.12,12.39
12.44,12.79,12.82,12.17
12.91,13.14,13.14,12.85
13.11,13.50,13.50,13.04
13.40,13.25,13.57,13.16
13.39,13.77,13.78,13.30
13.71,13.73,13.75,13.59
13.72,13.90,13.93,13.41
13.77,13.42,13.94,13.37
13.50,13.67,13.75,13.50
13.47,13.92,13.94,13.31
13.97,14.03,14.26,13.83
14.14,14.38,14.59,13.92
14.28,14.81,14.93,14.10
14.90,14.98,15.05,14.64
15.00,15.02,15.33,14.93
14.96,14.54,15.06,14.48
14.65,14.10,14.71,14.03
13.96,13.90,14.24,13.89
14.14,14.01,14.22,13.89
13.47,13.16,13.47,12.94
13.13,13.50,13.65,13.12
14.30,14.60,15.05,14.21
14.61,14.38,14.74,14.28
14.47,14.27,14.55,14.24
14.19,14.00,14.34,13.82
13.81,13.40,13.81,13.37
13.22,13.19,13.42,13.01
13.11,12.99,13.22,12.96
12.95,13.06,13.19,12.95
13.15,13.20,13.30,12.93
13.15,13.36,13.59,12.98
13.28,13.07,13.29,13.01
13.00,13.03,13.08,12.85
13.07,12.91,13.20,12.87
12.78,12.97,13.12,12.76
12.89,13.34,13.38,12.89
13.43,13.03,13.43,13.00
13.18,13.35,13.36,12.90
13.26,12.90,13.26,12.90
12.85,12.69,12.94,12.62
12.89,13.27,13.47,12.83
13.23,13.52,13.56,13.00
13.66,13.68,13.77,13.50
13.63,13.22,13.64,13.17
13.25,13.21,13.40,13.05
13.33,13.16,13.55,13.13
13.17,13.28,13.32,13.08
13.44,13.95,14.01,13.39
13.87,13.66,13.87,13.65
13.56,13.98,14.06,13.46
13.92,13.78,13.98,13.65
13.95,13.82,14.05,13.49
13.84,14.34,14.37,13.60
14.34,14.32,14.56,14.19
14.23,14.31,14.48,13.99
14.23,14.24,14.53,14.22
14.45,14.47,14.55,14.30
14.51,14.47,14.56,14.35
14.52,14.73,14.76,14.24
14.64,14.66,14.89,14.46
14.82,14.84,15.09,14.76
14.94,14.79,15.05,14.68
14.78,14.42,14.78,14.37
14.60,14.96,15.02,14.50
14.90,14.80,14.94,14.68
14.90,14.80,15.13,14.75
14.78,14.67,14.78,14.34
14.59,14.68,14.90,14.50
14.61,14.41,14.61,14.24
14.43,15.04,15.12,14.39
14.98,15.25,15.47,14.91
15.47,15.37,15.58,15.22
15.41,15.55,15.59,15.36
15.30,15.03,15.45,14.96
15.14,14.99,15.30,14.96
15.08,14.84,15.26,14.66
14.84,15.12,15.18,14.83
15.19,15.57,15.62,15.19
15.50,15.75,15.81,15.40
15.62,15.34,15.74,15.21
15.49,15.24,15.49,15.12
15.16,15.18,15.53,14.51
15.21,15.21,15.47,15.14
15.40,15.72,15.73,15.33
15.70,16.04,16.09,15.57
16.33,17.30,17.32,16.18
17.37,17.37,17.58,17.22
17.27,17.38,17.47,17.15
17.45,17.24,17.63,17.15
17.16,17.79,17.79,17.10
17.55,17.72,17.87,17.19
17.52,17.49,17.77,17.42
17.58,17.47,17.71,17.42
17.28,16.93,17.30,16.77
16.88,17.33,17.39,16.74
17.50,18.01,18.01,17.50
17.97,18.23,18.25,17.81
18.15,18.90,18.96,18.07
18.58,18.82,18.86,18.44
18.94,18.91,19.17,18.75
18.75,19.06,19.13,18.74
18.90,18.83,19.03,18.65
18.59,18.96,19.20,18.54
19.15,19.69,19.77,19.01
19.74,20.38,20.44,19.71
20.33,20.62,20.75,20.32
20.65,20.95,21.00,20.45
21.20,21.57,22.00,21.13
21.57,21.09,21.63,21.07
21.31,20.99,21.31,20.98
21.03,21.23,21.35,20.51
21.29,21.08,21.29,20.91
21.06,20.75,21.06,19.89
20.73,21.18,21.34,20.30
21.21,21.21,21.43,21.10
21.27,20.82,21.27,20.62
20.81,20.44,20.90,20.37
20.49,20.58,20.64,19.93
20.65,20.32,20.67,19.95
20.27,20.40,20.70,20.27
20.28,20.51,20.61,20.20
20.50,20.70,20.77,20.44
20.70,20.85,20.99,20.63
20.85,20.90,21.17,20.71
20.78,20.59,21.14,20.59
20.83,20.75,21.20,20.54
20.78,20.19,20.78,20.16
20.17,20.67,20.77,19.93
20.61,20.62,20.77,20.49
20.62,20.72,20.80,20.40
20.52,20.87,21.01,20.34
20.97,21.04,21.22,20.85
21.27,21.13,21.35,21.00
21.16,21.08,21.33,21.05
21.12,21.15,21.37,21.11
21.14,21.41,21.53,20.94
21.40,21.10,21.61,21.08
20.93,20.34,20.93,20.22
20.57,20.03,20.69,19.92
20.09,20.26,20.55,20.04
20.09,20.29,20.40,19.82
21.30,21.55,22.32,21.16
21.55,21.70,22.00,21.08
21.64,21.44,21.83,21.33
21.62,21.41,21.78,21.34
21.50,22.16,22.42,21.42
22.07,22.10,22.43,21.79
22.14,22.34,22.61,21.86
22.29,22.33,22.56,22.02
22.35,22.66,22.75,22.25
22.54,22.67,22.68,22.39
22.50,22.41,22.69,22.36
22.24,22.30,22.57,22.23
22.22,22.87,22.87,22.15
22.91,22.89,23.02,22.74
22.83,22.41,22.96,22.36
22.56,22.61,22.85,22.33
22.61,22.55,22.71,22.37
22.71,22.48,22.77,22.34
22.28,21.79,22.44,21.77
21.85,21.40,22.08,21.09
21.42,21.73,21.81,21.24
21.74,22.81,22.89,21.66
23.00,22.78,23.46,22.39
22.83,21.70,22.85,21.62
21.55,20.45,21.55,20.08
20.68,20.60,20.91,20.27
20.67,20.86,20.89,20.41
20.90,20.64,21.19,20.43
20.40,20.62,20.86,20.14
20.51,20.22,20.79,20.19
19.96,19.22,19.96,19.22
19.10,18.88,19.35,18.86
18.63,18.87,19.13,18.63
18.42,18.73,18.99,18.25
18.68,18.24,18.83,18.23
18.62,18.12,18.62,18.10
18.32,18.81,18.87,18.15
19.00,18.67,19.00,18.22
18.73,18.13,18.85,18.06
18.13,17.97,18.33,17.80
18.15,18.91,18.99,17.96
18.99,19.14,19.57,18.99
19.29,18.77,19.29,18.73
18.70,19.11,19.26,18.65
19.23,19.29,19.46,19.20
19.26,19.38,19.40,19.12
19.47,19.13,19.47,18.97
19.16,19.48,19.57,19.02
19.54,19.35,19.70,19.31
19.50,20.46,20.57,18.97
20.46,20.49,20.54,20.36
20.51,20.43,20.55,20.33
20.37,20.52,20.74,20.37
20.39,20.39,20.51,20.25
20.48,20.30,20.48,19.99
20.10,20.52,20.61,19.95
20.46,20.41,20.58,20.14
20.07,19.73,20.15,19.64
19.86,19.48,19.87,19.30
19.82,19.98,20.07,19.74
20.11,20.02,20.11,19.83
19.95,19.72,19.95,19.60
19.83,19.83,19.98,19.50
19.82,20.00,20.19,19.64
19.92,19.95,20.04,19.76
20.02,19.87,20.22,19.82
19.94,19.74,19.94,19.56
19.70,20.09,20.21,19.58
20.18,19.87,20.53,19.60
19.78,19.45,19.88,19.39
19.67,19.10,19.76,19.07
19.01,19.47,19.48,18.98
19.59,19.65,19.75,19.38
19.62,19.43,19.75,19.25
19.27,19.46,19.55,19.23
19.43,19.10,19.43,19.08
18.98,18.97,19.37,18.93
18.93,18.84,19.06,18.77
18.90,18.91,19.05,18.83
18.90,18.82,18.90,18.72
18.69,18.68,18.87,18.52
18.33,17.79,18.61,17.78
17.87,17.99,18.25,17.75
17.98,18.03,18.25,17.98
17.99,17.94,18.07,17.73
18.05,18.14,18.29,17.96
18.29,18.10,18.29,17.64
17.90,17.87,18.20,17.31
17.90,17.94,18.10,17.90
17.65,18.18,18.26,17.65
18.08,18.33,18.41,18.02
18.50,18.31,18.50,18.10
18.16,18.71,18.80,18.01
18.74,18.84,19.39,18.61
18.71,18.83,18.95,18.57
18.85,18.89,19.16,18.72
19.06,19.36,19.40,19.01
19.16,18.96,19.18,18.88
18.97,19.06,19.13,18.76
19.16,19.25,19.33,18.98
19.24,19.42,19.50,19.05
19.55,20.09,20.15,19.45
19.98,19.87,20.15,19.75
19.59,20.14,20.25,19.50
20.14,20.28,20.39,19.90
20.22,20.74,20.91,20.10
20.78,20.83,20.92,20.51
20.86,20.83,20.88,20.47
20.87,21.08,21.15,20.74
20.95,21.05,21.33,20.80
21.11,21.56,21.60,21.11
21.50,21.57,21.76,21.31
21.71,22.06,22.29,21.60
21.73,22.26,22.39,21.73
22.00,22.10,22.27,21.93
22.04,21.70,22.24,21.67
21.68,21.86,22.10,20.91
21.88,21.45,22.06,21.41
21.51,21.59,21.67,21.21
21.58,20.97,21.58,20.90
21.13,21.63,21.66,21.13
21.64,21.45,21.64,21.22
21.51,21.48,21.70,21.17
21.47,21.35,21.47,21.27
21.12,21.36,21.65,21.12
21.40,20.94,21.40,20.92
20.83,20.14,20.83,20.09
20.19,19.90,20.34,19.85
19.72,19.79,20.12,19.52
20.01,19.72,20.14,19.54
19.56,19.25,19.96,19.23
18.58,18.14,18.87,17.60
18.02,17.89,18.43,17.87
18.10,18.35,18.65,17.41
17.88,17.23,18.34,17.23
17.69,17.49,17.73,16.24
17.09,16.49,17.27,16.42
16.48,16.35,16.53,16.01
16.48,16.68,16.70,16.05
16.85,16.93,16.93,16.55
16.73,16.84,17.00,16.47
16.92,17.10,17.15,16.85
16.67,15.95,16.67,15.88
15.70,15.90,16.34,15.68
16.26,16.07,16.38,15.99
16.09,16.75,16.81,15.89
16.68,16.86,17.08,16.40
16.86,16.44,16.86,16.33
16.34,16.62,16.72,16.11
16.69,17.20,17.24,16.69
17.08,17.53,17.60,16.87
17.65,17.74,17.81,17.36
17.71,17.27,17.90,17.12
16.93,16.46,17.08,16.45
16.10,16.18,16.25,15.73
16.41,16.49,16.50,16.29
16.36,16.25,16.49,16.17
16.10,15.84,16.21,15.67
15.61,16.19,16.23,15.53
16.24,16.26,16.39,16.04
16.43,16.51,16.79,16.06
16.66,16.69,16.70,16.34
16.78,16.72,16.91,16.59
16.51,16.49,16.58,16.12
16.55,15.96,16.72,15.95
16.00,15.09,16.00,15.07
14.65,14.43,14.82,14.18
14.43,14.76,14.79,14.32
14.85,15.00,15.05,14.40
15.28,15.52,15.93,15.07
15.55,14.90,15.61,14.89
15.22,15.15,15.35,14.79
14.98,15.24,15.43,14.98
15.12,14.38,15.36,14.37
14.28,15.36,15.41,14.10
15.39,15.67,15.90,15.14
15.59,16.14,16.16,15.52
16.21,15.76,16.26,15.67
16.07,16.38,16.39,15.87
16.20,16.47,16.58,16.08
16.75,16.61,16.85,16.52
16.52,16.37,16.54,16.16
16.57,16.74,16.78,16.39
16.56,16.13,16.56,16.03
16.18,16.70,16.88,15.86
16.69,16.26,16.77,16.17
16.30,16.22,16.34,15.63
16.50,16.78,16.81,16.36
16.81,17.33,17.41,16.70
17.21,16.73,17.21,16.63
16.98,17.21,17.33,16.42
17.78,18.34,18.47,17.44
18.31,18.01,18.66,17.92
17.72,17.48,17.94,17.44
16.82,16.36,16.97,16.31
16.71,16.72,17.02,16.53
15.66,17.13,17.17,15.34
16.97,17.16,17.52,16.70
17.17,17.56,17.60,16.92
17.74,17.36,17.74,17.18
16.87,16.92,17.11,16.80
17.17,16.97,17.28,16.67
17.07,17.40,17.57,17.07
17.29,17.01,17.41,16.85
16.89,17.31,17.39,16.64
17.10,17.33,17.45,17.01
17.36,17.23,17.44,17.07
17.28,17.72,17.83,17.15
17.35,17.13,17.53,17.01
17.11,16.89,17.16,16.84
16.71,16.43,16.76,16.27
16.32,16.23,16.54,16.10
16.76,16.92,16.96,15.69
16.90,16.67,17.07,16.45
17.34,17.61,17.61,17.13
17.51,17.48,17.78,17.41
17.74,17.59,17.91,17.52
17.93,17.40,18.00,17.36
17.40,17.09,17.50,16.94
16.99,16.91,17.22,16.72
16.70,16.19,16.80,16.18
16.21,16.50,16.69,16.21
16.26,16.36,16.66,16.15
16.49,16.01,16.65,15.90
15.84,15.63,15.95,15.59
15.83,15.70,15.92,15.59
15.86,15.79,16.02,15.66
15.92,15.42,15.99,15.39
15.77,16.00,16.25,15.71
16.06,16.10,16.16,15.72
16.13,16.32,16.38,16.01
16.35,16.40,16.46,16.02
16.30,16.84,16.96,16.30
16.79,16.02,16.79,16.01
16.11,16.35,16.45,16.11
16.31,16.20,16.52,16.12
16.56,16.09,16.69,15.99
15.95,15.98,16.17,15.73
15.85,15.93,16.05,15.73
15.88,15.80,16.11,15.79
15.84,15.82,16.02,15.53
15.99,15.97,16.21,15.95
15.91,15.97,16.14,15.91
16.06,16.05,16.07,15.88
15.85,15.43,16.02,15.39
15.51,15.37,15.63,15.35
15.36,15.60,15.63,14.74
15.66,15.75,16.05,15.66
15.78,16.19,16.26,15.78
16.17,16.33,16.69,16.11
16.26,16.91,16.96,16.26
16.83,17.01,17.13,16.56
17.10,17.26,17.31,16.85
16.75,16.96,17.14,16.69
16.88,16.96,17.08,16.72
16.99,16.96,17.03,16.76
17.01,17.54,17.59,16.97
17.53,17.56,17.81,17.47
17.89,17.97,18.23,17.79
17.86,17.70,17.88,17.67
17.58,17.47,17.68,17.41
17.48,17.25,17.49,17.13
17.25,17.23,17.51,17.14
17.09,16.93,17.15,16.88
17.09,17.17,17.28,16.92
17.16,16.93,17.24,16.75
16.97,16.87,17.20,16.74
16.86,17.55,17.55,16.86
17.65,17.38,17.65,17.35
17.47,17.16,17.47,16.97
17.11,17.27,17.49,17.04
17.28,17.56,17.66,17.23
17.61,17.55,17.75,17.46
17.51,17.82,17.87,17.27
17.78,17.64,17.81,17.26
15.55,15.27,16.21,14.77
15.19,16.04,16.11,15.19
15.98,15.56,16.11,15.47
15.48,15.61,15.74,15.44
15.46,15.43,15.67,15.25
15.48,15.12,15.51,15.08
15.27,15.52,15.61,15.00
15.40,15.76,16.05,15.40
15.76,15.97,15.97,15.71
16.00,16.12,16.17,15.98
16.10,16.03,16.19,15.81
16.02,16.32,16.59,15.86
16.38,16.46,16.77,16.27
16.34,16.35,16.65,16.28
16.17,16.25,16.31,16.05
16.26,16.09,16.44,16.06
15.89,16.13,16.14,15.89
16.12,16.06,16.12,16.00
16.23,16.66,16.72,16.16
16.69,16.28,16.69,16.28
16.28,16.01,16.28,15.96
15.90,15.97,16.17,15.90
16.11,16.10,16.25,15.96
16.01,16.58,16.58,16.01
16.55,16.59,16.81,16.47
16.36,16.15,16.46,16.14
16.03,15.98,16.18,15.97
15.67,15.79,15.82,15.56
15.73,15.82,15.90,15.58
15.99,16.06,16.06,15.87
16.10,16.21,16.40,16.07
16.11,15.89,16.30,15.81
16.00,15.92,16.16,15.81
16.09,16.07,16.17,16.05
15.93,15.77,16.00,15.76
15.82,15.59,15.98,15.50
15.86,15.59,15.86,15.44
15.30,14.97,15.36,14.90
14.94,14.98,15.13,14.85
15.25,15.08,15.25,15.02
15.07,15.21,15.46,15.07
15.22,15.35,15.46,15.01
15.30,15.15,15.43,15.04
15.12,15.16,15.45,14.99
15.30,15.04,15.39,14.04
14.98,14.60,15.02,14.45
14.54,14.60,14.71,14.41
14.56,14.78,14.81,14.44
14.73,14.80,14.89,14.58
14.59,14.71,14.77,14.42
14.79,14.79,14.84,14.62
14.70,14.79,14.95,14.70
14.66,14.75,14.85,14.58
14.73,14.87,14.97,14.71
14.90,14.66,15.00,14.58
14.69,14.64,14.82,14.48
14.65,14.63,14.94,14.56
14.68,14.87,14.92,14.46
14.85,14.59,15.05,14.47
14.48,14.56,14.62,14.18
14.62,14.53,14.62,14.29
14.56,14.65,14.74,14.36
14.75,14.72,14.85,14.57
14.64,14.70,14.90,14.36
14.78,14.90,14.95,14.54
14.63,14.69,14.90,14.33
14.73,14.74,14.95,14.51
14.65,14.98,15.07,14.51
15.10,15.45,15.50,15.07
15.63,15.41,15.79,15.35
15.32,15.42,15.58,15.17
15.61,15.13,15.63,15.03
15.23,15.18,15.23,14.94
15.14,15.00,15.21,14.97
15.06,15.23,15.29,14.81
15.22,15.51,15.54,15.03
15.39,15.30,15.50,15.23
15.35,15.63,15.75,15.30
15.64,15.85,15.88,15.54
15.81,15.30,15.81,15.25
15.36,15.69,15.72,15.31
15.45,15.56,15.63,15.44
15.58,15.66,15.77,15.56
15.69,15.72,15.74,15.66
15.59,15.73,15.78,15.45
16.00,16.00,16.07,15.71
16.01,16.03,16.07,15.84
16.05,16.24,16.25,16.01
16.19,16.24,16.29,16.14
16.07,16.15,16.17,16.00
16.12,16.15,16.20,16.02
16.24,16.20,16.28,16.06
16.19,16.20,16.24,16.03
16.10,15.96,16.10,15.82
16.00,16.17,16.24,16.00
16.09,16.25,16.32,16.09
16.32,16.27,16.38,16.22
16.28,16.73,16.78,16.28
16.83,16.26,16.85,16.13
16.12,16.15,16.33,15.98
15.86,15.85,15.91,15.69
15.87,15.70,15.91,15.61
15.79,16.05,16.12,15.67
16.25,16.12,16.40,16.00
16.21,16.53,16.54,16.03
16.52,16.55,16.73,16.47
16.47,16.46,16.72,16.33
16.50,15.95,16.57,15.95
16.66,16.27,16.73,16.14
16.51,16.24,16.82,16.16
16.27,16.34,16.49,16.20
16.41,16.40,16.53,16.34
16.31,16.44,16.56,16.24
16.40,16.46,16.47,16.38
16.42,16.45,16.47,16.22
16.40,16.15,16.43,16.05
16.17,16.14,16.42,16.09
16.05,17.00,17.10,16.05
16.95,16.82,17.06,16.74
16.78,17.01,17.30,16.78
16.95,16.98,17.00,16.86
17.10,17.02,17.25,17.00
16.99,16.75,16.99,16.72
16.74,16.68,16.75,16.57
16.62,16.68,16.72,16.53
16.72,16.61,16.79,16.53
16.55,16.66,16.69,16.51
16.67,16.80,16.94,16.64
16.76,16.50,16.76,16.48
16.65,16.51,16.65,16.44
16.54,16.79,16.87,16.37
16.75,16.94,16.96,16.67
17.04,17.22,17.34,16.94
17.31,17.35,17.35,17.05
17.32,17.33,17.50,17.18
17.36,17.51,17.66,17.36
17.55,17.54,17.70,17.44
17.60,17.87,18.03,17.42
17.95,17.77,17.98,17.74
17.69,17.50,17.71,15.50
17.48,17.43,17.55,16.95
17.43,17.17,17.49,17.11
17.10,17.12,17.15,16.98
17.31,17.06,17.37,16.93
17.01,17.19,17.26,17.01
17.27,17.00,17.33,16.93
17.04,16.83,17.25,16.76
16.89,17.06,17.24,16.79
16.95,17.05,17.26,16.90
17.17,17.23,17.29,17.02
17.31,17.16,17.33,17.04
17.15,17.01,17.20,16.90
17.07,17.19,17.19,16.84
17.20,17.21,17.40,17.04
17.17,17.22,17.33,17.06
17.28,17.12,17.28,17.01
17.12,17.14,17.26,17.07
17.31,17.11,17.39,17.03
17.11,17.06,17.14,17.01
17.07,17.23,17.29,16.90
17.31,17.49,17.54,17.22
17.47,17.53,17.57,17.31
17.53,17.40,17.54,17.32
17.33,17.01,17.33,16.90
17.01,16.97,17.05,16.89
16.86,16.79,16.91,16.71
16.86,16.82,16.86,16.72
16.98,16.87,17.00,16.81
16.91,16.88,16.95,16.75
16.84,16.84,16.92,16.73
16.87,16.89,16.94,16.73
16.93,16.42,16.93,16.42
16.47,16.54,16.64,16.46
16.64,16.75,16.81,16.59
16.56,16.26,16.64,16.26
18.18,16.90,18.21,16.88
16.84,16.73,17.05,16.72
16.76,16.79,17.35,16.63
16.67,16.64,16.82,16.58
16.64,16.07,16.66,16.05
16.09,15.98,16.09,15.30
15.96,16.15,16.21,15.86
16.30,16.10,16.30,15.95
16.10,16.30,16.32,15.69
16.28,16.51,16.53,16.28
16.59,16.74,16.77,16.56
16.67,16.91,16.91,16.55
16.94,16.91,17.34,16.73
16.83,16.92,17.04,16.67
17.05,17.09,17.20,16.98
17.10,17.02,17.21,16.88
17.18,17.32,17.41,17.09
17.32,17.49,17.52,17.29
17.59,17.33,17.59,17.33
17.30,17.43,17.54,17.28
17.45,17.33,17.45,17.14
17.35,17.41,17.45,17.19
17.41,17.67,17.84,17.39
17.77,17.74,17.85,17.69
17.74,17.54,17.81,17.47
17.45,17.51,17.60,17.39
17.56,17.76,17.79,17.42
17.83,17.79,17.83,17.61
17.82,17.87,17.97,17.62
17.89,17.95,18.04,17.67
17.79,17.76,17.92,17.56
17.71,17.72,17.73,17.59
17.76,17.52,17.76,17.43
17.57,17.66,17.70,17.24
17.62,17.64,17.77,17.55
17.60,17.80,17.86,17.46
18.10,17.96,18.21,17.78
17.94,18.16,18.26,17.92
18.21,18.11,18.21,17.99
18.07,17.95,18.07,17.83
17.87,18.01,18.03,17.84
18.04,18.11,18.18,17.53
18.22,18.15,18.25,17.96
18.26,18.48,18.48,18.14
18.45,17.99,18.45,17.90
17.95,18.23,18.30,17.81
18.19,18.27,18.42,18.18
18.34,18.21,18.50,18.18
18.19,18.06,18.19,17.83
18.10,18.03,18.11,17.87
18.07,18.02,18.17,17.99
18.09,18.24,18.31,18.06
18.34,18.23,18.35,18.12
18.31,18.43,18.50,18.23
18.45,18.61,18.62,18.42
18.55,18.22,18.61,18.09
18.24,18.70,18.74,18.24
18.82,18.77,18.95,18.65
18.73,18.47,18.73,18.30
18.60,18.54,18.65,18.42
18.49,18.66,18.67,18.27
18.70,18.30,18.70,18.20
18.32,18.54,18.80,18.28
18.52,18.39,18.94,18.01
18.43,18.44,18.51,18.23
18.48,18.58,18.58,18.40
18.51,18.45,18.57,18.40
18.56,18.45,18.56,18.41
18.54,18.49,18.71,18.49
18.53,18.33,18.62,18.31
18.33,18.14,18.45,18.00
18.27,18.26,18.37,18.02
18.36,17.89,18.50,17.88
18.02,17.72,18.02,17.70
17.72,18.69,18.79,17.70
18.72,18.76,19.19,18.71
18.57,19.10,19.21,18.41
19.17,19.02,19.17,18.84
19.12,19.21,19.36,19.04
19.22,19.58,19.63,19.21
19.50,19.71,19.73,19.21
19.76,19.90,20.18,19.70
19.88,19.93,19.97,19.85
19.93,20.06,20.16,19.75
20.13,20.33,20.42,19.97
20.40,20.79,20.88,20.21
20.83,20.70,20.86,20.51
20.50,20.56,20.77,20.48
20.55,20.60,20.63,20.30
20.74,20.52,20.77,20.34
20.42,20.59,20.70,20.42
20.70,20.47,20.72,20.40
20.59,21.13,21.16,20.55
21.26,21.15,21.33,20.92
21.10,21.13,21.19,20.96
21.20,21.21,21.36,21.03
21.24,21.26,21.34,21.06
21.38,21.37,21.51,21.22
21.45,21.23,21.45,21.16
21.34,21.50,21.53,21.18
21.19,21.11,21.32,21.10
21.19,21.41,21.41,21.01
21.42,21.28,21.42,21.25
21.31,21.62,21.68,21.30
21.64,21.54,21.64,21.43
21.41,21.46,21.59,21.26
21.40,20.60,21.44,20.53
20.78,20.78,20.82,20.48
20.63,20.72,21.04,20.50
20.81,20.52,20.96,20.50
20.52,20.67,20.75,20.37
20.82,20.69,20.82,20.37
20.88,21.07,21.08,20.59
21.10,20.94,21.10,20.84
21.05,21.03,21.20,21.01
21.07,20.95,21.15,20.93
21.01,21.04,21.14,20.88
21.06,21.29,21.31,20.99
21.28,20.80,21.41,20.73
20.80,20.88,21.28,20.80
21.15,21.55,21.63,21.10
21.60,21.49,21.69,21.48
21.48,21.87,21.89,21.48
21.83,21.90,21.96,21.62
21.83,22.00,22.03,21.83
22.10,22.20,22.25,22.05
22.11,22.16,22.16,22.02
22.24,22.72,22.75,22.23
22.62,22.79,22.91,22.54
22.80,22.47,22.86,22.41
22.55,22.82,22.83,22.38
22.74,22.77,22.87,22.58
22.74,22.72,22.82,22.70
22.69,22.50,22.80,22.41
22.41,22.39,22.42,22.16
22.31,22.50,22.52,21.95
22.79,23.12,23.15,22.78
22.93,22.64,23.00,22.58
22.65,22.74,22.83,22.53
22.91,22.49,22.91,22.48
22.55,23.00,23.01,22.45
23.04,23.51,23.61,23.01
23.42,23.38,23.58,23.27
23.32,23.65,23.66,23.20
23.84,23.81,23.87,23.62
24.01,23.94,24.05,23.68
23.52,23.75,23.92,23.50
23.84,23.78,23.92,23.60
23.73,24.26,24.28,23.65
24.16,24.19,24.41,23.98
24.40,24.30,24.84,24.22
24.27,24.40,24.52,24.16
24.40,23.95,24.40,23.85
23.75,23.42,23.75,23.27
23.53,23.67,23.76,23.25
23.52,23.40,23.64,23.28
23.58,23.66,23.76,23.28
23.78,23.58,23.79,23.45
23.71,23.68,23.76,23.50
23.54,23.43,23.57,23.27
23.54,23.91,24.00,23.54
23.93,23.89,24.18,23.77
23.74,24.04,24.17,23.74
24.37,24.27,24.37,24.10
24.36,24.33,24.55,24.23
24.48,24.37,24.48,24.02
24.39,24.25,24.45,24.23
24.40,24.33,24.53,24.28
24.35,24.31,24.45,24.16
24.38,24.24,24.38,24.21
24.30,24.19,24.40,24.01
24.36,24.39,24.39,24.10
24.50,24.57,24.72,24.50
24.57,24.48,24.68,24.45
24.53,24.52,24.70,24.27
24.64,24.75,24.80,24.44
24.92,24.75,24.93,24.58
24.70,25.09,25.15,24.63
24.94,24.89,25.04,24.77
24.82,24.75,24.93,24.72
24.89,24.90,25.02,24.75
24.87,25.05,25.16,24.47
25.30,25.58,25.59,25.12
25.48,25.41,25.48,25.26
25.42,25.73,25.74,25.09
25.73,25.52,25.76,25.43
25.51,25.49,25.73,25.32
25.57,25.32,25.58,25.20
25.34,25.31,25.52,25.10
25.25,25.61,25.71,24.92
25.73,25.71,25.79,25.36
25.63,25.51,25.69,25.46
25.32,24.65,25.32,24.64
24.57,24.74,24.85,24.57
24.75,24.60,24.87,24.57
24.71,24.82,24.88,24.71
24.77,24.68,25.00,24.56
24.68,24.80,24.89,23.32
24.80,24.75,24.93,24.51
24.80,25.14,25.21,24.74
25.00,24.59,25.00,24.50
24.67,24.34,24.72,24.33
24.35,24.78,24.80,24.35
24.83,24.47,24.85,24.47
24.72,24.15,24.96,23.88
24.14,23.92,24.23,23.55
24.01,23.70,24.01,23.59
23.73,23.69,23.80,23.03
23.76,24.11,24.15,23.66
24.28,24.43,24.46,24.05
24.45,24.69,24.72,24.36
24.73,24.89,25.00,24.68
25.01,24.94,25.21,24.64
25.25,24.90,25.25,24.71
24.87,25.09,25.12,24.83
25.13,25.26,25.48,24.93
25.43,25.11,25.50,25.09
25.17,25.40,25.55,25.14
25.42,25.22,25.58,25.08
25.20,25.21,25.45,25.05
25.17,24.99,25.27,24.93
25.09,25.11,25.39,24.50
24.93,25.11,25.16,24.93
24.86,25.09,25.10,24.55
25.10,25.09,25.27,24.91
24.94,24.84,24.99,24.58
24.83,24.55,24.83,24.32
24.51,24.75,24.84,24.23
24.55,24.62,24.72,24.25
24.69,24.20,24.69,24.02
24.35,24.25,24.39,24.10
24.54,24.72,24.80,24.43
24.45,25.33,25.34,24.45
25.13,25.45,25.49,25.13
25.44,25.35,25.60,25.15
25.56,25.50,25.64,25.37
25.35,25.52,25.53,25.21
25.78,25.85,25.92,25.00
25.86,26.01,26.09,25.59
26.17,26.26,26.37,26.05
26.08,26.22,26.53,25.98
26.24,26.60,26.65,26.16
26.76,26.71,26.84,26.43
26.80,26.86,26.87,26.63
27.00,26.83,27.00,26.50
26.77,26.91,27.02,26.56
26.85,26.47,27.07,25.85
25.58,25.54,26.17,24.97
25.73,26.16,26.46,25.29
26.00,25.99,26.30,25.85
26.05,25.88,26.45,25.70
25.92,25.37,25.92,25.27
25.35,25.85,26.02,25.35
25.69,25.81,25.90,25.61
25.65,25.96,26.04,25.65
25.72,26.08,26.08,25.72
26.09,25.99,26.21,25.95
25.95,25.99,26.03,25.70
26.09,25.85,26.19,25.78
25.82,25.73,26.22,25.69
25.75,25.37,25.85,25.11
25.54,25.56,25.75,25.45
25.62,25.67,25.78,25.54
25.70,25.34,25.73,25.28
25.40,25.52,25.54,25.33
25.50,25.80,25.87,25.39
25.91,25.68,25.95,25.57
25.61,25.16,25.61,25.03
25.06,24.98,25.20,24.80
24.84,24.86,25.07,24.62
24.81,24.73,24.97,24.69
24.99,24.91,25.07,24.90
24.88,24.71,25.06,24.69
24.68,24.40,24.80,24.39
24.39,24.12,24.46,24.08
24.06,23.84,24.37,23.80
23.86,23.74,24.08,23.60
23.81,23.83,24.09,23.74
23.74,23.56,23.84,23.32
23.56,23.72,23.84,23.37
23.63,23.48,23.92,23.45
23.45,23.50,23.61,23.31
23.66,23.66,23.72,23.52
23.71,23.85,23.93,23.68
23.88,23.89,24.02,23.81
23.99,24.01,24.96,23.61
24.04,23.95,24.11,23.50
24.01,23.94,24.15,23.91
23.80,23.80,23.94,23.63
23.83,23.89,24.06,23.73
23.93,23.45,23.93,23.42
23.49,23.35,23.54,23.34
23.30,23.13,23.30,23.08
23.13,22.99,23.13,22.77
22.96,22.89,23.05,22.75
22.86,22.92,23.08,22.79
23.04,23.03,23.11,22.95
23.06,23.07,23.39,22.95
23.05,23.11,23.28,22.94
23.10,23.00,23.15,22.92
23.09,22.97,23.11,22.92
23.07,23.18,23.24,22.96
23.16,23.10,23.25,23.00
23.00,22.28,23.11,22.26
22.27,21.90,22.51,20.77
21.91,22.17,22.28,21.64
22.00,21.93,22.28,21.79
22.03,22.05,22.40,21.86
21.75,21.82,22.01,21.73
21.83,21.29,22.02,21.20
21.36,21.30,21.56,21.04
21.28,21.60,21.81,20.90
21.67,21.63,21.98,21.58
21.63,21.76,21.97,21.53
21.82,21.62,21.82,21.48
21.65,21.94,22.13,21.65
22.02,21.96,22.12,21.87
21.86,22.20,22.42,21.61
22.21,22.29,22.45,21.96
22.26,21.95,22.31,21.94
21.85,21.75,22.17,21.62
21.83,21.87,21.95,21.71
21.81,21.96,22.03,21.37
22.07,22.40,22.71,22.07
23.80,24.98,25.89,23.13
25.10,24.45,25.50,24.02
24.47,24.41,24.57,23.97
24.38,24.08,24.53,23.95
23.95,24.04,24.27,23.80
24.31,24.59,24.85,24.22
24.49,24.23,24.49,24.10
24.23,24.24,24.51,24.16
24.35,24.16,24.44,24.08
24.15,24.26,24.33,24.06
24.36,23.98,24.36,23.94
23.84,23.91,24.06,23.58
24.03,23.73,24.07,23.60
23.71,23.90,23.91,23.36
23.90,23.94,24.24,23.71
23.98,24.22,24.27,23.86
24.16,23.85,24.20,23.84
23.85,23.77,24.13,23.74
23.76,23.88,24.08,23.72
23.85,23.96,24.18,23.70
24.10,24.10,24.34,23.90
24.31,24.02,24.34,23.98
24.02,24.11,24.22,23.89
24.09,24.08,24.64,24.05
24.26,24.51,24.57,24.13
24.58,24.96,25.00,24.53
24.94,24.70,25.00,24.50
24.77,24.64,24.85,24.53
24.82,23.96,24.98,23.94
23.88,23.98,24.14,23.70
23.99,24.11,24.40,23.93
24.21,24.40,24.42,23.95
24.39,24.00,24.55,23.85
23.76,23.75,24.07,23.65
24.01,23.86,24.08,23.63
23.93,23.82,24.03,23.41
24.00,23.99,24.16,23.54
24.00,24.51,24.57,23.77
24.56,24.47,25.00,24.23
24.45,24.59,24.75,24.26
24.55,24.38,24.74,24.31
24.49,24.02,24.49,24.00
23.88,23.58,23.88,23.56
23.71,23.68,24.06,23.22
23.79,24.00,24.11,23.79
23.98,24.13,24.26,23.94
24.17,24.22,24.27,23.69
24.25,24.38,24.50,24.13
24.21,23.95,24.21,23.86
24.12,25.04,25.15,24.02
24.93,24.91,25.02,24.38
24.82,25.23,25.35,24.82
25.05,25.32,25.47,25.02
25.38,26.16,26.26,25.38
26.18,26.04,26.18,25.54
26.05,25.80,26.05,25.60
25.66,25.90,26.13,25.33
25.85,26.16,26.18,25.74
26.16,26.67,27.05,26.16
26.72,26.26,26.83,25.92
26.30,26.13,26.48,25.89
26.17,26.04,26.23,26.00
26.28,26.10,26.28,25.70
26.30,26.47,26.85,25.99
26.50,26.59,26.84,26.23
26.70,26.56,26.71,26.42
26.60,26.38,26.60,26.18
26.37,26.62,26.77,26.03
26.52,26.80,26.97,26.33
26.70,26.77,26.86,26.51
26.86,27.30,27.35,26.39
27.39,27.90,28.03,27.39
27.99,28.24,28.29,27.77
28.16,28.03,28.20,27.79
27.92,27.59,27.93,27.54
27.61,27.43,27.62,27.30
27.52,27.30,27.52,27.13
27.21,27.33,27.39,27.08
27.21,27.40,27.62,27.10
27.41,27.34,27.43,27.20
27.48,27.77,27.81,27.30
27.90,27.94,28.84,27.82
27.92,27.90,28.29,27.73
27.76,27.82,28.26,27.60
27.75,27.93,27.94,27.62
28.04,28.31,28.39,27.80
28.10,29.24,29.28,28.10
29.25,28.99,29.60,28.87
29.07,29.46,29.97,29.07
29.36,29.20,29.49,29.11
29.25,29.54,29.54,29.21
29.50,28.94,29.50,28.83
28.91,28.80,28.95,28.48
29.00,28.98,29.13,28.70
28.48,28.54,28.86,28.26
28.36,28.71,28.83,28.25
29.02,29.38,29.41,28.97
29.47,29.15,29.54,28.99
29.33,29.15,29.33,28.85
29.11,28.62,29.28,28.59
28.56,29.16,29.28,28.56
29.07,29.19,29.54,28.88
29.44,29.35,29.63,29.12
29.38,29.23,29.48,29.10
29.38,28.98,29.48,28.97
28.85,28.59,29.14,28.39
28.55,28.24,28.55,28.02
28.32,28.18,28.41,28.10
28.31,28.43,28.56,28.11
28.09,27.53,28.19,27.49
27.52,27.36,27.81,27.07
27.45,27.50,27.64,27.00
27.36,27.68,27.93,26.52
27.59,27.88,28.00,27.32
28.03,27.73,28.03,27.66
27.72,28.38,28.43,27.56
28.50,28.74,28.84,28.30
27.09,26.41,27.87,26.14
26.36,26.22,26.71,26.13
26.18,26.61,26.72,26.18
26.83,26.61,26.83,26.24
26.86,26.99,27.07,26.34
27.08,26.95,27.24,26.78
26.89,26.88,27.05,26.55
26.80,27.22,27.28,26.61
27.23,27.21,27.40,27.13
27.21,26.95,27.38,26.91
26.90,27.00,27.18,26.90
27.14,26.71,27.14,26.60
26.58,26.65,26.74,26.45
26.77,26.85,26.93,26.43
26.89,27.06,27.17,26.52
27.20,26.74,27.20,26.66
26.72,26.49,26.89,26.41
26.36,26.64,26.74,26.20
26.49,26.44,26.56,26.20
26.31,25.94,26.56,25.91
25.86,26.33,26.33,25.79
26.15,26.63,26.76,26.15
26.55,26.36,26.55,26.14
26.36,26.47,26.65,26.30
26.24,26.40,26.81,26.20
26.34,25.90,26.50,25.62
25.97,25.96,26.05,25.76
26.01,25.63,26.07,25.59
25.54,25.46,25.64,25.34
25.35,25.03,25.44,24.97
25.09,25.28,25.39,24.95
25.26,24.72,25.31,24.65
24.76,24.90,24.96,24.60
24.56,24.87,25.04,23.84
24.84,24.58,24.97,24.55
24.57,24.35,24.72,24.20
24.29,24.50,24.76,24.21
24.72,24.59,24.93,24.59
24.49,24.42,24.62,24.36
24.32,24.10,24.33,24.07
24.12,24.68,24.71,23.90
24.59,23.68,24.59,23.67
23.53,23.29,23.98,23.24
23.20,23.62,23.87,23.16
23.87,24.12,24.32,23.79
23.77,24.06,24.28,23.61
23.65,23.81,23.99,23.57
24.15,24.03,24.20,23.84
23.86,23.58,23.99,23.46
23.63,24.16,24.27,22.67
24.14,23.85,24.25,23.38
24.10,24.14,24.39,23.46
24.06,24.00,24.14,23.94
23.84,23.92,24.10,23.75
23.99,24.89,24.89,23.99
24.87,24.98,25.09,24.68
24.82,25.04,25.12,24.24
25.60,25.81,25.84,24.49
25.79,25.61,25.90,25.43
25.60,25.87,25.88,25.39
25.99,25.82,26.29,25.56
24.13,24.49,26.02,23.35
24.32,24.29,25.34,24.04
24.24,24.50,25.01,24.14
24.53,24.41,24.69,24.12
24.29,25.09,25.22,24.24
25.03,24.23,25.37,24.16
24.25,24.57,24.90,23.96
24.48,24.06,24.71,23.93
24.05,24.00,24.34,23.95
23.94,23.30,24.07,23.30
23.12,23.93,23.95,23.12
24.36,23.76,24.40,23.72
23.75,24.03,24.30,23.63
24.04,24.04,24.23,23.89
23.98,23.75,24.06,23.66
23.73,23.37,23.86,23.10
23.25,23.32,23.54,22.85
23.18,23.28,23.61,22.87
23.37,23.33,23.59,23.19
23.31,23.07,23.53,22.95
23.06,23.18,23.36,22.95
23.16,22.16,23.19,22.09
21.86,22.91,23.03,21.57
22.74,22.35,23.13,22.22
22.55,23.09,23.39,22.55
22.77,23.10,23.20,22.77
23.18,23.15,23.30,22.19
23.15,21.81,23.42,21.74
22.00,23.24,23.33,21.83
23.60,23.52,23.71,23.16
23.33,23.64,23.72,23.16
23.65,23.49,23.74,23.43
23.57,23.68,24.04,23.38
23.77,23.66,23.88,23.51
23.72,24.18,24.33,23.72
24.16,24.35,24.44,24.15
24.25,24.03,24.55,23.96
24.12,23.68,24.20,23.67
23.85,23.52,24.00,23.22
23.33,23.08,23.54,22.84
23.08,22.63,23.08,22.28
22.75,22.81,22.85,22.42
23.05,23.03,23.22,22.88
23.07,22.85,23.12,22.60
22.93,22.31,22.93,22.16
22.61,22.10,22.86,21.52
21.92,22.09,22.15,21.64
22.19,22.03,22.19,21.80
21.96,22.61,22.66,21.96
22.58,22.10,22.77,21.80
21.98,21.86,22.13,21.67
22.08,22.49,22.52,21.62
22.48,22.44,22.71,22.13
22.46,22.66,22.66,22.00
22.45,22.47,22.69,22.02
22.53,22.13,22.53,21.98
22.14,22.17,22.29,21.86
21.96,22.06,22.28,21.64
22.10,22.19,22.39,21.75
22.35,22.44,22.71,22.21
22.35,22.15,22.68,22.07
22.28,22.92,23.03,22.08
22.91,22.70,23.05,22.59
22.65,22.41,22.97,22.38
22.58,22.39,22.58,22.13
22.30,22.55,22.78,22.30
22.69,22.94,23.17,22.69
22.99,23.35,23.40,22.99
23.37,23.32,23.52,23.17
23.21,23.47,23.48,23.21
23.35,23.75,23.80,23.35
23.79,23.72,23.83,23.41
23.74,23.91,23.93,23.46
23.87,23.96,24.10,23.77
24.01,23.91,24.02,23.62
25.52,25.04,26.80,24.87
25.05,24.30,25.05,24.29
24.35,24.55,25.01,24.01
24.43,24.05,24.43,24.00
23.90,23.96,24.21,23.81
24.03,24.04,24.30,23.82
23.79,23.61,24.06,23.55
23.55,23.75,23.97,23.55
23.42,23.24,23.77,23.10
23.20,23.23,23.39,22.95
23.48,24.06,24.20,23.44
23.96,23.58,24.02,23.33
23.63,23.93,24.12,23.63
23.79,24.54,24.68,23.71
24.38,24.60,24.76,24.19
24.57,24.71,24.76,24.42
24.83,24.94,25.02,23.23
24.92,24.91,25.27,24.81
24.98,25.01,25.09,24.73
25.02,25.21,25.40,24.80
24.97,25.44,25.64,24.88
25.39,25.37,25.62,25.20
25.53,25.54,25.85,24.77
25.43,25.45,25.56,25.24
25.42,25.46,25.51,25.15
25.48,25.40,25.76,25.14
25.15,25.54,25.64,24.82
25.46,25.45,25.62,25.41
25.44,25.37,25.60,25.26
25.42,25.28,25.57,25.19
24.84,25.34,25.50,24.84
25.52,25.93,25.99,25.44
26.11,26.09,26.18,25.69
26.16,26.02,26.24,25.94
25.97,25.83,26.09,25.80
25.63,25.60,25.85,25.31
25.73,26.06,26.16,25.60
26.20,26.19,26.35,25.96
26.23,25.95,26.27,25.92
25.98,26.00,26.11,25.97
26.11,26.10,26.19,25.98
26.25,26.14,26.39,25.97
26.15,26.40,26.45,26.04
26.34,26.57,26.87,26.22
26.46,25.94,26.55,25.89
25.99,26.17,26.19,25.94
26.25,25.91,26.45,25.84
25.90,25.80,25.96,25.55
25.84,26.05,26.10,25.70
25.95,26.00,26.19,25.77
26.32,25.96,26.40,25.94
25.93,25.91,26.27,25.80
25.00,25.16,25.52,24.15
25.20,25.74,25.86,25.10
25.85,26.17,26.24,25.85
26.15,26.14,26.37,25.95
26.08,26.43,26.71,25.95
26.55,26.76,27.14,26.26
26.86,26.40,26.86,26.36
26.40,26.15,26.50,26.07
26.21,25.95,26.43,25.80
25.83,25.54,25.99,25.28
25.58,25.66,25.74,25.40
25.65,25.61,25.68,25.47
25.59,25.42,25.61,25.30
25.52,25.57,25.67,25.12
25.39,25.33,25.52,25.23
25.34,25.38,25.67,25.29
25.29,25.27,25.41,25.14
25.22,25.52,25.54,24.99
25.47,25.14,25.47,25.05
25.16,25.44,25.48,24.88
25.54,26.29,26.29,25.50
26.38,26.49,26.50,26.30
26.42,26.30,26.42,26.16
26.05,25.90,26.05,25.59
25.85,26.73,26.80,25.69
26.83,26.86,26.90,26.57
26.92,26.86,26.96,26.75
26.93,27.36,27.54,26.78
27.56,27.18,27.67,27.16
27.25,28.01,28.04,27.18
27.94,27.85,28.05,27.60
27.91,27.75,27.91,27.30
27.82,27.37,27.89,27.24
27.19,26.96,27.43,26.87
27.20,27.08,27.28,26.93
27.35,27.08,27.38,26.96
27.13,27.00,27.13,26.90
26.73,27.02,27.31,26.58
26.97,27.05,27.24,26.84
26.87,26.90,27.29,26.84
27.27,27.15,27.44,26.91
27.15,27.25,27.42,27.00
27.22,27.33,27.60,27.11
27.42,27.65,27.84,27.42
27.64,27.69,27.78,27.33
27.75,27.45,27.88,27.32
27.53,27.27,27.53,27.11
27.29,27.03,27.29,26.92
27.06,26.99,27.17,26.88
26.90,27.28,27.29,26.90
27.32,26.99,27.32,26.91
27.00,26.89,27.20,26.75
26.75,26.72,27.03,26.55
26.83,27.03,27.20,26.55
27.04,27.30,27.52,27.03
27.20,27.12,27.52,27.00
27.11,27.13,27.39,27.00
27.07,27.10,27.16,26.72
26.99,27.07,27.32,26.94
27.11,27.17,27.50,27.11
26.70,27.60,27.78,26.70
27.35,27.90,28.16,27.35
28.11,28.27,28.50,27.98
28.08,28.00,28.29,27.84
27.90,27.96,28.11,27.54
27.91,28.38,28.67,27.65
28.28,28.81,28.94,27.90
28.82,28.97,29.01,28.59
28.91,28.64,29.05,28.59
28.52,28.24,28.52,28.15
27.93,27.95,28.34,27.76
27.49,26.98,28.09,26.96
26.13,26.09,27.36,25.95
26.78,25.37,26.78,25.29
25.94,27.08,27.13,25.61
27.12,27.19,27.73,26.75
27.07,27.45,27.67,27.07
27.25,27.05,27.59,26.99
26.59,26.55,26.99,26.46
26.90,27.23,27.35,26.86
27.26,27.30,27.48,27.18
26.99,27.07,27.28,26.99
27.40,27.46,27.50,27.15
27.70,27.10,27.80,27.03
27.07,27.30,27.31,27.04
27.16,27.40,27.57,27.07
27.46,27.00,27.46,26.87
27.05,27.70,27.70,27.03
27.62,27.52,27.93,27.45
27.47,27.48,27.99,27.41
27.03,26.88,27.63,26.70
27.04,27.21,27.52,26.80
26.95,26.65,27.00,26.61
26.69,26.83,27.07,26.64
26.67,27.36,27.46,26.51
27.60,27.91,28.16,27.44
27.60,26.82,27.62,26.80
26.82,26.83,27.03,26.60
27.00,26.79,27.27,26.76
26.85,26.76,27.05,26.50
26.44,27.11,27.13,26.15
27.33,27.66,27.72,27.33
27.66,27.78,27.95,27.58
27.95,28.32,28.44,27.66
28.27,28.60,28.81,28.27
28.53,28.74,28.84,28.17
28.80,28.87,29.29,28.74
28.69,28.92,29.28,28.45
28.88,28.54,28.96,28.20
28.62,28.94,28.95,28.03
29.03,28.74,29.03,28.57
28.61,28.61,28.77,28.36
28.47,28.69,29.94,28.23
28.73,28.53,28.82,28.41
28.66,29.00,29.14,28.43
29.25,29.37,29.46,29.11
29.54,29.41,29.68,29.29
29.31,28.83,29.42,28.69
28.91,29.50,29.62,28.91
29.36,29.54,29.95,29.26
29.59,29.10,29.77,29.01
29.13,29.41,29.50,28.96
29.26,29.50,29.70,29.04
29.51,29.53,29.69,29.38
29.59,29.75,29.80,29.32
29.65,30.61,30.75,29.56
30.53,30.08,30.62,30.05
29.08,28.75,29.50,27.84
28.94,29.14,29.68,28.90
29.03,28.35,29.11,28.31
28.32,28.10,28.49,27.90
28.02,28.11,28.27,27.88
28.07,28.12,28.49,27.99
28.33,28.40,28.44,27.80
28.36,28.30,28.66,28.11
28.32,28.65,28.75,28.18
28.53,28.53,29.24,28.33
28.40,29.17,29.19,28.23
29.31,29.07,29.31,28.24
29.00,29.26,29.36,28.52
29.33,29.02,29.42,28.99
29.10,29.12,29.34,28.62
29.08,29.05,29.37,28.94
29.10,28.36,29.35,28.29
28.40,28.85,28.91,28.11
28.72,28.27,28.84,28.06
28.13,28.57,28.77,27.96
28.27,28.53,28.75,28.27
28.58,28.26,28.82,28.15
27.75,27.69,28.20,27.48
27.57,27.97,28.08,27.32
28.23,28.44,28.63,27.94
28.70,29.10,29.13,28.26
29.19,28.58,29.45,28.50
28.43,27.81,28.48,27.71
27.95,27.91,28.25,27.62
28.01,28.35,28.41,27.65
28.42,28.21,28.47,26.27
28.16,28.20,28.39,27.97
28.04,28.43,28.54,27.89
28.58,28.62,28.87,28.29
28.54,28.36,28.67,28.32
28.28,27.91,28.32,27.88
27.51,26.92,27.51,26.78
26.78,26.29,26.81,25.97
25.77,25.88,26.22,25.75
25.55,25.43,25.89,25.34
25.58,25.29,25.65,25.10
25.37,25.57,25.79,25.30
25.65,25.81,25.88,25.45
25.81,25.14,25.92,25.03
25.32,25.64,25.93,25.32
24.94,25.77,25.91,24.94
26.03,25.85,26.10,25.67
25.41,26.03,26.27,25.23
26.17,26.09,26.48,25.87
26.44,26.70,26.76,26.32
26.55,26.19,26.91,26.14
26.27,26.47,26.70,25.94
26.34,25.85,26.44,25.66
26.09,26.07,26.25,25.86
26.29,26.71,26.77,26.29
26.54,26.69,26.82,26.41
26.44,26.14,26.44,25.92
26.37,26.08,26.62,25.84
26.03,26.18,26.43,25.94
26.08,25.81,26.51,25.76
25.33,25.03,25.60,24.58
24.69,24.85,25.25,24.69
25.04,24.65,25.19,24.60
24.27,24.49,24.68,24.19
24.74,25.16,25.42,24.70
25.50,25.82,25.96,25.06
25.95,26.11,26.64,24.84
26.09,26.25,26.60,26.07
26.21,26.99,27.02,26.02
27.18,27.11,27.53,26.54
27.28,27.62,28.29,27.28
27.31,27.96,28.02,27.28
27.92,28.19,28.31,27.86
28.34,28.05,28.42,27.96
28.02,27.70,28.30,27.66
27.92,28.35,28.35,27.92
28.26,28.43,28.47,27.89
28.35,28.55,28.75,28.31
28.57,28.71,28.88,27.56
28.58,28.58,28.79,28.39
28.35,28.60,28.75,28.30
28.63,28.45,28.85,28.39
28.58,27.87,28.83,27.67
28.10,27.90,28.41,27.90
27.90,27.92,28.15,27.56
27.20,26.67,27.20,24.68
26.49,26.86,26.86,26.28
26.78,27.29,27.60,26.43
27.40,27.32,27.88,27.28
27.27,27.57,27.63,27.03
27.35,27.75,27.79,27.35
27.68,27.59,27.81,26.92
27.40,27.44,27.83,26.63
27.50,27.39,27.74,27.12
27.16,27.97,28.00,26.86
28.09,27.93,28.19,27.40
27.93,27.76,28.22,27.53
27.56,28.24,28.26,27.56
28.26,27.79,28.26,27.79
27.56,27.54,27.88,27.41
27.51,27.71,27.76,26.73
27.52,27.23,27.69,26.95
27.37,27.32,27.61,26.75
27.15,27.10,27.59,27.09
27.11,27.35,27.57,27.11
27.43,27.96,27.96,27.42
27.87,27.42,27.87,27.35
27.30,27.49,27.58,27.25
27.37,27.96,27.97,27.37
28.11,27.95,28.19,27.84
28.02,27.92,28.17,27.63
27.94,27.63,28.00,27.58
27.58,27.90,27.94,27.58
27.83,27.65,27.85,27.54
27.69,27.79,27.89,27.41
27.74,27.63,28.08,27.50
27.57,27.74,28.05,27.57
27.70,27.79,27.86,27.47
27.84,27.90,28.02,27.56
27.64,27.66,28.04,27.45
27.50,27.72,27.81,27.50
27.86,27.77,27.98,27.58
27.60,28.09,28.10,27.60
27.96,28.29,28.36,27.96
25.60,26.30,26.88,25.50
26.05,25.97,26.50,25.92
26.13,26.67,26.85,26.13
26.57,26.63,27.04,26.57
26.47,26.71,26.96,25.49
26.66,26.01,26.70,25.89
25.92,26.27,26.49,25.87
26.13,25.99,26.64,25.75
26.04,26.34,26.42,25.81
26.35,26.31,26.53,25.79
26.42,26.97,27.07,26.42
27.07,26.96,27.10,26.78
26.93,26.87,27.00,26.62
26.90,27.35,27.40,26.77
27.37,27.30,27.38,26.96
27.16,27.35,27.46,27.01
27.28,27.29,27.33,27.00
27.18,27.25,27.30,26.83
27.28,27.50,27.66,27.12
27.53,27.47,27.62,27.29
27.49,27.68,27.72,27.05
27.56,27.77,27.90,27.29
27.60,27.61,27.71,27.30
27.51,27.28,27.77,27.23
27.18,27.45,27.54,26.75
27.53,27.14,27.53,27.05
27.00,27.29,27.34,26.75
27.38,27.04,27.50,26.80
27.27,27.53,27.71,27.27
27.56,27.46,27.76,27.22
27.40,27.42,27.60,27.32
27.58,27.72,27.92,27.20
26.61,26.47,27.00,26.00
26.25,25.80,26.25,25.67
25.93,26.05,26.22,25.93
26.17,26.37,26.45,26.12
26.40,27.13,27.15,26.40
27.03,27.06,27.23,27.00
26.99,27.05,27.20,26.50
26.79,26.87,27.06,26.69
26.87,26.99,27.12,26.87
27.11,27.74,27.78,27.11
27.71,28.04,28.07,27.71
28.08,28.16,28.39,28.01
28.10,28.45,28.51,28.06
28.66,28.41,28.74,28.35
28.45,28.40,28.53,28.18
28.28,28.23,28.47,28.01
28.18,28.28,28.32,28.17
28.43,28.78,28.83,28.43
28.78,28.74,28.98,28.52
28.77,28.86,28.99,28.44
28.80,28.82,29.15,28.76
28.78,28.85,29.02,28.62
28.89,28.88,28.98,28.71
28.89,28.69,28.90,28.55
28.69,28.54,28.91,28.45
28.52,28.86,28.93,27.81
28.87,28.57,28.87,28.54
28.57,28.56,28.61,27.79
28.53,28.90,29.14,26.88
28.90,30.24,30.25,27.33
29.54,29.69,30.06,28.55
29.69,29.71,29.84,29.57
29.70,29.62,29.90,29.60
29.87,29.68,29.92,29.48
29.65,29.33,29.65,29.24
29.24,29.55,30.09,29.24
29.38,29.16,29.84,29.15
29.21,28.93,29.21,28.85
28.85,28.90,29.07,28.63
28.86,28.79,29.00,28.76
28.76,28.52,28.76,28.50
28.57,28.62,29.00,28.54
28.63,28.47,28.73,28.32
28.27,28.72,28.72,28.27
28.69,28.56,28.85,28.38
28.50,28.43,28.80,28.40
28.48,28.44,28.51,28.28
28.34,28.35,28.57,27.89
28.41,28.46,28.71,28.23
28.46,28.77,28.88,28.46
28.83,28.90,28.93,28.55
28.86,29.17,29.24,28.69
29.10,28.87,29.22,28.72
28.68,27.99,28.85,27.98
27.89,28.26,28.26,27.76
28.00,28.06,28.17,27.64
28.03,27.81,28.15,27.78
27.83,28.00,28.04,27.36
28.01,28.24,28.31,27.61
28.31,28.50,28.61,28.27
28.63,28.48,28.79,28.12
28.67,28.98,29.10,28.67
29.08,29.54,29.56,28.74
29.45,29.21,29.47,29.20
29.30,29.29,29.54,29.07
29.23,29.33,29.60,29.20
29.34,29.36,29.40,29.24
29.18,28.81,29.38,28.80
28.98,28.99,29.25,28.85
28.89,28.95,29.11,28.57
29.00,28.79,29.45,28.71
28.90,28.80,29.07,28.67
28.79,28.66,28.81,28.52
28.71,28.40,28.84,28.36
28.29,28.38,28.61,28.13
28.35,28.05,28.35,27.89
28.11,28.45,29.17,27.97
28.24,28.17,28.40,27.98
28.28,28.24,28.42,28.22
27.75,28.25,28.35,27.75
28.50,28.55,28.80,28.45
28.50,28.50,28.65,28.35
28.50,28.25,28.50,28.15
28.15,28.40,28.40,28.00
28.45,28.70,28.85,28.20
28.60,28.45,28.65,28.25
28.45,28.05,28.45,27.95
28.10,27.80,28.10,27.75
27.80,27.80,28.05,27.65
27.90,28.10,28.15,27.55
28.15,27.85,28.15,27.70
27.85,27.50,27.85,27.35
27.60,27.00,27.60,26.88
27.10,26.55,27.15,26.50
27.00,27.00,27.05,26.65
27.00,26.90,27.60,26.75
26.50,26.85,27.00,26.45
25.80,25.40,26.30,24.45
25.55,26.95,26.95,25.55
26.95,26.00,27.10,25.87
26.05,26.00,26.30,25.90
26.00,26.35,26.55,24.59
26.50,27.00,27.05,26.05
27.10,27.25,27.75,26.85
27.25,27.80,27.80,27.10
27.65,28.40,28.40,27.65
28.25,28.60,28.70,28.10
28.60,28.45,28.90,28.20
28.35,28.95,29.15,28.35
29.05,29.60,29.75,29.05
29.35,28.75,29.45,28.60
28.85,28.25,29.05,28.18
28.15,28.40,28.75,28.15
28.60,29.05,29.35,28.25
29.15,29.40,29.65,28.75
29.75,30.00,30.15,29.35
30.00,30.70,30.93,29.90
30.45,30.65,30.90,30.45
30.45,30.60,30.80,30.25
30.65,30.85,30.95,30.58
30.65,30.85,31.25,30.55
30.95,31.15,31.40,30.80
31.25,31.65,31.75,31.25
31.60,31.65,31.85,31.23
31.80,31.75,31.97,31.40
31.80,31.35,31.95,31.35
31.40,30.75,31.45,30.45
30.70,30.85,31.00,30.60
30.85,30.75,31.05,30.70
30.80,30.40,30.95,30.35
30.45,30.75,30.75,30.35
30.75,30.50,30.75,30.35
30.75,30.40,30.80,30.25
30.50,30.75,30.75,30.45
30.70,30.90,31.00,30.35
30.95,30.90,31.10,30.65
30.80,31.00,31.10,30.70
31.00,30.60,31.10,30.35
30.50,30.10,30.60,29.95
30.10,30.25,30.30,29.85
30.35,30.55,30.65,30.35
