VTI,Vanguard Total Stock Market ETF,NASDAQ
56.86,57.31,57.38,56.84
57.34,57.53,57.54,57.11
57.50,57.61,57.72,57.41
57.55,57.85,57.89,57.29
57.70,58.04,58.05,57.56
58.30,58.12,58.35,57.85
57.75,57.52,57.82,57.30
57.71,58.06,58.18,57.36
58.02,58.16,58.28,57.94
58.10,57.50,58.15,57.30
57.55,58.26,58.29,57.52
57.90,57.72,57.90,57.21
57.72,56.66,57.91,56.57
56.40,55.41,56.60,55.31
55.88,55.65,55.97,55.46
55.45,55.40,55.99,55.27
55.30,55.67,55.75,54.87
55.89,55.01,55.89,54.65
55.24,54.36,55.65,54.28
54.72,55.19,55.24,54.70
55.34,55.90,56.03,55.13
55.67,55.62,55.92,55.43
55.17,53.89,55.18,53.86
53.88,53.98,54.07,52.82
54.02,53.56,54.30,53.54
54.16,54.27,54.70,53.75
54.20,54.19,54.46,53.70
54.07,54.77,54.84,53.76
54.22,54.77,54.81,54.00
55.24,55.69,55.77,55.04
55.99,56.00,56.08,55.74
55.94,56.32,56.44,55.87
56.15,56.52,56.67,56.06
56.71,56.43,56.72,56.32
56.31,55.75,56.48,55.61
55.93,56.25,56.34,55.79
55.46,56.23,56.24,55.29
56.22,56.23,56.41,55.91
56.49,56.90,56.94,56.47
57.17,57.08,57.37,57.00
57.28,57.15,57.52,57.04
57.28,57.30,57.40,57.01
57.74,58.21,58.23,57.56
58.22,58.22,58.35,58.11
58.05,58.34,58.61,58.02
58.41,58.65,58.78,58.34
58.44,58.87,58.88,58.27
59.14,58.87,59.15,58.70
58.81,58.85,58.90,58.42
58.98,59.33,59.39,58.86
59.53,59.71,59.93,59.51
59.74,59.64,59.80,59.42
59.25,59.25,59.83,59.04
58.91,59.67,59.74,58.86
59.76,60.09,60.13,59.53
59.90,59.74,60.05,59.68
59.93,59.40,60.17,59.31
59.49,59.39,59.78,59.10
59.65,59.74,59.84,59.55
59.85,59.77,60.00,59.53
59.59,59.59,59.88,59.41
60.01,60.02,60.23,59.63
60.26,60.60,60.61,60.10
60.46,60.77,60.87,60.36
60.69,60.45,60.79,60.14
60.19,60.59,60.70,60.02
60.76,61.00,61.05,60.61
61.14,61.14,61.27,61.01
61.12,61.20,61.29,60.75
61.44,61.95,61.95,61.35
61.90,62.03,62.15,61.84
61.81,61.06,61.91,60.71
60.88,61.22,61.27,60.52
61.60,61.80,61.83,61.39
61.85,61.75,61.98,61.38
61.40,62.05,62.10,60.95
62.02,62.47,62.49,61.82
62.55,62.25,62.65,62.18
61.95,60.75,62.20,60.62
61.07,61.15,61.33,60.62
61.59,61.95,62.07,61.52
61.99,60.89,62.05,60.85
61.15,61.71,61.82,61.05
61.02,60.21,61.02,59.87
59.62,59.72,60.27,59.30
59.46,57.71,59.82,29.76
57.67,56.62,58.10,55.84
59.14,59.22,59.50,58.59
58.73,59.17,59.92,58.62
59.41,60.12,60.20,59.37
60.03,59.40,60.30,59.36
58.97,58.33,59.06,57.77
58.44,58.37,58.69,57.17
58.84,57.54,59.02,57.33
57.17,57.13,57.72,56.40
55.87,54.91,56.09,54.82
53.99,55.71,55.85,53.83
55.39,55.01,55.85,54.94
53.70,55.01,55.06,53.19
55.45,54.78,55.97,54.60
55.88,56.70,56.70,55.65
56.66,56.09,56.66,55.72
55.43,54.93,56.28,54.87
55.25,56.36,56.38,54.99
56.53,56.66,56.80,56.05
55.55,54.67,55.93,54.41
54.78,53.78,54.98,53.76
53.87,54.24,54.36,53.26
54.60,53.99,55.18,53.81
54.93,55.65,55.69,54.88
55.17,55.99,56.02,55.10
56.45,56.00,56.83,55.93
56.35,57.26,57.33,56.27
57.00,57.20,57.50,56.85
57.38,57.30,57.45,56.74
57.42,57.34,57.55,57.14
58.08,57.12,58.13,56.84
57.17,56.14,57.41,56.06
56.19,55.92,56.38,55.54
55.44,54.77,55.48,54.61
54.93,55.05,55.29,54.43
55.10,54.87,55.33,54.70
54.08,53.14,54.15,52.79
53.03,52.56,53.50,52.42
52.50,52.33,52.72,51.46
52.55,52.08,52.69,51.76
52.78,52.24,53.14,51.79
52.37,53.94,53.99,52.31
54.42,54.47,54.57,53.85
54.53,54.89,54.93,54.38
54.86,54.91,55.13,54.50
55.54,55.81,56.03,55.40
55.70,55.80,56.06,55.44
55.85,55.85,55.99,55.04
55.54,54.23,55.55,54.13
54.46,54.54,54.67,53.94
53.85,55.17,55.21,53.73
55.56,54.48,55.56,54.24
55.10,55.69,55.91,55.10
55.64,56.26,56.33,55.43
56.46,56.95,57.01,56.25
57.37,56.88,57.38,56.69
56.79,56.48,56.96,56.28
56.88,56.19,56.97,55.68
55.66,56.25,56.49,55.46
57.16,57.46,57.55,56.86
57.35,57.15,57.45,56.91
57.36,57.60,57.62,57.14
57.24,57.48,57.51,57.12
56.91,57.27,57.32,56.49
57.57,57.57,57.65,57.20
56.99,57.21,57.49,56.70
56.22,55.52,56.26,55.43
54.71,55.21,55.38,54.54
54.97,55.00,55.33,54.94
54.55,54.95,55.16,54.41
55.46,55.73,56.12,55.32
55.64,55.86,56.14,55.37
55.52,54.88,55.70,54.62
54.66,54.69,54.74,54.23
54.96,54.40,55.22,54.40
53.84,53.62,54.03,53.26
53.22,53.79,54.03,52.98
54.08,53.46,54.23,53.34
53.83,54.38,54.42,53.02
54.28,53.59,54.42,53.58
53.34,53.60,53.90,53.13
54.25,55.17,55.25,54.25
55.29,55.75,55.78,55.21
56.32,56.49,56.58,56.04
56.28,55.88,56.31,55.79
55.95,56.17,56.40,55.90
56.78,56.45,56.90,56.28
56.57,56.69,56.78,56.42
57.28,57.41,57.49,57.12
57.30,57.40,57.72,57.09
57.19,57.59,57.67,57.03
57.42,57.57,57.62,57.25
57.89,57.60,57.90,57.39
57.85,58.55,58.65,57.67
58.57,58.41,58.86,58.22
58.27,58.10,58.64,57.91
57.61,57.60,58.24,57.47
57.98,58.52,58.55,57.92
58.61,58.27,58.66,58.24
58.34,58.60,58.72,57.74
58.47,58.50,58.72,58.27
58.87,58.37,59.20,58.10
58.85,58.63,58.88,58.27
58.51,58.11,58.75,57.85
58.65,59.32,59.46,58.58
59.30,59.26,59.46,59.02
59.48,59.18,59.51,58.84
59.26,59.58,59.74,59.06
59.76,59.67,59.82,59.49
59.54,59.88,60.03,59.12
60.17,60.35,60.68,60.06
60.34,60.19,60.42,59.78
60.50,60.24,60.64,59.79
60.29,60.57,60.71,60.17
59.95,59.69,60.32,59.34
59.77,60.29,60.58,59.77
60.61,60.39,60.90,59.90
60.53,60.57,60.60,60.33
60.93,60.77,61.30,60.71
60.43,60.76,60.86,60.30
60.37,60.64,60.68,60.06
60.95,60.64,61.02,60.33
60.59,60.72,60.80,60.47
61.04,60.73,61.34,60.37
61.21,61.21,61.34,60.96
61.35,61.46,61.48,60.71
62.19,62.66,62.68,62.11
62.74,62.94,63.03,62.64
62.75,62.86,62.91,62.53
63.00,62.37,63.10,62.10
62.32,62.64,62.65,61.89
62.13,62.47,62.57,61.94
62.00,61.68,62.30,61.39
61.87,61.59,62.12,61.57
61.23,60.61,61.31,60.32
60.61,60.71,60.92,60.47
61.29,61.56,61.78,61.29
61.57,61.81,61.84,61.22
61.52,61.82,61.82,61.09
61.14,60.94,61.20,60.69
61.35,61.92,61.92,61.35
61.42,61.50,61.73,61.33
61.09,61.41,61.54,60.66
60.80,61.03,61.39,60.71
61.92,62.34,62.45,61.92
62.42,63.14,63.16,62.40
62.92,63.34,63.43,62.88
63.26,63.32,63.46,63.15
63.94,63.39,64.02,63.34
63.52,63.57,63.68,63.17
63.96,63.80,63.96,63.52
64.03,64.21,64.25,63.81
64.49,64.23,64.57,64.20
64.35,64.25,64.56,64.08
64.20,63.97,64.46,63.87
64.04,64.35,64.41,63.81
64.35,64.47,64.58,64.22
64.69,64.64,64.80,64.33
64.91,65.03,65.14,64.81
64.81,64.93,65.02,64.77
64.90,64.84,64.98,64.71
64.65,64.88,64.93,64.54
65.00,64.94,65.03,64.77
65.08,65.04,65.16,64.99
64.95,64.96,65.12,64.88
64.82,64.93,65.00,64.74
65.36,65.60,65.88,65.36
65.82,65.47,65.86,65.04
65.30,65.83,65.86,65.19
65.91,65.68,65.96,65.54
65.79,65.53,65.92,65.04
65.32,65.58,65.67,65.06
65.82,65.84,65.97,65.57
66.26,66.43,66.46,66.09
66.44,66.33,66.48,66.13
66.25,66.76,66.77,66.17
66.74,66.93,66.95,66.63
66.89,66.13,66.91,65.99
65.95,65.93,66.10,65.47
66.30,66.04,66.45,65.95
66.00,66.41,66.49,65.94
66.23,66.45,66.45,65.91
66.59,66.83,66.97,66.48
66.86,67.03,67.13,66.72
67.11,65.83,67.18,65.72
65.92,66.26,66.38,65.83
66.72,67.35,67.48,66.69
67.20,67.27,67.47,67.18
67.21,67.42,67.50,66.76
67.50,67.61,67.65,67.17
67.81,68.06,68.28,67.76
68.16,68.40,68.42,67.94
68.23,68.22,68.41,67.91
67.88,68.30,68.37,67.73
68.09,68.75,68.82,68.03
68.76,68.93,68.98,68.67
68.72,68.71,68.83,68.54
68.96,69.16,69.24,68.83
68.96,69.41,69.50,68.93
69.50,69.54,69.63,69.26
68.78,68.05,69.13,67.86
67.98,67.48,68.14,67.03
67.35,67.49,67.76,66.82
67.82,68.34,68.35,67.70
68.65,68.71,68.82,68.30
68.94,67.55,68.99,67.53
67.48,67.69,68.03,67.37
68.36,68.92,69.00,68.32
68.94,68.46,68.96,68.02
68.70,67.84,68.81,67.46
67.96,68.45,68.67,67.62
68.36,68.35,68.56,67.96
67.65,67.04,67.65,66.98
66.71,67.49,67.72,66.71
67.07,67.08,67.30,66.55
65.29,66.37,66.74,65.16
66.15,65.22,66.40,64.75
66.14,65.97,66.30,65.64
66.79,66.28,66.84,66.11
67.00,67.32,67.42,67.00
67.35,67.10,67.41,67.01
66.92,67.26,67.43,66.55
67.66,67.90,68.00,67.23
67.83,67.86,68.20,67.66
68.03,67.70,68.21,67.69
67.72,68.20,68.21,67.42
68.58,68.71,68.89,68.46
68.70,68.71,68.87,68.59
69.18,69.04,69.33,68.86
69.15,69.10,69.30,68.91
69.01,69.14,69.45,68.97
69.47,69.32,69.55,69.04
69.20,69.12,69.48,68.80
69.39,68.83,69.49,68.53
68.92,68.58,69.09,68.38
68.15,68.00,68.28,67.75
68.32,68.04,68.39,67.77
67.64,68.08,68.17,67.41
68.23,68.41,68.54,68.01
67.61,67.59,67.72,67.07
67.75,67.98,67.99,67.54
68.83,68.97,69.07,68.77
69.25,69.31,69.32,69.00
69.31,69.24,69.36,69.02
69.50,69.85,70.00,69.40
70.00,70.31,70.41,69.71
70.26,70.52,70.62,70.20
70.58,70.70,70.80,70.46
71.04,70.58,71.11,70.43
70.43,70.19,70.51,69.82
70.18,69.67,70.21,69.35
69.27,69.11,69.79,68.80
69.79,69.41,70.14,69.14
69.50,69.78,69.96,69.37
70.02,70.40,70.53,69.96
70.35,69.68,70.37,69.35
69.47,70.01,70.14,69.07
70.06,69.37,70.12,69.18
69.09,68.89,69.68,68.80
68.56,68.83,68.92,68.27
68.88,69.49,69.56,68.73
69.75,69.66,69.86,69.27
69.46,69.14,69.58,68.95
68.25,68.26,68.49,68.06
68.47,68.19,68.61,68.05
67.95,68.47,68.75,67.89
68.31,68.88,68.99,68.20
69.11,69.20,69.37,69.03
69.88,69.95,69.95,69.36
69.77,68.36,69.81,68.30
68.37,68.23,68.54,67.86
67.43,67.53,68.05,67.36
67.36,66.75,67.50,66.66
67.04,66.72,67.29,66.70
66.61,66.37,66.80,66.27
66.56,66.84,67.14,66.38
66.58,65.89,66.60,65.73
66.01,65.88,66.25,65.55
66.51,66.79,67.02,66.48
66.25,65.60,66.48,65.43
65.62,65.71,66.08,65.18
66.36,65.92,66.38,65.69
65.72,66.23,66.38,65.67
66.57,67.24,67.34,66.51
67.08,66.87,67.46,66.84
66.06,66.76,66.77,65.60
66.50,65.72,66.52,65.63
65.75,66.28,66.53,65.61
66.57,67.20,67.20,66.47
67.45,67.79,67.87,67.22
67.98,68.40,68.49,67.90
68.43,69.38,69.47,68.28
69.35,69.37,69.53,69.16
69.21,69.51,69.60,69.03
70.15,70.26,70.42,69.99
69.50,69.76,69.78,69.21
68.88,68.47,69.14,68.29
68.24,68.17,68.84,68.10
68.52,68.43,69.12,68.25
68.59,67.85,68.89,67.72
68.17,68.28,68.31,67.77
67.97,67.65,68.04,67.14
68.03,68.79,68.84,68.03
68.98,68.75,69.00,68.58
69.08,69.59,69.78,68.96
69.60,69.71,69.77,69.25
69.00,69.26,69.63,68.91
69.22,68.97,69.30,68.82
68.56,67.45,68.59,67.38
67.43,67.22,68.08,67.14
66.57,66.85,67.43,66.22
67.66,66.55,67.76,65.93
66.12,64.79,66.48,64.79
64.84,65.15,65.21,63.67
64.26,61.88,64.28,61.84
62.66,61.62,62.82,60.00
59.87,57.35,60.59,57.29
58.30,60.22,60.25,56.42
59.08,57.66,59.72,57.52
58.10,60.30,61.06,57.88
60.82,60.70,61.21,60.21
61.22,62.02,62.07,61.14
61.44,61.43,62.02,60.79
61.80,61.44,62.25,60.94
59.78,58.70,59.84,58.11
57.82,57.65,59.36,57.57
58.96,57.66,58.98,57.50
57.91,59.64,59.67,57.55
59.55,60.49,60.56,59.36
60.87,59.48,61.16,59.29
59.17,60.47,60.71,58.26
61.27,62.36,62.38,61.23
62.08,62.53,62.94,61.62
63.00,62.78,63.51,62.32
62.81,62.07,63.39,61.98
60.74,60.37,61.10,60.18
58.53,59.99,60.04,58.51
60.92,61.78,61.79,60.72
61.35,61.04,62.10,60.93
60.35,59.45,60.63,59.12
58.67,59.87,59.87,58.51
60.07,60.47,60.69,59.64
60.82,61.33,62.07,59.87
61.95,62.40,62.41,61.43
62.63,62.70,62.96,62.10
61.64,62.04,62.36,61.20
62.26,61.82,62.86,61.78
61.80,59.81,62.00,59.31
58.14,57.97,58.73,57.15
57.29,58.00,58.34,57.13
58.63,59.37,59.45,57.66
60.54,60.12,61.18,59.76
60.27,58.75,60.57,58.66
59.81,59.18,60.02,58.08
58.36,57.72,58.89,57.65
57.38,55.81,58.07,55.77
55.08,57.21,57.35,54.58
57.40,58.38,58.53,56.87
58.30,59.51,59.56,57.90
59.85,58.97,59.87,58.66
60.00,61.00,61.00,59.99
60.60,61.05,61.27,60.54
61.57,61.63,62.36,61.46
61.29,61.55,61.75,60.79
62.32,62.67,62.67,61.55
62.38,61.40,62.40,61.25
61.33,62.64,63.08,60.80
62.56,61.81,62.90,61.67
62.03,62.09,62.30,61.08
62.83,63.26,63.38,62.67
63.44,64.32,64.44,63.39
63.96,63.01,64.00,62.87
63.73,63.69,63.89,62.50
65.43,65.89,66.35,64.88
65.65,65.95,66.06,65.55
65.15,64.28,65.25,64.28
62.40,62.57,63.28,62.16
63.50,63.60,63.78,62.91
64.28,64.84,64.93,63.35
64.30,64.49,64.61,63.67
64.44,64.82,64.84,63.75
65.17,65.60,65.66,64.43
64.04,63.10,64.34,63.00
63.95,63.66,63.99,63.00
64.45,64.92,65.05,64.39
64.69,64.28,64.75,64.00
64.08,64.67,64.97,63.86
63.99,63.59,64.78,63.48
63.48,62.55,63.65,62.16
62.80,62.46,62.86,62.21
61.53,61.30,61.59,60.75
61.12,61.01,61.49,60.68
60.43,59.65,60.51,59.62
59.49,59.46,60.18,59.45
61.09,61.25,61.46,60.77
61.46,61.44,61.83,61.20
63.21,64.04,64.15,63.11
63.95,64.04,64.41,63.76
64.65,64.01,64.87,63.96
64.94,64.71,65.25,64.35
64.77,64.74,65.14,64.46
64.52,64.91,65.16,63.98
64.50,63.44,64.62,63.28
63.70,64.57,64.71,63.63
63.95,63.58,64.00,63.07
63.97,62.90,64.30,62.61
62.60,62.18,62.85,62.05
62.91,62.41,62.92,62.27
62.85,62.62,63.29,62.44
62.91,61.89,63.01,61.76
62.91,63.83,63.92,62.81
63.46,63.59,63.71,62.82
63.86,64.25,64.26,63.76
64.42,64.74,64.74,64.23
64.64,64.75,64.94,64.52
64.78,63.96,64.82,63.81
64.04,64.59,64.62,64.00
64.47,64.30,64.65,64.29
65.41,65.21,65.72,65.14
65.15,65.24,65.35,64.77
64.94,65.53,65.60,64.58
65.56,65.38,65.60,65.10
65.53,65.53,65.62,65.19
66.20,66.18,66.39,66.06
65.96,66.30,66.34,65.88
66.48,66.46,66.51,65.90
65.98,66.15,66.15,65.50
66.73,66.30,66.82,66.18
66.33,67.10,67.11,66.17
67.37,67.51,67.57,67.16
67.36,67.53,67.53,67.21
67.53,67.55,67.91,67.19
67.16,67.54,67.57,67.01
67.48,68.16,68.29,67.21
68.48,67.81,68.60,67.53
67.48,67.86,68.00,67.44
67.22,67.59,67.68,66.95
68.00,67.56,68.04,67.27
68.13,68.34,68.62,68.03
68.49,68.46,68.63,68.19
69.19,69.48,69.50,69.06
69.24,69.44,69.47,69.10
69.30,69.60,69.71,69.03
69.66,69.75,69.85,69.29
69.88,69.86,69.96,69.42
69.23,69.31,69.38,69.04
69.82,69.84,69.91,69.51
69.70,69.74,69.78,69.29
70.00,69.44,70.10,69.28
69.45,70.27,70.32,69.35
70.48,70.37,70.52,70.18
70.58,70.34,70.68,70.13
70.21,70.12,70.41,69.99
70.08,70.51,70.53,69.82
70.65,70.61,70.78,70.47
70.14,70.67,70.89,69.97
70.74,70.87,70.95,70.57
70.98,70.41,71.19,70.40
70.67,70.95,71.09,70.61
70.90,70.60,70.97,70.44
70.44,70.28,70.50,70.03
69.61,69.15,69.62,68.97
69.40,69.75,69.83,69.30
70.22,70.47,70.60,69.98
70.60,70.82,71.01,70.52
70.86,70.77,70.94,70.55
71.18,72.08,72.08,71.05
72.10,71.93,72.25,71.71
72.04,72.35,72.39,71.83
72.50,72.46,72.54,72.30
72.41,72.73,72.99,72.33
72.34,72.48,72.58,72.08
72.51,72.40,72.61,72.21
71.85,71.82,72.02,71.57
71.84,72.11,72.18,71.45
72.34,72.80,72.80,72.34
72.85,72.56,72.94,72.54
72.50,72.20,72.66,71.73
71.80,72.07,72.17,71.44
72.47,72.26,72.48,71.96
72.26,72.87,73.06,72.09
72.79,72.63,72.94,72.20
72.08,71.82,72.09,71.55
71.62,71.77,71.97,71.50
70.80,70.93,71.21,70.70
70.78,69.60,70.96,69.57
70.37,70.18,70.50,70.10
70.32,71.24,71.28,70.27
71.05,70.37,71.05,70.33
70.75,70.30,70.85,70.04
70.78,71.37,71.56,70.72
71.13,71.12,71.35,70.98
71.08,70.71,71.47,70.37
71.06,70.82,71.29,70.80
70.12,70.21,70.25,69.71
70.32,70.44,70.64,70.18
71.14,71.48,71.50,71.10
71.38,72.00,72.09,71.30
72.15,72.17,72.35,71.77
72.00,71.80,72.10,71.65
71.80,72.26,72.79,71.73
71.87,72.10,72.16,71.59
72.13,71.47,72.15,71.29
71.08,70.28,71.13,70.23
70.09,70.33,70.56,70.00
69.94,70.07,70.17,69.15
69.30,69.65,70.08,68.99
70.19,69.83,70.22,69.67
69.35,69.64,70.24,69.32
69.01,68.85,69.32,68.73
68.80,68.48,69.20,68.34
68.75,68.16,69.07,68.14
68.16,66.98,68.25,66.98
67.22,66.42,67.38,66.30
66.62,67.65,67.65,66.46
67.76,67.67,68.26,67.28
67.23,67.79,67.89,66.56
67.99,67.92,68.07,67.33
67.93,67.76,68.08,67.59
68.26,68.58,68.69,68.06
68.00,67.50,68.03,67.38
67.51,67.33,67.83,66.75
66.24,65.60,66.47,65.57
65.64,65.54,65.88,64.94
65.39,66.04,66.15,65.34
66.56,67.58,67.58,66.51
68.38,67.50,68.40,67.42
67.34,68.09,68.09,67.11
68.65,67.14,68.71,67.04
67.25,67.87,67.92,66.97
67.65,67.37,68.08,67.16
67.50,68.07,68.32,67.32
68.28,68.77,68.85,68.23
68.55,68.97,69.14,68.33
69.36,69.70,69.99,69.25
69.72,69.57,69.93,69.09
69.64,68.00,69.72,67.94
68.35,68.55,68.67,68.10
67.48,67.09,67.50,66.84
67.26,67.41,67.63,66.88
67.60,68.06,68.16,67.58
67.61,67.92,67.98,67.11
69.19,69.70,69.70,68.97
69.87,69.89,69.95,69.38
69.95,70.46,70.49,69.84
70.22,70.17,70.49,69.88
69.54,69.51,69.64,69.14
69.40,69.34,69.49,69.04
69.70,68.72,69.82,68.48
68.76,68.67,68.95,68.30
68.25,68.40,68.66,67.82
68.54,69.47,69.54,68.52
69.33,69.30,69.50,69.01
69.58,69.76,69.88,68.81
69.56,70.26,70.45,69.54
70.41,70.38,70.63,70.14
70.02,69.74,70.08,69.67
68.66,68.97,69.17,68.35
69.04,68.35,69.06,67.90
68.51,68.36,68.68,68.03
69.37,69.40,69.57,68.97
69.82,70.77,70.94,69.67
70.71,70.70,71.05,70.49
70.63,70.31,70.82,70.31
70.67,70.03,70.69,69.98
69.56,69.55,70.03,69.03
70.59,70.96,71.13,70.50
71.13,71.14,71.42,71.08
71.46,71.57,71.88,71.43
71.32,71.66,71.75,71.29
71.53,71.72,71.88,71.51
71.50,71.86,71.87,71.33
71.73,71.80,71.85,71.38
72.08,71.78,72.12,71.59
71.69,71.94,72.03,71.66
72.02,72.49,72.58,71.82
72.56,72.63,72.69,72.44
72.53,72.62,72.63,72.30
72.80,72.47,73.11,72.25
72.22,72.38,72.53,72.02
72.26,71.84,72.27,71.72
71.64,72.25,72.38,71.60
72.42,72.24,72.52,72.13
72.10,72.23,72.44,71.98
72.36,72.32,72.51,72.09
72.05,71.78,72.05,71.63
72.23,72.21,72.45,71.68
72.14,72.16,72.39,71.62
72.23,72.16,72.42,72.01
72.55,73.60,73.61,72.55
73.75,73.96,73.96,73.68
73.88,73.52,73.98,73.50
73.56,73.68,73.95,73.55
73.99,73.99,74.04,73.72
73.97,75.10,75.32,73.84
75.22,75.50,75.91,75.20
75.37,75.19,75.43,74.97
75.04,75.06,75.16,74.86
75.12,75.12,75.33,74.95
74.75,75.02,75.05,74.51
75.40,75.04,75.41,75.02
74.33,74.51,74.69,74.26
74.69,73.75,74.79,73.65
73.67,73.26,73.68,73.04
73.57,73.99,74.13,73.35
73.71,73.65,73.94,73.36
73.99,73.78,74.47,73.63
74.09,73.89,74.21,73.55
74.06,74.16,74.34,73.67
74.41,74.72,74.74,74.31
75.05,74.70,75.25,74.47
74.38,74.41,74.53,74.26
74.36,73.66,74.41,73.64
73.65,73.23,73.71,73.12
73.80,73.34,73.88,73.33
73.38,73.02,73.58,72.88
73.17,73.62,73.68,72.94
73.95,74.38,74.41,73.90
74.44,74.73,74.79,74.30
74.57,74.58,74.87,74.31
74.35,73.29,74.35,73.11
73.19,73.29,73.42,72.73
72.50,72.36,72.65,71.95
72.63,72.16,72.73,72.04
72.68,72.36,72.80,71.92
72.30,72.28,72.54,71.80
72.58,72.32,72.63,72.00
72.54,73.23,73.27,72.45
73.61,72.47,73.63,72.43
72.39,72.70,72.82,72.20
72.90,73.25,73.51,72.82
72.62,71.61,72.63,71.28
71.60,70.70,71.92,70.70
70.54,70.77,71.72,70.48
70.99,70.81,71.10,70.68
70.45,70.54,71.27,70.36
70.78,69.55,70.87,69.37
69.50,69.37,69.79,69.07
69.47,69.75,69.91,68.90
70.57,71.19,71.20,70.54
71.10,71.27,71.34,70.71
71.30,71.45,71.48,71.18
71.77,72.38,72.38,71.73
72.06,72.29,72.29,71.82
72.17,71.91,72.44,71.89
71.65,72.48,72.51,71.24
72.82,72.90,73.05,72.50
72.91,72.88,73.02,72.65
73.27,72.56,73.29,72.51
72.58,72.46,72.78,72.26
72.58,72.60,72.91,72.04
72.54,72.83,72.86,72.43
73.11,73.04,73.19,72.69
72.99,73.13,73.27,72.95
73.44,73.59,73.92,73.40
73.94,73.62,74.14,73.53
73.60,73.20,73.79,73.00
73.02,72.89,73.18,72.80
73.12,73.80,73.80,73.05
73.94,74.66,74.71,73.80
74.84,74.20,74.88,74.17
73.72,74.06,74.07,73.48
73.02,73.43,73.54,72.97
73.20,73.18,73.26,73.10
73.32,72.83,73.35,72.68
72.88,72.77,73.02,71.94
72.33,71.98,72.68,71.97
71.88,73.28,73.31,71.82
74.53,75.14,75.15,74.50
75.12,75.03,75.37,74.84
75.14,75.41,75.52,74.99
75.18,75.21,75.28,74.95
75.11,75.01,75.18,74.70
75.19,75.24,75.41,75.11
75.62,75.76,75.77,75.22
75.76,75.77,75.80,75.51
75.75,75.69,75.80,75.44
75.40,75.83,75.89,75.34
75.68,75.77,75.91,75.59
76.11,76.29,76.50,76.00
76.32,76.50,76.54,76.04
76.50,76.90,76.90,76.33
76.93,76.99,77.08,76.78
76.92,77.08,77.44,76.86
77.38,77.51,77.53,77.12
77.60,77.44,77.61,77.15
77.34,77.70,77.77,77.24
77.69,77.39,77.83,77.27
77.33,77.25,77.50,77.15
77.78,78.00,78.11,77.61
77.64,77.18,77.72,77.13
77.62,77.91,78.11,77.54
77.68,78.05,78.06,77.60
78.05,77.91,78.13,77.36
78.03,78.38,78.38,78.01
78.36,78.34,78.39,78.14
78.34,78.47,78.60,78.28
78.68,78.58,78.79,78.34
78.35,78.68,78.75,78.28
78.75,78.59,78.83,78.32
78.71,79.14,79.16,78.71
79.11,78.09,79.13,78.08
77.89,77.56,77.89,77.25
77.92,78.31,78.31,77.77
78.68,76.87,78.78,76.85
77.19,77.36,77.44,76.67
77.27,78.31,78.53,77.26
78.31,78.24,78.81,78.13
77.96,78.42,78.50,77.51
78.24,78.78,78.78,78.10
79.15,79.57,79.72,79.10
79.84,79.69,79.89,79.52
79.80,79.88,79.95,79.72
80.23,80.27,80.36,79.82
80.19,80.50,80.53,80.09
80.47,80.36,80.57,80.12
80.37,80.51,80.61,80.15
80.72,80.96,80.99,80.68
80.90,80.87,80.97,80.60
80.14,80.43,80.77,80.00
80.60,80.21,80.72,79.69
80.65,80.81,80.93,80.56
80.34,80.16,80.61,79.99
80.03,80.29,80.32,79.97
80.55,80.02,80.70,79.72
80.34,80.62,80.63,80.24
80.16,80.68,80.71,80.01
80.67,80.96,81.02,80.58
80.95,80.53,81.06,80.32
80.86,80.77,81.04,80.54
80.82,79.89,80.88,79.68
80.01,80.24,80.33,79.82
79.26,79.96,80.01,79.14
80.00,80.45,80.47,79.73
80.60,80.68,80.99,80.34
80.88,81.72,81.80,80.87
81.73,82.03,82.28,81.69
81.76,81.74,81.92,81.32
81.45,79.75,81.45,79.74
80.36,80.93,80.98,80.14
80.39,79.72,80.42,79.29
79.85,79.22,79.91,78.93
79.49,79.98,80.01,79.23
80.13,80.32,80.50,79.55
80.72,81.19,81.24,80.39
81.20,81.31,81.50,81.07
81.54,81.64,82.04,81.45
81.53,81.49,81.68,81.22
81.71,82.01,82.19,81.59
82.02,82.26,82.30,81.69
82.11,81.42,82.17,81.38
81.61,82.27,82.32,81.61
82.99,83.04,83.38,82.86
83.15,83.36,83.46,83.10
83.58,83.82,83.83,83.31
83.72,84.21,84.21,83.68
84.19,83.93,84.35,83.74
84.04,84.30,84.30,83.81
84.19,84.32,84.44,83.96
84.40,85.19,85.25,84.40
85.06,85.56,85.79,85.02
85.53,85.21,85.76,85.10
85.57,86.08,86.09,85.46
86.01,86.07,86.39,85.90
86.14,86.21,86.48,85.86
86.28,85.36,87.09,85.00
84.49,85.20,85.37,84.32
84.66,85.09,85.10,84.38
86.03,85.64,86.42,85.34
85.20,85.06,85.32,84.57
85.16,85.41,85.77,85.08
85.18,84.27,85.65,84.20
84.45,84.61,84.66,83.74
84.72,84.20,84.99,83.77
83.99,83.01,84.11,82.94
82.99,83.79,83.80,82.53
84.35,84.83,84.90,83.97
85.15,84.86,85.16,84.61
84.10,84.00,84.72,83.77
84.58,83.29,84.63,83.19
83.22,84.58,84.72,83.03
84.49,84.10,84.81,83.93
84.67,84.69,85.06,84.26
84.79,85.33,85.52,84.79
85.19,84.24,85.47,84.21
83.47,82.15,83.47,81.90
82.63,82.36,82.78,81.47
81.11,80.92,81.61,80.19
81.66,81.73,81.99,81.11
82.40,82.49,82.69,82.05
83.02,83.10,83.40,82.99
82.93,82.67,83.31,82.51
83.29,83.36,83.94,83.11
83.33,83.27,83.89,82.94
82.99,83.39,83.59,82.83
84.02,84.28,84.30,83.33
84.71,84.73,84.96,84.56
85.23,85.33,85.46,84.88
85.29,85.37,85.63,85.12
86.43,86.61,86.64,86.11
86.54,86.69,86.83,86.44
86.91,87.02,87.11,86.73
87.07,86.63,87.10,86.42
87.01,86.91,87.13,86.76
87.09,87.40,87.59,87.01
87.20,87.53,87.53,87.10
87.69,87.72,87.82,87.47
87.93,87.56,88.00,87.51
87.95,87.21,87.99,87.03
87.00,87.53,87.57,86.95
87.23,87.54,87.57,86.79
87.42,87.24,87.57,87.02
87.54,87.33,87.62,87.10
87.43,87.42,88.00,87.32
88.10,88.53,88.60,88.07
88.43,88.57,88.62,88.19
88.51,88.58,88.69,88.34
88.51,88.00,88.54,87.77
87.66,87.65,87.78,87.29
88.09,88.01,88.18,87.56
87.90,87.79,88.17,87.47
87.39,87.73,87.83,87.25
87.92,87.92,88.04,87.32
87.90,87.46,88.00,87.44
86.82,86.16,86.82,86.05
86.08,85.88,86.34,85.73
85.65,85.30,86.06,85.30
85.43,85.86,86.14,85.36
85.63,85.36,86.09,85.12
85.55,86.12,86.28,85.55
86.41,86.48,86.56,85.99
86.59,86.26,86.86,86.14
85.37,84.73,85.65,84.68
84.72,85.04,85.34,84.60
84.88,85.27,85.68,84.85
85.44,84.77,85.45,84.62
85.77,85.20,85.92,84.84
85.27,85.96,86.08,85.12
86.01,86.06,86.27,85.99
86.40,86.13,86.64,85.31
86.43,87.10,87.13,86.42
87.66,87.78,87.78,87.43
87.70,88.01,88.02,87.49
88.03,87.74,88.12,87.65
87.87,87.92,88.00,87.62
88.93,88.43,89.00,88.30
88.54,88.90,88.90,88.54
88.92,89.94,90.12,88.58
90.07,89.80,90.23,89.66
89.89,89.20,90.00,89.08
88.51,88.37,88.68,87.99
88.24,88.23,88.76,88.01
88.34,88.07,88.50,87.95
88.22,88.41,88.66,88.10
87.99,88.06,88.15,87.79
87.38,87.65,87.88,87.10
87.74,88.41,88.48,87.67
87.91,88.26,88.31,87.61
88.04,87.51,88.16,87.04
87.57,88.15,88.24,87.44
87.45,87.36,87.86,87.30
87.25,86.20,87.43,86.16
86.38,86.14,86.51,85.63
87.08,88.08,88.12,87.06
87.98,88.70,88.73,87.90
88.12,89.09,89.13,87.98
88.89,88.41,89.15,88.28
88.99,89.65,89.67,88.88
89.35,90.31,90.35,89.26
90.71,90.95,90.98,90.45
91.00,90.90,91.14,90.72
91.22,91.42,91.73,91.01
91.17,90.99,91.22,90.63
91.25,91.34,91.39,90.91
91.57,91.67,91.67,91.26
91.65,91.74,91.85,91.46
91.95,92.20,92.20,91.80
92.35,91.66,92.40,91.31
91.59,91.39,91.95,91.18
91.44,91.51,91.79,91.00
91.81,91.93,91.97,91.56
91.70,91.66,91.86,91.27
92.08,91.90,92.24,91.67
92.19,90.68,92.19,90.60
90.75,91.89,91.89,90.67
91.79,91.95,92.07,91.73
91.76,91.81,91.95,91.46
91.38,92.59,92.60,91.30
92.74,93.03,93.09,92.48
93.03,93.44,93.44,93.00
93.72,93.00,93.72,92.78
92.98,92.73,93.22,92.55
92.89,92.44,93.18,92.16
92.77,93.27,93.33,92.65
93.39,93.73,93.75,93.22
93.96,93.63,93.97,93.50
93.63,93.72,94.01,93.52
93.93,93.99,94.04,93.76
94.07,93.86,94.34,93.86
94.06,93.66,94.18,93.54
93.40,93.30,93.59,92.94
92.97,93.17,93.62,92.48
93.14,92.90,93.26,92.82
93.80,93.86,93.97,93.48
94.25,94.07,94.28,93.95
93.93,93.76,94.15,93.72
93.88,92.60,93.88,92.50
92.56,92.43,92.76,92.18
92.69,92.46,92.72,92.25
92.94,93.11,93.34,92.88
93.24,92.83,93.24,92.57
93.03,94.33,94.34,92.16
94.13,94.20,94.24,93.83
93.86,94.33,94.53,93.84
94.84,94.89,94.95,94.65
94.99,95.15,95.21,94.90
95.40,95.60,95.64,95.26
95.73,95.54,95.92,95.43
95.60,95.57,95.66,95.41
95.72,95.92,96.00,95.66
95.76,95.08,95.76,94.82
95.29,95.06,95.44,94.95
95.50,94.81,95.56,94.67
95.19,95.42,95.59,95.10
95.44,95.49,95.62,95.09
95.83,95.57,95.83,95.10
95.78,95.84,95.87,95.30
95.75,94.63,95.88,94.39
94.93,95.67,95.73,94.73
95.94,96.15,96.29,95.84
96.05,96.08,96.12,95.79
96.00,95.71,96.13,95.55
96.36,96.03,96.36,95.44
96.27,96.21,96.30,95.91
95.77,95.38,95.85,94.91
94.77,93.32,94.89,93.29
93.32,92.72,93.60,92.21
92.89,93.37,93.47,92.80
92.67,92.41,93.08,92.18
93.23,93.49,93.78,92.96
92.44,92.88,93.55,92.28
92.84,90.70,93.05,90.54
91.20,91.39,91.63,90.78
91.02,91.25,91.44,90.39
91.49,92.36,92.37,91.35
92.94,93.55,93.61,92.53
93.62,93.66,93.74,93.26
93.99,94.73,94.95,93.82
94.91,94.86,95.21,94.63
94.15,95.44,95.52,94.15
95.40,95.90,96.05,95.22
96.06,96.18,96.27,95.77
95.97,95.54,96.50,95.44
95.65,96.18,96.33,95.33
96.39,96.10,96.53,96.03
96.38,96.65,97.27,96.31
96.77,96.61,97.01,96.28
96.83,96.71,97.10,96.45
96.63,97.22,97.22,96.47
97.17,97.40,97.86,96.74
96.57,96.69,96.88,96.01
97.93,98.21,98.35,97.64
98.26,98.23,98.38,98.09
98.54,98.41,98.65,98.27
98.84,98.38,98.85,98.00
98.32,98.31,98.40,97.73
98.50,97.76,98.63,97.53
97.36,97.83,97.86,97.03
98.18,96.70,98.27,96.42
96.51,96.58,97.07,96.43
97.09,97.35,97.66,97.06
97.65,98.18,98.28,97.50
98.21,97.62,98.28,97.02
97.39,98.11,98.19,97.21
98.57,97.75,98.69,97.65
98.11,97.18,98.20,96.73
97.20,97.10,97.58,96.59
97.52,96.29,97.65,96.27
96.09,96.09,96.50,95.69
96.37,96.52,97.09,96.28
97.10,97.47,97.58,97.05
97.89,98.23,98.27,97.75
98.46,98.54,98.66,98.18
98.72,98.27,98.74,97.96
98.84,96.92,98.85,96.77
96.60,95.76,96.81,95.48
95.76,96.18,96.38,95.35
96.50,97.33,97.33,96.22
97.30,95.19,97.35,95.03
94.66,94.25,95.31,94.10
95.02,94.89,95.20,94.12
95.13,95.54,95.60,94.03
96.21,96.54,96.55,95.75
96.42,96.73,96.97,96.26
96.78,97.12,97.12,96.57
97.26,97.62,97.91,97.19
97.62,97.37,97.68,97.30
97.84,97.50,97.90,96.96
97.19,96.55,97.25,96.34
96.90,96.69,97.22,95.65
97.00,97.17,97.30,96.77
97.17,97.53,97.56,96.76
97.41,97.56,97.84,97.14
97.59,97.48,98.03,97.35
97.00,97.64,97.70,96.66
97.40,96.74,97.49,96.71
97.03,97.19,97.21,96.16
97.09,96.93,97.80,96.66
96.93,97.17,97.17,96.50
97.61,98.27,98.30,97.55
98.40,98.21,98.57,98.14
98.14,97.67,98.19,97.52
97.36,96.77,97.43,96.21
96.92,97.18,97.19,96.43
96.94,97.63,97.68,96.78
97.52,96.90,97.62,96.62
97.23,97.65,97.72,97.10
97.69,97.98,98.19,97.53
98.10,98.49,98.51,98.01
98.83,99.14,99.16,98.78
99.16,99.03,99.26,98.82
99.26,99.56,99.56,99.00
99.44,99.58,99.68,99.29
99.80,99.70,99.84,99.16
99.45,99.66,99.72,99.32
99.38,99.87,99.97,99.33
100.02,100.68,100.76,99.64
100.99,101.20,101.25,100.85
101.20,101.37,101.67,101.14
101.21,101.35,101.35,100.98
101.06,101.01,101.12,100.73
100.88,100.29,100.93,100.06
100.45,100.62,100.69,100.11
100.45,100.70,100.89,100.31
100.56,101.06,101.20,100.46
101.08,101.81,101.84,100.87
101.90,101.93,102.00,101.53
102.20,102.17,102.20,101.98
102.19,102.14,102.25,101.95
101.54,101.01,102.07,100.91
100.82,101.52,101.60,100.78
101.53,101.46,101.53,100.76
101.22,101.73,101.75,101.22
101.55,101.77,101.91,101.55
102.07,102.50,102.82,102.00
102.53,102.44,102.63,102.36
102.74,102.98,103.00,102.66
102.80,102.44,102.81,102.31
102.34,101.66,102.34,101.35
101.91,102.10,102.16,101.65
101.03,101.65,101.95,100.87
101.63,101.74,101.79,101.30
102.30,102.23,102.41,102.16
102.30,101.97,102.50,101.51
102.36,102.23,102.48,101.95
101.88,101.05,102.28,100.91
101.34,102.14,102.24,101.30
101.83,101.90,102.38,101.45
102.29,102.42,102.63,102.24
102.58,102.66,102.78,102.37
102.84,102.68,102.92,102.57
102.37,102.14,102.42,101.93
102.18,102.11,102.28,101.51
102.29,101.74,102.48,101.72
102.12,101.81,102.26,101.38
101.12,99.74,101.28,99.74
99.55,99.49,100.14,98.96
99.74,100.17,100.38,99.21
99.70,99.29,100.13,98.93
98.82,99.31,99.78,98.72
99.82,98.79,99.88,98.56
98.96,99.93,99.97,98.77
100.32,100.29,100.74,100.22
100.17,100.11,100.49,99.77
100.52,100.82,100.90,100.31
100.93,101.26,101.26,100.87
101.62,101.27,101.74,100.52
101.86,102.18,102.22,101.73
102.41,102.69,102.76,102.30
102.50,102.93,103.03,102.42
103.00,103.16,103.31,102.81
103.12,103.01,103.26,102.78
103.60,103.55,103.75,103.38
103.65,103.74,103.96,103.61
103.81,103.68,103.87,103.52
103.28,103.57,103.65,103.19
103.75,103.88,103.93,103.42
104.04,103.96,104.27,103.56
104.39,103.85,104.44,103.70
104.01,103.63,104.39,103.37
103.59,104.11,104.12,103.21
103.97,103.90,104.16,103.55
103.77,103.17,103.84,102.99
103.23,103.56,103.60,102.85
103.15,103.75,103.76,103.09
103.69,103.08,103.69,102.78
103.10,102.81,103.24,102.56
102.55,103.54,103.69,102.53
103.70,103.65,104.16,103.19
104.02,104.18,104.23,103.88
104.59,103.98,104.59,103.74
103.75,103.02,103.80,102.83
102.75,102.36,103.10,102.35
101.98,102.69,102.75,101.64
102.43,101.08,102.52,101.05
101.29,101.90,102.10,101.11
101.02,101.72,101.84,100.90
101.86,101.24,102.00,101.13
101.11,99.91,101.34,99.66
99.86,99.96,100.31,98.81
100.70,101.08,101.27,100.36
101.57,100.88,101.61,100.57
100.39,99.32,100.57,99.29
99.35,100.97,101.07,98.74
100.75,98.89,100.92,98.87
98.85,97.66,99.34,97.65
97.71,96.10,98.01,96.03
96.59,96.40,97.50,96.04
95.19,95.86,96.21,93.58
93.78,96.07,96.72,93.78
97.44,97.12,97.80,96.67
97.02,98.09,98.13,96.93
98.61,100.03,100.12,98.61
100.30,99.25,100.48,99.20
100.27,100.45,101.08,100.04
100.58,101.15,101.18,100.20
100.85,101.01,101.11,100.35
101.44,102.32,102.33,101.29
102.46,102.17,102.68,101.45
101.88,102.80,103.07,101.72
104.00,104.02,104.20,103.53
104.19,104.08,104.46,103.83
103.90,103.70,103.96,103.15
104.50,104.19,104.51,103.82
104.32,104.70,104.70,103.88
104.71,104.78,104.88,104.35
104.88,105.10,105.10,104.69
105.17,105.20,105.24,104.90
104.81,105.18,105.30,104.74
105.32,105.16,105.56,104.73
105.23,105.17,105.33,104.94
105.00,105.16,105.30,104.83
105.24,105.78,105.97,105.22
105.65,105.51,105.72,105.03
105.07,105.81,105.83,104.94
106.85,106.37,106.94,106.06
106.65,106.76,106.77,106.50
106.92,106.74,107.07,106.50
106.77,106.98,107.00,106.63
106.95,106.60,107.01,106.48
106.50,105.70,106.55,105.53
105.80,106.36,106.49,105.75
106.44,106.84,106.99,106.38
106.70,106.71,107.01,106.24
106.86,106.95,107.17,106.70
106.77,106.19,107.07,105.80
105.04,106.25,106.33,104.82
105.97,104.51,106.19,104.37
104.93,104.99,105.99,104.76
104.22,103.34,104.75,103.33
103.75,102.59,104.18,102.24
102.03,101.83,104.01,101.80
102.25,104.01,104.21,102.01
105.56,106.47,106.47,105.03
106.61,106.91,107.25,106.38
106.66,106.77,106.78,106.28
107.24,107.01,107.24,106.82
107.35,107.04,107.35,107.02
107.31,107.36,107.63,107.27
107.36,107.59,107.71,107.29
107.42,107.06,107.46,106.99
107.19,106.00,107.39,105.98
106.49,105.92,106.72,105.27
105.35,104.10,105.55,103.86
104.40,103.08,104.50,102.51
104.09,104.31,104.45,103.55
105.21,106.15,106.24,105.11
106.32,105.27,106.35,104.92
105.55,104.52,105.55,104.12
105.33,104.28,106.00,103.43
103.04,103.71,103.79,102.50
104.05,102.66,104.26,102.57
102.61,104.02,104.11,102.42
104.42,104.17,104.53,103.20
103.93,104.64,104.95,103.60
105.24,106.23,106.31,104.27
106.11,105.75,106.28,105.68
105.75,106.19,106.22,105.20
105.37,104.95,105.61,104.36
105.64,103.53,105.72,103.41
103.70,104.52,104.62,102.82
103.67,103.10,104.51,102.95
103.49,104.26,104.33,102.25
104.90,105.86,105.87,104.71
105.44,105.49,106.14,105.24
105.94,106.65,106.72,105.84
106.88,106.33,107.18,106.02
105.99,105.80,106.35,105.59
106.50,106.88,107.04,105.84
106.67,106.93,107.19,106.37
107.47,107.96,107.99,107.27
108.00,108.47,108.48,107.92
108.37,108.64,108.76,108.13
108.42,108.70,108.75,108.27
108.39,108.67,108.88,108.26
108.47,109.28,109.32,108.01
109.17,109.27,109.27,108.86
109.28,109.52,109.63,109.04
109.49,109.48,109.78,109.26
109.45,109.41,109.53,109.02
109.35,109.02,109.48,108.97
109.11,109.69,109.72,109.02
109.47,109.24,109.61,108.74
108.90,108.80,108.96,108.20
109.03,108.97,109.10,108.63
108.47,107.46,108.66,107.24
107.60,107.86,108.05,107.52
107.00,106.22,107.10,106.21
106.43,106.14,106.49,105.98
106.47,107.47,107.51,106.42
107.37,106.87,107.40,106.17
107.36,108.21,108.23,107.26
107.80,108.00,108.19,107.47
107.68,109.24,109.63,107.35
109.03,108.85,109.20,108.57
109.49,109.76,110.02,109.37
109.72,109.57,110.09,109.57
109.54,108.99,109.74,108.94
108.64,106.79,108.75,106.79
106.39,106.58,107.12,105.98
106.60,106.87,106.97,106.42
107.59,108.23,108.39,107.52
107.73,107.25,108.67,107.00
107.34,107.05,107.41,106.39
107.03,107.39,107.70,106.85
107.27,108.13,108.41,106.79
108.13,107.77,108.54,107.77
108.00,108.23,108.43,107.72
108.20,108.61,108.71,107.74
108.87,109.12,109.15,108.64
109.04,108.69,109.43,108.66
108.66,108.85,108.98,108.16
109.24,109.40,109.69,109.08
109.23,109.35,109.63,109.06
108.70,108.08,108.80,107.61
108.67,108.96,109.18,108.62
109.45,108.93,109.52,108.75
109.08,109.39,109.50,108.53
109.14,109.73,110.08,109.10
109.92,109.85,110.00,109.62
110.19,109.28,110.28,109.17
109.54,109.57,109.65,108.50
109.01,109.09,109.46,108.63
108.78,107.91,108.92,107.47
108.40,108.90,108.98,108.23
109.24,109.28,109.66,109.12
109.17,107.98,109.36,107.88
108.38,107.68,108.54,107.01
107.60,108.09,108.37,107.38
109.11,109.45,109.59,109.08
109.33,108.99,109.59,108.93
108.48,108.67,109.01,107.93
108.97,108.73,109.30,108.58
109.33,109.81,109.85,109.10
109.88,109.94,109.99,109.60
109.81,110.35,110.50,109.75
110.38,110.30,110.56,110.12
110.34,110.23,110.68,110.03
110.18,110.51,110.66,110.07
110.38,110.30,110.56,110.22
110.02,109.15,110.02,108.87
109.45,110.15,110.28,109.20
109.97,110.05,110.08,109.57
109.99,109.31,110.02,109.18
109.80,109.58,109.96,109.06
109.25,109.50,109.93,108.95
109.78,109.88,110.22,109.53
109.50,109.00,109.80,108.77
108.91,108.91,109.20,108.33
108.88,108.24,108.96,108.18
108.25,108.15,108.48,107.73
108.70,109.47,109.66,108.59
109.71,109.77,110.01,109.58
109.28,109.06,109.50,108.88
108.28,108.57,108.76,107.87
108.45,109.16,109.25,108.40
109.33,109.34,109.69,108.74
109.58,110.43,110.76,109.58
110.39,109.94,110.42,109.86
110.68,110.61,110.90,110.45
110.73,110.72,110.85,110.46
110.56,109.88,110.71,109.86
110.20,109.54,110.24,109.45
109.29,109.01,109.39,108.65
108.03,106.73,108.50,106.65
107.62,107.02,107.65,106.68
108.02,107.72,108.11,107.28
108.05,107.58,108.20,107.35
106.99,107.30,107.79,106.62
107.44,107.90,108.00,105.93
107.10,106.09,107.28,105.91
107.15,106.31,107.69,106.27
107.58,107.60,107.84,107.10
108.58,108.82,108.89,108.38
108.80,109.32,109.50,108.59
109.37,109.17,109.56,108.91
109.85,109.93,109.95,109.65
109.99,109.96,110.00,109.65
110.05,109.97,110.21,109.78
109.88,109.49,110.04,109.30
109.10,109.33,109.50,109.00
109.47,108.70,109.53,108.52
108.75,107.56,108.83,107.39
107.06,106.85,107.46,106.60
107.16,108.12,108.23,106.78
108.18,108.86,108.98,108.06
108.57,108.95,109.04,108.17
109.31,108.84,109.34,108.70
108.99,108.45,108.99,107.89
108.45,108.27,108.75,108.00
108.84,108.64,109.34,108.46
108.92,107.74,108.92,107.24
107.62,107.43,107.70,106.89
108.08,108.77,108.85,108.05
108.00,107.79,108.23,107.37
107.01,107.90,108.03,106.09
107.91,107.75,108.24,107.44
107.70,108.16,108.23,107.54
107.89,108.85,108.86,107.51
108.78,108.57,108.90,108.37
108.05,107.60,108.45,107.08
106.80,105.26,107.00,105.25
104.32,102.23,104.74,102.18
96.40,98.12,101.27,93.00
101.41,96.95,101.72,96.87
99.99,100.47,100.58,97.39
101.97,102.90,103.05,100.92
102.59,102.98,103.32,102.37
102.53,102.21,103.01,101.95
99.95,99.21,100.83,98.75
100.78,101.07,101.08,99.55
101.58,101.20,102.44,100.90
99.92,99.76,100.41,99.26
101.59,102.27,102.32,101.06
103.24,100.88,103.40,100.69
100.88,101.41,102.07,100.63
101.04,101.86,101.88,100.70
101.91,101.47,101.91,101.20
101.81,102.75,102.97,101.53
102.87,103.62,103.73,102.70
103.64,103.47,105.02,103.24
102.05,101.84,102.89,101.59
102.42,102.25,103.02,101.67
101.00,100.88,101.24,100.21
101.04,100.68,101.28,100.34
100.02,100.32,100.53,99.10
100.76,99.61,100.87,99.07
99.06,96.94,99.13,96.80
97.23,96.92,97.84,96.37
98.11,98.72,98.79,97.55
98.96,98.92,99.12,97.71
97.96,100.36,100.37,97.38
101.10,102.21,102.36,101.04
102.21,101.88,102.46,101.38
102.44,102.80,102.88,101.70
102.53,103.69,103.88,102.38
103.80,103.83,104.06,103.43
103.85,103.85,103.95,103.51
103.29,103.09,104.17,102.99
103.05,102.56,103.44,102.38
102.92,104.11,104.12,102.63
104.37,104.51,104.54,103.85
104.30,104.63,104.67,103.97
104.39,104.51,104.91,104.19
104.71,103.69,104.86,103.59
104.28,105.21,105.43,104.12
106.13,106.31,106.47,105.67
106.26,106.06,106.30,105.85
105.83,105.71,105.94,105.26
105.94,107.10,107.12,105.62
106.72,106.94,107.18,106.68
107.14,106.53,107.28,106.50
106.78,107.93,108.00,106.68
107.71,108.20,108.57,107.55
108.51,107.94,108.53,107.57
108.04,107.82,108.23,107.21
107.57,107.84,107.85,106.92
107.90,106.76,107.90,106.20
106.46,107.00,107.04,106.29
107.27,106.54,107.27,106.53
105.97,104.95,106.16,104.95
104.76,103.84,104.88,103.81
103.80,105.35,105.36,103.69
105.51,105.22,106.09,104.97
105.58,106.90,107.00,105.54
106.91,106.76,107.08,106.62
107.23,107.22,107.60,106.98
107.23,107.11,107.59,106.88
106.57,107.39,107.59,106.31
107.51,107.47,107.66,107.25
107.59,107.63,107.76,107.22
107.78,107.17,107.85,107.11
107.59,108.18,108.21,107.37
108.10,107.05,108.27,106.88
107.29,105.45,107.48,105.06
105.81,107.39,107.54,105.62
107.23,106.55,107.27,106.06
105.94,105.91,106.40,105.27
105.55,105.00,106.75,104.48
105.18,105.31,106.06,104.92
104.17,103.24,104.43,103.07
103.36,103.61,103.72,102.18
104.44,104.72,105.19,104.36
105.46,106.24,106.42,104.70
106.44,104.68,106.47,104.68
104.17,102.90,104.36,102.90
103.19,103.13,103.28,102.37
103.65,104.06,104.26,103.04
104.63,105.36,105.40,104.51
105.22,105.23,105.60,105.08
104.88,105.00,105.00,104.32
105.69,106.12,106.24,105.54
105.96,105.32,106.00,105.25
104.93,104.30,105.32,104.30
102.58,102.74,102.95,101.58
102.90,102.97,103.18,102.30
101.53,101.59,102.23,100.95
99.90,99.10,100.80,98.87
99.61,97.97,99.99,97.78
98.55,97.91,98.67,96.78
98.80,98.58,99.17,97.28
99.00,96.04,99.20,95.78
96.36,97.51,98.18,95.33
95.05,95.46,95.88,94.22
96.57,95.36,96.67,94.50
94.00,94.42,95.27,91.79
94.70,94.79,95.96,93.82
96.33,96.81,96.89,95.95
96.64,95.22,96.65,95.11
95.60,96.67,96.82,95.44
96.40,95.57,97.32,95.05
96.56,95.95,96.66,95.05
96.45,98.33,98.36,96.35
97.75,98.35,98.81,97.37
97.50,96.45,97.55,96.16
97.09,97.03,97.29,94.89
96.79,97.26,97.92,96.47
96.94,95.26,97.00,94.95
94.20,93.78,94.38,92.50
92.84,93.66,94.47,92.70
94.19,93.72,95.27,93.62
92.39,92.56,93.06,91.58
93.47,94.36,94.38,93.01
95.62,96.08,96.09,94.96
96.77,97.67,97.93,96.59
97.90,97.28,97.92,97.09
96.85,97.30,97.36,96.43
98.24,98.72,98.80,98.11
98.38,97.53,98.52,97.47
96.58,98.03,98.14,95.99
98.27,99.19,99.19,97.82
99.67,99.11,99.76,98.96
99.12,98.32,99.69,98.32
99.13,100.66,100.68,98.84
100.52,101.22,101.24,100.26
101.13,101.72,101.75,100.85
101.89,102.07,102.60,101.40
101.65,102.28,102.56,101.56
101.73,101.01,101.80,100.91
101.50,101.50,101.70,100.98
101.80,101.47,102.30,100.40
102.37,103.19,103.24,102.33
102.88,103.07,103.32,102.69
102.00,102.24,102.26,101.76
101.99,102.88,103.09,101.91
102.87,103.67,103.92,102.60
103.95,104.13,104.28,103.80
103.98,104.23,104.36,103.80
103.75,104.20,104.52,103.61
104.04,103.35,104.04,103.28
102.76,103.32,103.33,102.53
103.58,103.39,103.71,103.07
103.19,104.54,104.55,102.96
105.04,104.94,105.39,104.73
104.97,104.82,105.22,104.70
104.30,105.48,105.57,103.95
105.49,105.04,105.55,104.89
104.31,104.02,104.55,103.87
104.09,105.16,105.20,103.90
104.50,103.90,104.74,103.44
104.57,104.20,104.90,103.91
104.65,103.91,105.05,103.91
104.10,104.92,105.10,103.78
105.50,106.15,106.17,105.43
106.24,106.11,106.39,105.90
106.12,106.06,106.19,105.87
105.74,106.77,106.79,105.61
107.02,107.07,107.31,106.61
107.21,107.18,107.64,106.83
107.26,106.65,107.33,106.48
106.51,106.80,106.93,106.24
106.50,106.54,106.59,106.06
106.78,106.83,107.05,106.44
106.66,107.09,107.33,106.42
106.63,106.13,107.30,105.87
105.80,105.51,105.96,104.81
105.80,106.33,106.40,105.47
105.62,105.26,105.68,104.82
104.76,104.64,105.17,104.37
104.95,104.60,105.17,104.37
104.14,104.98,104.99,104.00
104.87,105.09,105.34,104.77
105.50,106.34,106.40,105.41
106.09,105.37,106.29,105.34
105.82,105.33,105.88,104.72
105.08,104.42,105.48,104.22
104.58,105.46,105.75,104.41
105.26,104.51,105.46,104.16
104.26,104.50,105.20,103.82
104.08,104.09,104.36,103.37
104.54,104.89,105.14,104.45
104.92,104.76,105.12,104.66
105.22,106.16,106.37,105.22
106.51,106.93,107.14,106.51
107.02,106.91,107.14,106.73
106.97,107.39,107.39,106.95
107.57,107.34,107.69,106.96
107.00,107.63,107.70,106.80
107.40,107.99,107.99,107.11
107.78,107.69,107.87,106.94
107.84,108.25,108.46,107.80
108.39,108.46,108.81,108.32
108.61,108.84,108.93,108.50
108.45,108.62,108.73,108.22
107.78,107.50,107.92,107.16
107.15,106.61,107.68,106.59
105.90,105.95,106.33,105.36
106.19,105.84,106.60,105.74
105.30,106.15,106.18,104.70
106.12,105.80,106.12,105.39
106.93,106.52,107.39,106.46
106.80,106.75,106.99,106.39
106.80,106.51,107.28,106.44
107.42,107.98,108.00,107.14
104.12,104.05,105.94,103.86
103.22,101.98,103.23,101.51
103.08,103.85,103.86,102.83
104.68,105.71,105.83,104.65
106.01,107.16,107.20,105.62
107.16,107.37,107.75,107.07
106.94,106.57,107.00,106.14
106.20,107.22,107.26,105.88
107.37,107.17,107.77,106.75
107.91,108.84,108.99,107.86
109.19,109.29,109.62,109.00
109.88,110.20,110.40,109.68
110.43,110.14,110.50,109.81
110.72,110.67,110.99,110.46
110.89,110.55,110.97,110.29
110.65,110.86,110.93,110.44
110.62,110.64,110.75,110.40
110.68,111.23,111.33,110.66
111.18,110.79,111.29,110.52
110.90,111.32,111.36,110.71
111.24,111.03,111.27,110.69
111.06,111.15,111.34,110.63
111.41,111.02,111.42,110.56
110.89,111.16,111.38,110.66
111.09,111.42,111.62,110.82
111.40,111.27,111.67,111.00
111.19,110.43,111.23,109.95
110.39,110.84,110.86,110.21
110.85,110.97,111.18,110.69
111.42,111.89,111.92,111.32
111.99,111.82,112.12,111.69
111.94,111.92,112.18,111.75
111.94,111.59,112.05,111.42
111.98,112.15,112.26,111.73
111.97,112.04,112.17,111.76
112.29,112.45,112.64,112.07
112.23,111.81,112.24,111.81
111.84,111.95,112.03,111.27
111.92,112.30,112.30,111.71
112.00,112.14,112.23,111.73
112.04,112.17,112.25,111.77
112.48,112.47,112.78,112.44
112.43,111.84,112.46,111.59
111.70,111.77,112.07,111.55
111.87,111.54,112.55,111.05
111.72,112.15,112.33,111.70
112.16,111.97,112.30,111.66
111.88,111.65,111.90,111.20
111.77,111.71,111.89,110.97
112.19,112.28,112.51,111.92
112.46,112.60,112.62,112.02
112.54,112.75,112.75,112.29
112.57,112.46,112.67,112.26
111.72,109.66,111.73,109.65
109.19,111.19,111.40,109.05
109.95,108.92,110.01,108.57
109.05,108.93,109.71,108.61
108.86,110.05,110.25,108.74
109.75,109.61,109.77,109.22
110.19,109.77,110.50,109.52
110.29,109.72,110.33,109.69
110.11,110.98,111.08,109.71
111.63,111.79,111.92,111.53
111.59,111.15,111.68,111.11
110.64,110.27,110.87,110.21
110.23,110.90,110.95,109.99
111.06,111.55,111.60,110.46
111.48,110.46,111.62,110.17
110.97,111.33,111.71,110.75
111.09,110.99,111.23,110.63
111.12,110.49,111.22,110.10
110.78,110.92,111.22,110.59
110.75,110.96,111.09,110.39
111.15,110.54,111.23,110.06
110.54,111.14,111.44,110.54
110.94,109.66,110.95,109.24
109.78,109.79,110.13,109.46
109.01,109.40,109.72,108.48
110.00,109.37,110.32,109.36
109.38,109.06,109.54,108.94
109.92,109.70,110.03,109.50
109.94,110.05,110.25,109.62
109.90,109.84,110.17,109.42
109.41,109.80,109.90,109.20
110.39,110.35,110.60,110.13
110.25,109.88,110.33,109.79
109.47,109.55,109.97,109.26
110.00,109.18,110.00,109.08
109.11,108.82,109.56,108.47
109.05,108.89,109.21,108.81
109.10,108.08,109.19,107.39
107.87,107.33,108.08,107.11
107.42,106.86,107.63,106.71
106.89,106.79,107.51,106.69
108.41,109.15,109.17,108.21
109.01,109.62,109.99,108.73
108.77,110.98,111.33,108.50
111.59,111.37,112.13,110.48
111.00,111.41,111.51,110.69
111.78,111.70,112.05,111.29
112.04,112.57,112.60,111.76
112.37,112.41,112.53,112.14
112.53,112.98,113.04,112.35
113.05,112.77,113.12,112.67
113.12,113.62,113.63,112.87
113.88,113.95,114.04,113.44
113.72,114.11,114.12,113.49
114.35,114.55,114.55,114.21
114.32,113.89,114.41,113.80
113.90,114.05,114.35,113.68
114.47,113.78,114.55,113.78
114.03,113.31,114.03,113.07
113.34,113.31,113.67,113.15
113.90,114.10,114.37,113.77
114.34,114.68,114.71,114.02
114.63,116.10,116.19,114.51
116.18,116.52,116.85,115.97
116.77,117.15,117.15,116.62
117.12,116.85,117.35,116.59
117.30,117.53,117.79,117.13
117.48,116.47,117.73,116.23
116.56,116.95,117.53,116.50
117.27,116.77,117.38,116.59
116.96,117.10,117.32,116.80
116.88,116.87,116.93,116.60
116.87,116.54,116.92,116.54
116.42,116.24,116.51,115.98
116.23,116.42,116.42,116.13
116.57,116.71,116.99,116.50
116.88,115.74,116.93,115.66
115.74,115.75,116.03,115.47
116.00,115.32,116.00,114.96
116.15,116.20,116.55,115.49
116.47,117.09,117.19,116.42
116.95,116.86,117.09,116.40
117.02,117.23,117.52,116.64
117.10,116.78,117.14,116.74
116.76,116.87,117.36,116.62
116.91,117.24,117.24,116.49
117.04,116.93,117.04,116.01
116.99,117.22,117.40,116.98
